id_eliminado,id_conservado,confianza,titulo_eliminado,precio_uf_eliminado,precio_clp_eliminado,m2_util,direccion,url
1896971609,3989437254,ALTA,Casa Con Gran Potencial Y Amplio Terreno En Ñuñoa,15850.0,647389922,253,"Ñuñoa, Parque Juan XXIII",https://portalinmobiliario.com/MLC-1896971609-casa-con-gran-potencial-y-amplio-terreno-en-nunoa-_JM
3702262726,3989437254,ALTA,Casa Antigua En Excelente Barrio De Ñuñoa,15850.0,647389922,253,"Av. Presidente José Batlle Y Ordóñez 4209, Ñuñoa, Parque Juan XXIII, Ñuñoa",https://portalinmobiliario.com/MLC-3702262726-casa-antigua-en-excelente-barrio-de-nunoa-_JM
1984846723,3989437254,ALTA,"Casa En Venta En Batlle Y Ordoñez, Ñuñoa",15850.0,647389922,253,"Gran Casa En Venta En Batlle Y Ordoñez Con Augusto Villanueva, Parque Juan XXIII, Ñuñoa",https://portalinmobiliario.com/MLC-1984846723-casa-en-venta-en-batlle-y-ordonez-nunoa-_JM
1960119001,3828443580,ALTA,Casa En Venta De 5 Dorm. En Ñuñoa,19500.0,796473405,274,"Simón Bolívar, Ñuñoa",https://portalinmobiliario.com/MLC-1960119001-casa-en-venta-de-5-dorm-en-nunoa-_JM
3945304250,3828443580,ALTA,"Amplia Casa En Venta En Ñuñoa, Excelente Ubicación",19500.0,796473405,274,"JUAN FRANCISCO GONZALEZ, 600 - 900, Ñuñoa",https://portalinmobiliario.com/MLC-3945304250-amplia-casa-en-venta-en-nunoa-excelente-ubicacion-_JM
4058694938,3828443580,ALTA,Casa En Venta De 5 Dorm. 3 Baños En Ñuñoa,19500.0,796473405,274,"Barrio Parque Botánico, Ñuñoa",https://portalinmobiliario.com/MLC-4058694938-casa-en-venta-de-5-dorm-3-banos-en-nunoa-_JM
1848921821,4051120268,ALTA,Departamento En Venta En Macul,2290.0,,45,"Avenida Américo Vespucio 4451, Metro Las Torres, Macul",https://portalinmobiliario.com/MLC-1848921821-departamento-en-venta-en-macul-_JM
3749246766,4051120268,ALTA,"Venta Depto. 2d/2b, Estac. Y Bodega Metro Las Torres, Macul",,92000000.0,45,"Av. Américo Vespucio 4451, Macul, Metro Las Torres, Macul",https://portalinmobiliario.com/MLC-3749246766-venta-depto-2d2b-estac-y-bodega-metro-las-torres-macul-_JM
4222354070,4051120268,ALTA,Departamento Avenida Américo Vespucio Id: 56293,3200.0,,45,"Avenida Américo Vespucio, Metro Las Torres, Macul",https://portalinmobiliario.com/MLC-4222354070-departamento-avenida-americo-vespucio-id-56293-_JM
4161004490,4120772484,ALTA,Hermoso Departamento En Macul De 2d 2b + E + B $ 225.000,,450000.0,47,"Av. Américo Vespucio 4601, Macul, Metro Las Torres, Macul",https://portalinmobiliario.com/MLC-4161004490-hermoso-departamento-en-macul-de-2d-2b-e-b-225000-_JM
2059587463,4120772484,ALTA,Departamento Avenida Américo Vespucio Id: 175227,,450000.0,46,"Avenida Américo Vespucio, Metro Las Torres, Macul",https://portalinmobiliario.com/MLC-2059587463-departamento-avenida-americo-vespucio-id-175227-_JM
2061518581,4120772484,ALTA,Metro Las Torres 2d 2b Nuevo (estacionamiento).,,490000.0,46,"Av. Américo Vespucio 4455, Macul, Metro Las Torres, Macul",https://portalinmobiliario.com/MLC-2061518581-metro-las-torres-2d-2b-nuevo-estacionamiento-_JM
2003296947,4160890432,ALTA,Departamento En Arriendo De 2d 2b Est Y Bod En Macul,,580000.0,62,"Armando Moock 3777, Villa Macul, Macul",https://portalinmobiliario.com/MLC-2003296947-departamento-en-arriendo-de-2d-2b-est-y-bod-en-macul-_JM
4116387896,4160890432,ALTA,Departamento En Arriendo De 2 Dorm. En Macul,,520000.0,61,"Armando Moock / Luis Valenzuela Aris, Villa Macul, Macul",https://portalinmobiliario.com/MLC-4116387896-departamento-en-arriendo-de-2-dorm-en-macul-_JM
4239744448,4160890432,ALTA,Oferta Por 3 Meses!!!!! (165978),,520000.0,60,"Armando Moock, Villa Macul, Macul",https://portalinmobiliario.com/MLC-4239744448-oferta-por-3-meses-165978-_JM
4209022534,2055403725,ALTA,"Dos Dormitorios , A Pasos De Macul",,480000.0,52,"Luis Valenzuela Aris 3000 - 3300, Macul, Villa Macul, Macul",https://portalinmobiliario.com/MLC-4209022534-dos-dormitorios-a-pasos-de-macul-_JM
4230659774,2055403725,ALTA,"Oportunidad, Dpto A Pasos De Av. Macul 2h-2b-e-b",,540000.0,52,"Luis Valenzuela Aris 3268, Macul, Villa Macul, Macul",https://portalinmobiliario.com/MLC-4230659774-oportunidad-dpto-a-pasos-de-av-macul-2h-2b-e-b-_JM
4241427628,2055403725,ALTA,"Dos Dormitorios , Calle Luis Valenzuela",,480000.0,52,"Luis Valenzuela Aris 3000 - 3300, Macul, Villa Macul, Macul",https://portalinmobiliario.com/MLC-4241427628-dos-dormitorios-calle-luis-valenzuela-_JM
2062072381,4187142508,ALTA,Arriendo Moderno Y Cómodo Departamento Semi Amoblado Macul,,450000.0,40,"Los Plátanos 3001, Santiago, Macul, Las Dalias, Macul",https://portalinmobiliario.com/MLC-2062072381-arriendo-moderno-y-comodo-departamento-semi-amoblado-macul-_JM
4218753480,4187142508,ALTA,Departamento Amoblado Con Estacionamiento En Macul,,480000.0,40,"Los Plátanos, 3001, Las Dalias, Macul",https://portalinmobiliario.com/MLC-4218753480-departamento-amoblado-con-estacionamiento-en-macul-_JM
4159981936,4187142508,ALTA,Arriendo Moderno Departamento 1d+1b,,450000.0,40,"Los Plátanos 3001, Santiago, Macul, Las Dalias, Macul",https://portalinmobiliario.com/MLC-4159981936-arriendo-moderno-departamento-1d1b-_JM
2020096181,4225062898,ALTA,Arriendo Departamento 2d 2b 1e En Macul.,,535000.0,70,"Luis Valenzuela Aris 3220, Santiago, Macul, Villa Macul, Macul",https://portalinmobiliario.com/MLC-2020096181-arriendo-departamento-2d-2b-1e-en-macul-_JM
4170360546,4225062898,ALTA,Arriendo Lindo Departamento De 2d/2b En Macul,,540000.0,70,"MACUL/LUIS VALENZUELA ARIS, Villa Macul, Macul",https://portalinmobiliario.com/MLC-4170360546-arriendo-lindo-departamento-de-2d2b-en-macul-_JM
2082159981,4225062898,ALTA,"Dos Dormitorios Con Estacionamiento, Entrega Inmediata",,535000.0,70,"Luis Valenzuela Aris 3000 - 3300, Santiago, Macul, Villa Macul, Macul",https://portalinmobiliario.com/MLC-2082159981-dos-dormitorios-con-estacionamiento-entrega-inmediata-_JM
3927238500,1942669479,ALTA,Oportunidad Única Para Inversión Segura (161294),,210000000.0,69,"Cristina Beud 8400 - 8700, La Florida, Chile, Rojas Magallanes, La Florida",https://portalinmobiliario.com/MLC-3927238500-oportunidad-unica-para-inversion-segura-161294-_JM
4160978268,1942669479,ALTA,"Oportunidad De Inversión, Excelente, La Florida",,210000000.0,69,"Vicuña Mackenna Con Los Pioneros, Rojas Magallanes, La Florida",https://portalinmobiliario.com/MLC-4160978268-oportunidad-de-inversion-excelente-la-florida-_JM
4089217660,1942669479,ALTA,Casa En Venta De 3 Dorm. 1 Baño,,210000000.0,69,"Los Pioneros 30, Rojas Magallanes, La Florida",https://portalinmobiliario.com/MLC-4089217660-casa-en-venta-de-3-dorm-1-bano-_JM
4212554520,4155624476,ALTA,Casa En Venta De 3 Dorm. En La Florida,,140000000.0,85,"NEMECIO VICUÑA, La Florida",https://portalinmobiliario.com/MLC-4212554520-casa-en-venta-de-3-dorm-en-la-florida-_JM
4223648152,4155624476,ALTA,Casa En Venta De 3 Dorm. En La Florida,,140000000.0,85,"NEMECIO VICUÑA, La Florida",https://portalinmobiliario.com/MLC-4223648152-casa-en-venta-de-3-dorm-en-la-florida-_JM
4241419498,4155624476,ALTA,Casa En Venta De 3 Dorm. En La Florida,,140000000.0,85,"NEMECIO VICUÑA, La Florida",https://portalinmobiliario.com/MLC-4241419498-casa-en-venta-de-3-dorm-en-la-florida-_JM
4201750850,4014330292,ALTA,Una Gran Casa En La Florida. 4dormitorios. Sin Deuda,,135000000.0,150,"Los Changos 1023, La Florida, Rojas Magallanes, La Florida",https://portalinmobiliario.com/MLC-4201750850-una-gran-casa-en-la-florida-4dormitorios-sin-deuda-_JM
4191769826,4014330292,ALTA,Casa Familiar Con Patio Y Excelente Conectividad,3305.2,135000000.0,148,"Los Changos, C, Rojas Magallanes, La Florida",https://portalinmobiliario.com/MLC-4191769826-casa-familiar-con-patio-y-excelente-conectividad-_JM
4244619220,4014330292,ALTA,Casa Con Terreno Propio En Barrio Consolidado,,135000000.0,148,"Los Changos, C, Rojas Magallanes, La Florida",https://portalinmobiliario.com/MLC-4244619220-casa-con-terreno-propio-en-barrio-consolidado-_JM
4146251192,2931748836,ALTA,Edificio Vespucio Capital Vista Norte Piso 7,,353000.0,31,"Av. Vicuña Mackenna 7630, Vicente Valdés, La Florida",https://portalinmobiliario.com/MLC-4146251192-edificio-vespucio-capital-vista-norte-piso-7-_JM
2037562665,2931748836,ALTA,Edificio Vespucio Capital Vista Norte Piso 2,,349000.0,31,"Av. Vicuña Mackenna 7630, Vicente Valdés, La Florida",https://portalinmobiliario.com/MLC-2037562665-edificio-vespucio-capital-vista-norte-piso-2-_JM
2076418093,2931748836,ALTA,"Arriendo De Departamento En La Florida. 1 Dormitorio, 1 Baño",,353000.0,31,"Av. Vicuña Mackenna 7500 - 7800, La Florida, Vicente Valdés, La Florida",https://portalinmobiliario.com/MLC-2076418093-arriendo-de-departamento-en-la-florida-1-dormitorio-1-bano-_JM
4146273788,2013006933,ALTA,"2d+1b (805), La Cisterna *",,289000.0,47,"Briones Luco 0957 La Cisterna Santiago Chile, La Florida",https://portalinmobiliario.com/MLC-4146273788-2d1b-805-la-cisterna--_JM
4239784712,2013006933,ALTA,"1d+1b+1bod+1est (758), La Cisterna *",,370000.0,47,"Briones Luco 0957 La Cisterna Santiago Chile, La Florida",https://portalinmobiliario.com/MLC-4239784712-1d1b1bod1est-758-la-cisterna--_JM
4239785112,2013006933,ALTA,"1d+1b+1bod+1est (758), La Cisterna *",,370000.0,47,"Briones Luco 0957 La Cisterna Santiago Chile, La Florida",https://portalinmobiliario.com/MLC-4239785112-1d1b1bod1est-758-la-cisterna--_JM
2046360597,2046348229,ALTA,Departamento Froilán Lagos Sepúlveda Id: 174993,,308000.0,25,"Froilán Lagos Sepúlveda, Plaza Vespucio, La Florida",https://portalinmobiliario.com/MLC-2046360597-departamento-froilan-lagos-sepulveda-id-174993-_JM
2061517201,2046348229,ALTA,Departamento Froilán Lagos Sepúlveda Id: 175546,,150000.0,25,"Froilán Lagos Sepúlveda, Plaza Vespucio, La Florida",https://portalinmobiliario.com/MLC-2061517201-departamento-froilan-lagos-sepulveda-id-175546-_JM
2061554801,2046348229,ALTA,Departamento Froilán Lagos Sepúlveda Id: 175547,,150000.0,25,"Froilán Lagos Sepúlveda, Plaza Vespucio, La Florida",https://portalinmobiliario.com/MLC-2061554801-departamento-froilan-lagos-sepulveda-id-175547-_JM
4142643782,2037593005,ALTA,Edificio Lia Aguirre Vista Poniente Piso 18,,350000.0,36,"Lia Aguirre 155, Plaza Vespucio, La Florida",https://portalinmobiliario.com/MLC-4142643782-edificio-lia-aguirre-vista-poniente-piso-18-_JM
4201731114,2037593005,ALTA,Se Arrienda Dpto 1d1b Cercano A (m) Bellavista De La Florida,8.57,350000.0,36,"Lía Aguirre 155, La Florida, Chile, Plaza Vespucio, La Florida",https://portalinmobiliario.com/MLC-4201731114-se-arrienda-dpto-1d1b-cercano-a-m-bellavista-de-la-florida-_JM
4201743872,2037593005,ALTA,Se Arrienda Dpto 1d1b Cercano A (m) Bellavista De La Florida,,320000.0,36,"Lía Aguirre 155, La Florida, Chile, Plaza Vespucio, La Florida",https://portalinmobiliario.com/MLC-4201743872-se-arrienda-dpto-1d1b-cercano-a-m-bellavista-de-la-florida-_JM
4182739892,2009494493,ALTA,Depto Nuevo A Estrenar 1d1b Con Estacionamiento - La Florida,,215000.0,37,"METRO VICENTE VALDES // 1 Dor 1 Baño Con Estacionamiento, Vicente Valdés, La Florida",https://portalinmobiliario.com/MLC-4182739892-depto-nuevo-a-estrenar-1d1b-con-estacionamiento-la-florida-_JM
2091975895,2009494493,ALTA,Dpto En Arriendo De 1 Dorm. 1 Baño 1est. 1bod En La Florida,,215000.0,37,"Cercano Metro Vicente Valdes 1dormitorio 1baño 1 Estacionamiento, Vicente Valdés, La Florida",https://portalinmobiliario.com/MLC-2091975895-dpto-en-arriendo-de-1-dorm-1-bano-1est-1bod-en-la-florida-_JM
4234028224,2009494493,ALTA,Dpto 1 D + 1 Estacionamiento Vicente Valdes (176835),,440000.0,37,"Gerónimo De Alderete, Vicente Valdés, La Florida",https://portalinmobiliario.com/MLC-4234028224-dpto-1-d-1-estacionamiento-vicente-valdes-176835-_JM
4201741518,4209026478,ALTA,Arriendo Depto 1d1b Amoblado Vicuña Mackenna 6689 La Florida,,429000.0,35,"Vicuña Mackenna Poniente 6689, Plaza Vespucio, La Florida",https://portalinmobiliario.com/MLC-4201741518-arriendo-depto-1d1b-amoblado-vicuna-mackenna-6689-la-florida-_JM
2082078323,4209026478,ALTA,Se Arrienda Dpto 1d1b Amoblado Cercano A (m) Mirador,,429000.0,35,"Avenida Vicuña Mackenna Poniente 6689, La Florida, Chile, Plaza Vespucio, La Florida",https://portalinmobiliario.com/MLC-2082078323-se-arrienda-dpto-1d1b-amoblado-cercano-a-m-mirador-_JM
2082157835,4209026478,ALTA,Se Arrienda Dpto 1d1b Amoblado Cercano A (m) Mirador,,429000.0,35,"Avenida Vicuña Mackenna Poniente 6689, La Florida, Chile, Plaza Vespucio, La Florida",https://portalinmobiliario.com/MLC-2082157835-se-arrienda-dpto-1d1b-amoblado-cercano-a-m-mirador-_JM
2030452771,4208892580,ALTA,Garantia 2 Cuotas | Amoblado | +3 Meses (161444),,380000.0,36,"Millaray, Metro Mirador, La Florida",https://portalinmobiliario.com/MLC-2030452771-garantia-2-cuotas-amoblado-3-meses-161444-_JM
4130761150,4208892580,ALTA,Cerca Al Mall | Semi-nuevo | Petfriendly (161439),,355000.0,36,"Millaray, Metro Mirador, La Florida",https://portalinmobiliario.com/MLC-4130761150-cerca-al-mall-semi-nuevo-petfriendly-161439-_JM
4246173082,4208892580,ALTA,Depto 1d1b Moderno Con Amenities Y Conectividad,,380000.0,34,"Mirador Azul, 6333, Metro Mirador, La Florida",https://portalinmobiliario.com/MLC-4246173082-depto-1d1b-moderno-con-amenities-y-conectividad-_JM
4089199384,4089237868,ALTA,"Inglaterra 59 - Departamento 2d1b, La Florida",,378672.0,48,"Inglaterra 59, Metro Mirador, La Florida",https://portalinmobiliario.com/MLC-4089199384-inglaterra-59-departamento-2d1b-la-florida-_JM
2037762887,4089237868,ALTA,"Inglaterra 59 - Departamento 2d1b, La Florida",,390599.0,48,"Inglaterra 59, Metro Mirador, La Florida",https://portalinmobiliario.com/MLC-2037762887-inglaterra-59-departamento-2d1b-la-florida-_JM
2042161533,4089237868,ALTA,"Inglaterra 59 - Departamento 2d1b, La Florida",,390599.0,48,"Inglaterra 59, Metro Mirador, La Florida",https://portalinmobiliario.com/MLC-2042161533-inglaterra-59-departamento-2d1b-la-florida-_JM
4202056618,4201740902,ALTA,Departamento Froilán Roa Id: 169479,,250000.0,54,"Froilán Roa, Metro Mirador, La Florida",https://portalinmobiliario.com/MLC-4202056618-departamento-froilan-roa-id-169479-_JM
2011905185,4201740902,ALTA,"Nuevo Vista Despejada C/bodega- Oferta 1er Mes 250, Luego...",,500000.0,54,"Froilán Roa 6300 - 6600, La Florida, Metro Mirador, La Florida",https://portalinmobiliario.com/MLC-2011905185-nuevo-vista-despejada-cbodega-oferta-1er-mes-250-luego-_JM
4139255780,4201740902,ALTA,Departamento Froilán Roa Id: 169483,,250000.0,54,"Froilán Roa, Metro Mirador, La Florida",https://portalinmobiliario.com/MLC-4139255780-departamento-froilan-roa-id-169483-_JM
4212660752,2092196793,ALTA,Gran Y Nuevo Departamento Con Estacionamiento,,550000.0,57,"Gerónimo De Alderete, 1800, La Florida Alto, La Florida",https://portalinmobiliario.com/MLC-4212660752-gran-y-nuevo-departamento-con-estacionamiento-_JM
4234125340,2092196793,ALTA,Gran Y Nuevo Departamento Perfectamente Conectado,,550000.0,57,"Gerónimo De Alderete 1500 - 1800, La Florida, La Florida Alto, La Florida",https://portalinmobiliario.com/MLC-4234125340-gran-y-nuevo-departamento-perfectamente-conectado-_JM
4235158948,2092196793,ALTA,"Moderno Edificio, Dpto 2d+2b+1e+1b G.de Alderete/av.la F",,550000.0,56,"Gerónimo De Alderete 1800, La Florida, La Florida Alto, La Florida",https://portalinmobiliario.com/MLC-4235158948-moderno-edificio-dpto-2d2b1e1b-gde-aldereteavla-f-_JM
4021085658,4112475224,ALTA,Casa En Venta En Ñuñoa,10527.66,430000000.0,214,"Carmen Covarrubias 117, Santiago, Ñuñoa, Metro Monseñor Eyzaguirre, Ñuñoa",https://portalinmobiliario.com/MLC-4021085658-casa-en-venta-en-nunoa-_JM
1974265011,4112475224,ALTA,"Casa 5 Dormit. Carmen Covarrubias, Metro M. Eyzaguirre Ñuñoa",10527.66,430000000.0,214,"Metro Monseñor Eyzaguirre (Irarrazaval - Manuel Montt), Metro Monseñor Eyzaguirre, Ñuñoa",https://portalinmobiliario.com/MLC-1974265011-casa-5-dormit-carmen-covarrubias-metro-m-eyzaguirre-nunoa-_JM
2053521647,4112475224,ALTA,"Casa 5d-4b, Recien Pintada, En Venta En Ñuñoa",10527.66,430000000.0,214,"Carmen Covarrubias, 100, Metro Monseñor Eyzaguirre, Ñuñoa",https://portalinmobiliario.com/MLC-2053521647-casa-5d-4b-recien-pintada-en-venta-en-nunoa-_JM
1931542771,1870205675,ALTA,Mc Vive La Comodidad Y Conectividad En Ñuñoa,4990.0,203815502,61,"Emilio Vaisse 600 - 900, Ñuñoa, Metro Irarrázaval, Ñuñoa",https://portalinmobiliario.com/MLC-1931542771-mc-vive-la-comodidad-y-conectividad-en-nunoa-_JM
3892124050,1870205675,ALTA,"Departamento En Venta 2d 2b, Metro Irarrazaval. Ñuñoa",4990.0,203815502,61,"Avenida Irarrazaval, Metro Irarrázaval, Ñuñoa",https://portalinmobiliario.com/MLC-3892124050-departamento-en-venta-2d-2b-metro-irarrazaval-nunoa-_JM
4027766228,1870205675,ALTA,"Ñuñoa, Barrio Italia, Semi Nuevo",4990.0,203815502,61,"Emilio Vaisse 600 - 900, Ñuñoa, Metro Irarrázaval, Ñuñoa",https://portalinmobiliario.com/MLC-4027766228-nunoa-barrio-italia-semi-nuevo-_JM
2059439157,2053132865,ALTA,Departamento 2d/2b / Nuevo,5809.0,237267385,57,"Plaza Egaña, Ñuñoa",https://portalinmobiliario.com/MLC-2059439157-departamento-2d2b-nuevo-_JM
4217835234,2053132865,ALTA,Departamento 2d/2b Con Patio / Nuevo,6797.0,277622038,57,"Plaza Egaña, Ñuñoa",https://portalinmobiliario.com/MLC-4217835234-departamento-2d2b-con-patio-nuevo-_JM
4217920718,2053132865,ALTA,Departamento 2d/2b Con Patio / Nuevo,6797.0,277622038,57,"Plaza Egaña, Ñuñoa",https://portalinmobiliario.com/MLC-4217920718-departamento-2d2b-con-patio-nuevo-_JM
4155489192,4134715292,ALTA,Departamento Til Til Id: 146133,11.75,480000.0,32,"Til Til, Estadio Nacional, Ñuñoa",https://portalinmobiliario.com/MLC-4155489192-departamento-til-til-id-146133-_JM
4212615956,4134715292,ALTA,Departamento Til Til Id: 131751,9.18,375000.0,32,"Til Til, Estadio Nacional, Ñuñoa",https://portalinmobiliario.com/MLC-4212615956-departamento-til-til-id-131751-_JM
4228880408,4134715292,ALTA,Departamento Til Til Id: 132910,9.18,375000.0,32,"Til Til, Estadio Nacional, Ñuñoa",https://portalinmobiliario.com/MLC-4228880408-departamento-til-til-id-132910-_JM
4162522476,2041112355,ALTA,Metro Villa Frei Y Metro Egañas,14.69,600000.0,30,"Coventry 47, Ñuñoa, Ñuñoa",https://portalinmobiliario.com/MLC-4162522476-metro-villa-frei-y-metro-eganas-_JM
4225053712,2041112355,ALTA,Metro Villa Frei,14.69,600000.0,30,"Coventry 47, Ñuñoa, Ñuñoa",https://portalinmobiliario.com/MLC-4225053712-metro-villa-frei-_JM
4230688838,2041112355,ALTA,Depto Amoblado 1dorm C/estacionamiento Ñuñoa,15.91,650000.0,30,"Coventry 47, Ñuñoa, Ñuñoa",https://portalinmobiliario.com/MLC-4230688838-depto-amoblado-1dorm-cestacionamiento-nunoa-_JM
2018356315,4225847128,ALTA,Departamento En Arriendo De 1 Dorm. En Ñuñoa,10.53,430000.0,36,"Til Til / Rodrigo De Araya / Ñuñoa, Estadio Nacional, Ñuñoa",https://portalinmobiliario.com/MLC-2018356315-departamento-en-arriendo-de-1-dorm-en-nunoa-_JM
2055383903,4225847128,ALTA,Departamento Til Til Id: 140811,9.18,375000.0,36,"Til Til, Estadio Nacional, Ñuñoa",https://portalinmobiliario.com/MLC-2055383903-departamento-til-til-id-140811-_JM
4191871118,4225847128,ALTA,Departamento Til Til Id: 175712,10.53,430000.0,34,"Til Til, Estadio Nacional, Ñuñoa",https://portalinmobiliario.com/MLC-4191871118-departamento-til-til-id-175712-_JM
4228884074,4229046310,ALTA,Zañartu 980 Depto 1 Dorm Terraza Piso 4,9.55,390000.0,37,"Zañartu 980, Ñuñoa, Estadio Nacional, Ñuñoa",https://portalinmobiliario.com/MLC-4228884074-zanartu-980-depto-1-dorm-terraza-piso-4-_JM
4229045308,4229046310,ALTA,Zañartu 980 Depto 1 Dorm Terraza Piso 4,9.55,390000.0,37,"Zañartu 980, Ñuñoa, Estadio Nacional, Ñuñoa",https://portalinmobiliario.com/MLC-4229045308-zanartu-980-depto-1-dorm-terraza-piso-4-_JM
4229045314,4229046310,ALTA,Zañartu 980 Depto 1 Dorm Con Terraza Piso 4,9.55,390000.0,37,"Zañartu 980, Ñuñoa, Estadio Nacional, Ñuñoa",https://portalinmobiliario.com/MLC-4229045314-zanartu-980-depto-1-dorm-con-terraza-piso-4-_JM
2037487513,2066640721,ALTA,Edificio Guillermo Mann Vista Norte Piso 3,9.94,406000.0,33,"Av. Vicuña Mackenna 2362, Estadio Nacional, Ñuñoa",https://portalinmobiliario.com/MLC-2037487513-edificio-guillermo-mann-vista-norte-piso-3-_JM
4201738128,2066640721,ALTA,Edificio Guillermo Mann Vista Norte Piso 3,9.82,401000.0,33,"Av. Vicuña Mackenna 2362, Estadio Nacional, Ñuñoa",https://portalinmobiliario.com/MLC-4201738128-edificio-guillermo-mann-vista-norte-piso-3-_JM
2037487517,2066640721,ALTA,Edificio Guillermo Mann Vista Norte Piso 3,9.89,404000.0,33,"Av. Vicuña Mackenna 2362, Estadio Nacional, Ñuñoa",https://portalinmobiliario.com/MLC-2037487517-edificio-guillermo-mann-vista-norte-piso-3-_JM
4229046400,2081857323,ALTA,Zañartu 1315 Depto 1 Dorm Con Terraza Piso 15,9.7,396100.0,35,"Zañartu 1315, Ñuñoa, Estadio Nacional, Ñuñoa",https://portalinmobiliario.com/MLC-4229046400-zanartu-1315-depto-1-dorm-con-terraza-piso-15-_JM
4228883784,2081857323,ALTA,Zañartu 1315 Depto 1 Dorm Piso 15 Con Terraza,9.7,396100.0,36,"Zañartu 1315, Ñuñoa, Estadio Nacional, Ñuñoa",https://portalinmobiliario.com/MLC-4228883784-zanartu-1315-depto-1-dorm-piso-15-con-terraza-_JM
2081856921,2081857323,ALTA,Zañartu 1315 Depto 1 Dorm Con Terraza Piso 15,9.7,396100.0,35,"Zañartu 1315, Ñuñoa, Estadio Nacional, Ñuñoa",https://portalinmobiliario.com/MLC-2081856921-zanartu-1315-depto-1-dorm-con-terraza-piso-15-_JM
4128150464,4128150462,ALTA,Depto Amoblado Mall Plaza Egaña - Valor Incluye Ggcc,33.05,1350000.0,75,"Pl. Egaña, Ñuñoa, Plaza Egaña, Ñuñoa",https://portalinmobiliario.com/MLC-4128150464-depto-amoblado-mall-plaza-egana-valor-incluye-ggcc-_JM
4128488496,4128150462,ALTA,Depto Amoblado Mall Plaza Egaña - Valor Incluye Ggcc,24.48,1000000.0,75,"Pl. Egaña, Ñuñoa, Plaza Egaña, Ñuñoa",https://portalinmobiliario.com/MLC-4128488496-depto-amoblado-mall-plaza-egana-valor-incluye-ggcc-_JM
4128488498,4128150462,ALTA,Depto Amoblado Mall Plaza Egaña - Valor Incluye Ggcc,33.05,1350000.0,75,"Pl. Egaña, Ñuñoa, Plaza Egaña, Ñuñoa",https://portalinmobiliario.com/MLC-4128488498-depto-amoblado-mall-plaza-egana-valor-incluye-ggcc-_JM
4225851716,4155691408,ALTA,Barrio Italia: Dpto 96m2 | Terraza 21m2 | Semiamoblado | E+b,29.0,1184499,75,"Julio Prado 1810, Ñuñoa, Metro Monseñor Eyzaguirre, Ñuñoa",https://portalinmobiliario.com/MLC-4225851716-barrio-italia-dpto-96m2-terraza-21m2-semiamoblado-eb-_JM
2027353111,4155691408,ALTA,J. Prado / Rengo / Semi Amoblad / 21 Mts2 Terraza / 1 º Piso,29.0,1184499,75,"Julio Prado 1800 - 2100, Ñuñoa, Metro Monseñor Eyzaguirre, Ñuñoa",https://portalinmobiliario.com/MLC-2027353111-j-prado-rengo-semi-amoblad-21-mts2-terraza-1-piso-_JM
4196462598,4155691408,ALTA,Dos Dormitorios Amoblado Con Estacionamiento Y B0dega,29.0,1184499,75,"Julio Prado 1800 - 2100, Ñuñoa, Metro Monseñor Eyzaguirre, Ñuñoa",https://portalinmobiliario.com/MLC-4196462598-dos-dormitorios-amoblado-con-estacionamiento-y-b0dega-_JM
2074075111,4188420418,ALTA,"Depto Nuevo 2d1b - Guillermo Mann, Ñuñoa",11.02,450000.0,42,"DEPTO NUEVO 2D1B  - GUILLERMO MANN, ÑUÑOA, Estadio Nacional, Ñuñoa",https://portalinmobiliario.com/MLC-2074075111-depto-nuevo-2d1b-guillermo-mann-nunoa-_JM
4105679564,4188420418,ALTA,Arriendo Depto Con Balcón 2d1b Guillermo Mann 1401 Ñuñoa,11.02,450000.0,41,"Guillermo Mann 1401, Estadio Nacional, Ñuñoa",https://portalinmobiliario.com/MLC-4105679564-arriendo-depto-con-balcon-2d1b-guillermo-mann-1401-nunoa-_JM
4143488986,4188420418,ALTA,Arriendo Depto Con Balcón 2d1b Guillermo Mann 1401 Ñuñoa,11.02,450000.0,41,"Guillermo Mann 1401, Estadio Nacional, Ñuñoa",https://portalinmobiliario.com/MLC-4143488986-arriendo-depto-con-balcon-2d1b-guillermo-mann-1401-nunoa-_JM
2031492661,4116740154,ALTA,San Eugenio / Av Sur / Estacionami /  2 D - 1 B / Remodelado,15.91,650000.0,46,"San Eugenio 900 - 1200, Ñuñoa, Parque San Eugenio - Metro Ñuble, Ñuñoa",https://portalinmobiliario.com/MLC-2031492661-san-eugenio-av-sur-estacionami-2-d-1-b-remodelado-_JM
4138305164,4116740154,ALTA,Metro Ñuble 2d1b1e Disponible,15.91,650000.0,46,"San Eugenio 900 - 1200, Ñuñoa, Parque San Eugenio - Metro Ñuble, Ñuñoa",https://portalinmobiliario.com/MLC-4138305164-metro-nuble-2d1b1e-disponible-_JM
4212554648,4116740154,ALTA,"Depto Remodelado 2d+1b+1e Ñuñoa, Vista Despejada",15.91,650000.0,46,"San Eugenio 900 - 1200, Ñuñoa, Parque San Eugenio - Metro Ñuble, Ñuñoa",https://portalinmobiliario.com/MLC-4212554648-depto-remodelado-2d1b1e-nunoa-vista-despejada-_JM
4105694034,2016684447,ALTA,Impecable Y Espacioso Depto. Metr Los Orientales,18.24,745000.0,70,"Pedro Rico 5400 - 5700, Ñuñoa, Diagonal Oriente, Ñuñoa",https://portalinmobiliario.com/MLC-4105694034-impecable-y-espacioso-depto-metr-los-orientales-_JM
2068836455,2016684447,ALTA,Ñuñoa 2hb 2b Comodo Y Amplio,18.24,745000.0,70,"Pedro Rico 5440, Ñuñoa, Región Metropolitana De Santiago 7750000, Chile, Diagonal Oriente, Ñuñoa",https://portalinmobiliario.com/MLC-2068836455-nunoa-2hb-2b-comodo-y-amplio-_JM
2050888785,2016684447,ALTA,Vive En Ñuñoa | Depto 2d 2b A Pasos Del Metro,18.24,745000.0,68,"Pedro Rico 5400 - 5700, Ñuñoa, Diagonal Oriente, Ñuñoa",https://portalinmobiliario.com/MLC-2050888785-vive-en-nunoa-depto-2d-2b-a-pasos-del-metro-_JM
4160986804,2042155891,ALTA,Arriendo 2 Dormitorios Con Estacionamiento Ñuñoa,14.69,600000.0,57,"SECTOR ESTADIO NACIONAL, Estadio Nacional, Ñuñoa",https://portalinmobiliario.com/MLC-4160986804-arriendo-2-dormitorios-con-estacionamiento-nunoa-_JM
4168122364,2042155891,ALTA,Dpto 2 Dorm Amplios Y 2 Baños Con Estac+bod,14.69,600000.0,56,"Zañartu 1905, Ñuñoa, Estadio Nacional, Ñuñoa",https://portalinmobiliario.com/MLC-4168122364-dpto-2-dorm-amplios-y-2-banos-con-estacbod-_JM
4230654276,2042155891,ALTA,Av Rodrigo De Araya Con Av. Marathon,14.69,600000.0,56,"Zañartu, Estadio Nacional, Ñuñoa",https://portalinmobiliario.com/MLC-4230654276-av-rodrigo-de-araya-con-av-marathon-_JM
4188214230,4188214226,ALTA,Amoblado Departamento. Arriendo De 1d-1b. En Ñuñoa,22.03,900000.0,4,"Los Alerces 3254, Ñuñoa, Estadio Nacional, Ñuñoa",https://portalinmobiliario.com/MLC-4188214230-amoblado-departamento-arriendo-de-1d-1b-en-nunoa-_JM
4188278132,4188214226,ALTA,Departamento Amoblado En Arriendo De 1 Dorm. En Ñuñoa,22.03,900000.0,4,"Los Alerces 3254, Ñuñoa., Estadio Nacional, Ñuñoa",https://portalinmobiliario.com/MLC-4188278132-departamento-amoblado-en-arriendo-de-1-dorm-en-nunoa-_JM
4188420662,4188214226,ALTA,Amoblado Departamento En Arriendo De 1d-1b. En Ñuñoa,22.03,900000.0,4,"Los Alerces 3254, Ñuñoa, Estadio Nacional, Ñuñoa",https://portalinmobiliario.com/MLC-4188420662-amoblado-departamento-en-arriendo-de-1d-1b-en-nunoa-_JM
4218351394,4051074202,ALTA,Carmen Mena. Gran Avenida Metro Departamental (171831),2570.0,104971110,37,"Carmen Mena 600 - 900, San Miguel, Chile, Ciudad Del Niño, San Miguel",https://portalinmobiliario.com/MLC-4218351394-carmen-mena-gran-avenida-metro-departamental-171831-_JM
4218351398,4051074202,ALTA,Moderno Dpto. Metro Departamental (171828),2570.0,104971110,37,"Carmen Mena 600 - 900, San Miguel, Chile, Ciudad Del Niño, San Miguel",https://portalinmobiliario.com/MLC-4218351398-moderno-dpto-metro-departamental-171828-_JM
4219656780,4051074202,ALTA,Departamento En Venta Con Arrendatario Vigente San Miguel,2570.0,104971110,37,"Carmen Mena / Gran Avenida, Ciudad Del Niño, San Miguel",https://portalinmobiliario.com/MLC-4219656780-departamento-en-venta-con-arrendatario-vigente-san-miguel-_JM
3779413232,3551645144,ALTA,Departamento En Venta En San Miguel,2250.0,91900778,35,"LINDO DPTO 1D1B CON ESTACIONAMIENTO Y BODEGA, Lo Vial, San Miguel",https://portalinmobiliario.com/MLC-3779413232-departamento-en-venta-en-san-miguel-_JM
3779388484,3551645144,ALTA,Depto En Venta 1 Dorm. + Estacionamiento En San Miguel,2300.0,93943017,35,"BERLIN 927 DPTO 905, Lo Vial, San Miguel",https://portalinmobiliario.com/MLC-3779388484-depto-en-venta-1-dorm-estacionamiento-en-san-miguel-_JM
2068807999,3551645144,ALTA,Venta Dpto 1 Dorm 1 Baño 1e / Metro Lo Vial Y San Miguel,2250.0,91900778,36,"Berlín 900 - 1200, San Miguel, Lo Vial, San Miguel",https://portalinmobiliario.com/MLC-2068807999-venta-dpto-1-dorm-1-bano-1e-metro-lo-vial-y-san-miguel-_JM
3816305630,4211492266,ALTA,Departamento Lazo Id: 99062,3200.0,130703328,32,"Lazo, Lo Vial, San Miguel",https://portalinmobiliario.com/MLC-3816305630-departamento-lazo-id-99062-_JM
4064398980,4211492266,ALTA,Departamento Lazo Id: 99061,3100.0,126618849,32,"Lazo, Lo Vial, San Miguel",https://portalinmobiliario.com/MLC-4064398980-departamento-lazo-id-99061-_JM
4170360326,4211492266,ALTA,Se Vende Precioso Departamento En San Miguel,3500.0,142956765,32,"Avenida Lazo, Lo Vial, San Miguel",https://portalinmobiliario.com/MLC-4170360326-se-vende-precioso-departamento-en-san-miguel-_JM
2009505621,3559926536,ALTA,Departamento Alcalde Pedro Alarcón Id: 173700,3750.0,153167962,70,"Alcalde Pedro Alarcón, El Llano, San Miguel",https://portalinmobiliario.com/MLC-2009505621-departamento-alcalde-pedro-alarcon-id-173700-_JM
4206499462,3559926536,ALTA,"Departamento En Venta , Alcalde Pedro Alarcon Metro El Llano",3917.27,160000000.0,70,"VENTA DEPARTAMENTO SAN MIGUEL METRO EL LLANO, El Llano, San Miguel",https://portalinmobiliario.com/MLC-4206499462-departamento-en-venta-alcalde-pedro-alarcon-metro-el-llano-_JM
4210791212,3559926536,ALTA,Depto Venta Metro El Llano,3750.0,153167962,70,"DEPTO VENTA METRO EL LLANO, El Llano, San Miguel",https://portalinmobiliario.com/MLC-4210791212-depto-venta-metro-el-llano-_JM
4027764188,4014385892,ALTA,Departamento En Venta De 2 Dorm. En San Miguel,3350.0,136830046,57,"¡OPORTUNIDAD!, Ciudad Del Niño, San Miguel",https://portalinmobiliario.com/MLC-4027764188-departamento-en-venta-de-2-dorm-en-san-miguel-_JM
4176383606,4014385892,ALTA,"Dpto 2d/2b, Estac Y Bod. San Miguel (86097)",3300.0,134787807,57,"Novena Avenida, Ciudad Del Niño, San Miguel",https://portalinmobiliario.com/MLC-4176383606-dpto-2d2b-estac-y-bod-san-miguel-86097-_JM
4213380168,4014385892,ALTA,"Rebajado, Depto 2d/2b,  San Miguel (112561)",3350.0,136830046,57,"Novena Avenida, Ciudad Del Niño, San Miguel",https://portalinmobiliario.com/MLC-4213380168-rebajado-depto-2d2b-san-miguel-112561-_JM
4064405178,4064369754,ALTA,"Precioso Dpto 3d,1b, A Pasos De M, Servicios Y Comercios.",1890.0,77196653,47,"San Petersburgo 6300 - 6600, San Miguel, Ciudad Del Niño, San Miguel",https://portalinmobiliario.com/MLC-4064405178-precioso-dpto-3d1b-a-pasos-de-m-servicios-y-comercios-_JM
4073480644,4064369754,ALTA,Oportunidad En San Miguel- 3d/1b/1e/1b,2750.0,112323172,45,"San Petersburgo, 6300 - 6600, Ciudad Del Niño, San Miguel",https://portalinmobiliario.com/MLC-4073480644-oportunidad-en-san-miguel-3d1b1e1b-_JM
2035098745,4064369754,ALTA,Departamento En Venta De 3 Dorm. En San Miguel,1890.0,77196653,47,"San Petersburgo 6351, Ciudad Del Niño, San Miguel",https://portalinmobiliario.com/MLC-2035098745-departamento-en-venta-de-3-dorm-en-san-miguel-_JM
2037610173,2037597525,ALTA,Edificio Av. Sta. Rosa Vista Oriente Piso 18,1790.0,73112174,42,"Av. Sta. Rosa 5741, Ciudad Del Niño, San Miguel",https://portalinmobiliario.com/MLC-2037610173-edificio-av-sta-rosa-vista-oriente-piso-18-_JM
4230801252,2037597525,ALTA,Moderno 2d1b Con Terraza En San Miguel,1743.0,71192469,42,"Av. Sta. Rosa, 5741, Ciudad Del Niño, San Miguel",https://portalinmobiliario.com/MLC-4230801252-moderno-2d1b-con-terraza-en-san-miguel-_JM
4230801254,2037597525,ALTA,Moderno 2d1b Con Terraza En San Miguel,1790.0,73112174,42,"Avenida Santa Rosa, 5741, Ciudad Del Niño, San Miguel",https://portalinmobiliario.com/MLC-4230801254-moderno-2d1b-con-terraza-en-san-miguel-_JM
2059596309,2059585861,ALTA,Departamento En Venta De 2 Dorm. En San Miguel,2510.0,102520423,42,"Salesianos/ San Ignacio, Lo Vial, San Miguel",https://portalinmobiliario.com/MLC-2059596309-departamento-en-venta-de-2-dorm-en-san-miguel-_JM
2072644721,2059585861,ALTA,"Liquidamos_dpto 2d 1b Salesianos 1400, Dpto. 44, San Miguel",2510.0,102520423,42,"Av. Salesianos 1400, San Miguel, Lo Vial, San Miguel",https://portalinmobiliario.com/MLC-2072644721-liquidamosdpto-2d-1b-salesianos-1400-dpto-44-san-miguel-_JM
2072644849,2059585861,ALTA,"Liquidamos_dpto 2d 1b Salesianos 1400, Dpto.27, San Miguel",2342.0,95658498,42,"Av. Salesianos 1400, San Miguel, Lo Vial, San Miguel",https://portalinmobiliario.com/MLC-2072644849-liquidamosdpto-2d-1b-salesianos-1400-dpto27-san-miguel-_JM
4134090758,4116852220,ALTA,Departamento San Petersburgo Id: 167885,5.83,238000.0,50,"San Petersburgo, Ciudad Del Niño, San Miguel",https://portalinmobiliario.com/MLC-4134090758-departamento-san-petersburgo-id-167885-_JM
2087351495,4116852220,ALTA,Departamento San Petersburgo Id: 167917,5.83,238000.0,50,"San Petersburgo, Ciudad Del Niño, San Miguel",https://portalinmobiliario.com/MLC-2087351495-departamento-san-petersburgo-id-167917-_JM
4239748582,4116852220,ALTA,Departamento San Petersburgo Id: 167935,5.83,238000.0,48,"San Petersburgo, Ciudad Del Niño, San Miguel",https://portalinmobiliario.com/MLC-4239748582-departamento-san-petersburgo-id-167935-_JM
2074078759,4179308638,ALTA,Depto 1d Y Sala De Estar Vista Oriente,6.86,280000.0,30,"Curiñanca, 715, El Llano, San Miguel",https://portalinmobiliario.com/MLC-2074078759-depto-1d-y-sala-de-estar-vista-oriente-_JM
4235673192,4179308638,ALTA,Arriendo Dep 1d 1 B San Miguel Avenidacuriñanca 715,6.86,280000.0,28,"Curiñanca, 715, El Llano, San Miguel",https://portalinmobiliario.com/MLC-4235673192-arriendo-dep-1d-1-b-san-miguel-avenidacurinanca-715-_JM
4235673212,4179308638,ALTA,Arriendo Departamento San Miguel 1d 1b,6.86,280000.0,28,"Curiñanca, 715, El Llano, San Miguel",https://portalinmobiliario.com/MLC-4235673212-arriendo-departamento-san-miguel-1d-1b-_JM
4173034238,4172999870,ALTA,En Arriendo Depto. Calle Alvarez De Toledo- Metro San Miguel,7.1,290000.0,40,"Álvarez De Toledo 600 - 900, San Miguel, El Llano, San Miguel",https://portalinmobiliario.com/MLC-4173034238-en-arriendo-depto-calle-alvarez-de-toledo-metro-san-miguel-_JM
4138306776,4172999870,ALTA,"(adm) Depto 1d1b, En San Miguel",6.24,255000.0,40,"Álvarez De Toledo 830, El Llano, San Miguel",https://portalinmobiliario.com/MLC-4138306776-adm-depto-1d1b-en-san-miguel-_JM
2059395017,4172999870,ALTA,"(adm) Depto 1d1b, En San Miguel",6.24,255000.0,40,"Álvarez De Toledo 830, El Llano, San Miguel",https://portalinmobiliario.com/MLC-2059395017-adm-depto-1d1b-en-san-miguel-_JM
1967127597,1845302169,ALTA,"Casa En Ñuñoa, Se Liquida",9548.34,390000000.0,161,"IRARRAZABAL / MANUEL MONTT, Metro Monseñor Eyzaguirre, Ñuñoa",https://portalinmobiliario.com/MLC-1967127597-casa-en-nunoa-se-liquida-_JM
3915742502,1845302169,ALTA,Casa En Venta De 6d- 4b En Ñuñoa A Pasos Del Metro,9548.34,390000000.0,161,"Antonio Varas Con Irarrázabal, Metro Monseñor Eyzaguirre, Ñuñoa",https://portalinmobiliario.com/MLC-3915742502-casa-en-venta-de-6d-4b-en-nunoa-a-pasos-del-metro-_JM
4191862416,4164846910,ALTA,Casa En Venta De 5 Dorm. En Ñuñoa,9600.0,392109984,256,"Suarez Mujica/ José Domingo Cañas, Estadio Nacional, Ñuñoa",https://portalinmobiliario.com/MLC-4191862416-casa-en-venta-de-5-dorm-en-nunoa-_JM
4198198968,4164846910,ALTA,M. Eyzaguirre - Jose Domingo Cañas - 2 Cuadras Del Metro,9600.0,392109984,256,"M. EYZAGUIRRE - JOSE DOMINGO CAÑAS - 2 CUADRAS DEL METRO, Estadio Nacional, Ñuñoa",https://portalinmobiliario.com/MLC-4198198968-m-eyzaguirre-jose-domingo-canas-2-cuadras-del-metro-_JM
4100160030,1957382377,ALTA,Casa En Venta De 3 Dorm. En Ñuñoa,12000.0,490137480,170,"PEDRO AGUIRRE CERDA 620, Estadio Nacional, Ñuñoa",https://portalinmobiliario.com/MLC-4100160030-casa-en-venta-de-3-dorm-en-nunoa-_JM
4210790838,1957382377,ALTA,Casa Amplia Y Con Gran Patio En Barrio Suarez Mujica,12000.0,490137480,170,"Estadio Nacional, Ñuñoa",https://portalinmobiliario.com/MLC-4210790838-casa-amplia-y-con-gran-patio-en-barrio-suarez-mujica-_JM
3896724204,3679170150,ALTA,Linda Casa Vendo Bien Ubicada,12900.0,526897791,290,"Alcalde Jorge Monckeberg 302, Ñuñoa, Villa Frei, Ñuñoa",https://portalinmobiliario.com/MLC-3896724204-linda-casa-vendo-bien-ubicada-_JM
4120941546,3679170150,ALTA,Linda Casa Vendo,12000.0,490137480,290,"Alcalde Jorge Monckeberg 302, Ñuñoa, Villa Frei, Ñuñoa",https://portalinmobiliario.com/MLC-4120941546-linda-casa-vendo-_JM
4162530582,2048409773,ALTA,Departamento 2 Dormitorio Y 1 Baño En Macul,,450000.0,44,"Los Clarines 3093, Macul, Las Dalias, Macul",https://portalinmobiliario.com/MLC-4162530582-departamento-2-dormitorio-y-1-bano-en-macul-_JM
4239746368,2048409773,ALTA,Arriendo Dpto 2d 1 B Con Estacionamiento En Macul,,480000.0,44,"Los Clarines, 3093, Las Dalias, Macul",https://portalinmobiliario.com/MLC-4239746368-arriendo-dpto-2d-1-b-con-estacionamiento-en-macul-_JM
2059584929,4216701858,ALTA,Departamento Poeta Vicente Huidobro Id: 175480,,500000.0,44,"Poeta Vicente Huidobro, Villa Macul, Macul",https://portalinmobiliario.com/MLC-2059584929-departamento-poeta-vicente-huidobro-id-175480-_JM
4212314744,4216701858,ALTA,"Vive En Macul, 2 Dormitorios Y Vista Despejada",,500000.0,45,"Poeta Vicente Huidobro, 3500, Villa Macul, Macul",https://portalinmobiliario.com/MLC-4212314744-vive-en-macul-2-dormitorios-y-vista-despejada-_JM
4162527664,4206494142,ALTA,Hermoso Departamento En Arriendo 2d + 1b + 1e + Bodega,,480000.0,46,"Poeta Vicente Huidobro 3300 - 3600, Macul, Villa Macul, Macul",https://portalinmobiliario.com/MLC-4162527664-hermoso-departamento-en-arriendo-2d-1b-1e-bodega-_JM
4246172690,4206494142,ALTA,"Arriendo  2d, 1b Con Bodega  Y Estacionamiento",,480000.0,43,"Poeta Vicente Huidobro, 3500, Villa Macul, Macul",https://portalinmobiliario.com/MLC-4246172690-arriendo-2d-1b-con-bodega-y-estacionamiento-_JM
2046337091,4145409236,ALTA,Departamento En Arriendo De 2 Dorm. 2 Baños- 1e-1 Bodega,,550000.0,60,"Una Cuadra De Avenida Macul, Las Dalias, Macul",https://portalinmobiliario.com/MLC-2046337091-departamento-en-arriendo-de-2-dorm-2-banos-1e-1-bodega-_JM
4213386422,4145409236,ALTA,"Excelente Ubicación A Servicios, Estac + Bodega",,550000.0,60,"Exequiel Fernández 2302, Macul, Las Dalias, Macul",https://portalinmobiliario.com/MLC-4213386422-excelente-ubicacion-a-servicios-estac-bodega-_JM
4225060958,2009520613,ALTA,"Condominio Muy Comodo, Privilegiada Ubicacion",,490000.0,48,"Poeta Vicente Huidobro, 3500, Villa Macul, Macul",https://portalinmobiliario.com/MLC-4225060958-condominio-muy-comodo-privilegiada-ubicacion-_JM
4233323960,2009520613,ALTA,Condominio Muy Comodo Privilegiada Ubicacion,,490000.0,48,"Poeta Vicente Huidobro, 3500, Villa Macul, Macul",https://portalinmobiliario.com/MLC-4233323960-condominio-muy-comodo-privilegiada-ubicacion-_JM
4218746190,2055410029,ALTA,Se Arrienda Excelente Depto En Sector Residencial De Macul,,650000.0,57,"Luis Valenzuela Aris 3221, Macul, Villa Macul, Macul",https://portalinmobiliario.com/MLC-4218746190-se-arrienda-excelente-depto-en-sector-residencial-de-macul-_JM
4235154748,2055410029,ALTA,"Impecable, Amplia Terraza",,610000.0,57,"Luis Valenzuela Aris 3221, Villa Macul, Macul",https://portalinmobiliario.com/MLC-4235154748-impecable-amplia-terraza-_JM
4213382578,2027951481,ALTA,"Arriendo Departamento 2 Hab, 2 Baños Macul",,480000.0,53,"Avenida Américo Vespucio, 1005b, Metro Las Torres, Macul",https://portalinmobiliario.com/MLC-4213382578-arriendo-departamento-2-hab-2-banos-macul-_JM
2050884111,2027951481,ALTA,Depto. 2d + 2b +est En Macul [id: W21287],,550000.0,56,"Avenida Américo Vespucio 4641, Metro Las Torres, Macul",https://portalinmobiliario.com/MLC-2050884111-depto-2d-2b-est-en-macul-id-w21287-_JM
4211817832,2057129679,ALTA,Departamento En Arriendo De 2 Dorm. En Macul,14.69,600000.0,57,"Quilín/ Macul, Las Dalias, Macul",https://portalinmobiliario.com/MLC-4211817832-departamento-en-arriendo-de-2-dorm-en-macul-_JM
4247388584,2057129679,ALTA,Departamento En Arriendo De 2 Dorm. En Macul,,600000.0,57,"Quilín/ Macul, Las Dalias, Macul",https://portalinmobiliario.com/MLC-4247388584-departamento-en-arriendo-de-2-dorm-en-macul-_JM
2037617339,2037603709,ALTA,"Arriendo Departamento 1d En Suite, Metro Macul",,370000.0,30,"Av. Departamental 4730, Depto 702, Macul, Metro Macul, Macul",https://portalinmobiliario.com/MLC-2037617339-arriendo-departamento-1d-en-suite-metro-macul-_JM
4143486170,2037603709,ALTA,"Arriendo Departamento 1d En Suite, Metro Macul",,370000.0,30,"Av. Departamental 4730, Depto 803, Macul, Metro Macul, Macul",https://portalinmobiliario.com/MLC-4143486170-arriendo-departamento-1d-en-suite-metro-macul-_JM
4162495666,2041104231,ALTA,Semi Amoblado Metro Macul,,400000.0,32,"Padre Luis Querbes 6321, Macul, Metro Macul, Macul",https://portalinmobiliario.com/MLC-4162495666-semi-amoblado-metro-macul-_JM
2079125475,2041104231,ALTA,Departamento Padre Luis Querbes Id: 176046,,380000.0,32,"Padre Luis Querbes, Metro Macul, Macul",https://portalinmobiliario.com/MLC-2079125475-departamento-padre-luis-querbes-id-176046-_JM
4027723096,3873583700,ALTA,"Casa 4d, Lo Cañas, Alto Macul",,250000000.0,110,"Cam. De La Humildad 5700 - 6000, La Florida, Lo Cañas - Alto Macul, La Florida",https://portalinmobiliario.com/MLC-4027723096-casa-4d-lo-canas-alto-macul-_JM
4173000018,3873583700,ALTA,"Casa 4d- 3b Lo Cañas, Alto Macul",,250000000.0,110,"Camino De La Humildad, 5000, Lo Cañas - Alto Macul, La Florida",https://portalinmobiliario.com/MLC-4173000018-casa-4d-3b-lo-canas-alto-macul-_JM
2053128237,2025078987,ALTA,Casa En Venta De 3 Dorm. En La Florida,,139000000.0,67,"Colombia Con Enrique Olivares, La Florida",https://portalinmobiliario.com/MLC-2053128237-casa-en-venta-de-3-dorm-en-la-florida-_JM
4244617364,2025078987,ALTA,Casan En Venta La Florida (172792),,139000000.0,67,"Colombia 1 - 300, La Florida",https://portalinmobiliario.com/MLC-4244617364-casan-en-venta-la-florida-172792-_JM
1871939045,2072646505,ALTA,Casa Pozo Almonte Id: 137484,,280000000.0,231,"Pozo Almonte, Plaza Vespucio, La Florida",https://portalinmobiliario.com/MLC-1871939045-casa-pozo-almonte-id-137484-_JM
4159951448,2072646505,ALTA,Amplia Casa En Pozo Almonte Pasos Del Metro,,280000000.0,231,"Pozo Almonte 1 - 300, La Florida, Plaza Vespucio, La Florida",https://portalinmobiliario.com/MLC-4159951448-amplia-casa-en-pozo-almonte-pasos-del-metro-_JM
2074129545,2496500986,ALTA,Edificio Torres De Vicuña Mackenna Vista Poniente Piso 4,,325000.0,29,"Av. Vicuña Mackenna Pte. 6456, Metro Mirador, La Florida",https://portalinmobiliario.com/MLC-2074129545-edificio-torres-de-vicuna-mackenna-vista-poniente-piso-4-_JM
2091486221,2496500986,ALTA,Edificio Torres De Vicuña Mackenna Vista Oriente Piso 19,,325000.0,29,"Av. Vicuña Mackenna Pte. 6456, Metro Mirador, La Florida",https://portalinmobiliario.com/MLC-2091486221-edificio-torres-de-vicuna-mackenna-vista-oriente-piso-19-_JM
4134715434,2037488155,ALTA,"Dpto Nuevo En Arriendo 1d1b, Metro Bellavista La Florida",,370000.0,30,"Vicuña Mackenna 6896, Plaza Vespucio, La Florida",https://portalinmobiliario.com/MLC-4134715434-dpto-nuevo-en-arriendo-1d1b-metro-bellavista-la-florida-_JM
4134767334,2037488155,ALTA,"Dpto Nuevo 1 Dormitorio 1 Baño, Metro Bellavista La Florida",,370000.0,30,"Vicuña Mackenna 6896, Plaza Vespucio, La Florida",https://portalinmobiliario.com/MLC-4134767334-dpto-nuevo-1-dormitorio-1-bano-metro-bellavista-la-florida-_JM
4212347476,4201705748,ALTA,Se Arrienda Studio Amoblado Cercano A (m) Vicuña Mackenna,7.59,310000.0,30,"Nueva Uno 6476 - Nva Uno, La Florida, Chile, Plaza Vespucio, La Florida",https://portalinmobiliario.com/MLC-4212347476-se-arrienda-studio-amoblado-cercano-a-m-vicuna-mackenna-_JM
4216701874,4201705748,ALTA,"Arriendo Home Studio Con Balcón - La Florida, Nueva Uno 6476",,310000.0,28,"Nueva Uno 6476, Plaza Vespucio, La Florida",https://portalinmobiliario.com/MLC-4216701874-arriendo-home-studio-con-balcon-la-florida-nueva-uno-6476-_JM
4225154334,4206487360,ALTA,Metro Mirador - Vicuña Mackenna Poniente,,350000.0,32,"Av. Vicuña Mackenna Poniente 6300 - 6600, La Florida, Metro Mirador, La Florida",https://portalinmobiliario.com/MLC-4225154334-metro-mirador-vicuna-mackenna-poniente-_JM
4243845872,4206487360,ALTA,Comodo Y Lindo Dpto 1dorm 1baño  Casi Nuevo  La Florida,,350000.0,30,"Avenida Vicuña Mackenna Oriente, 6615, Metro Mirador, La Florida",https://portalinmobiliario.com/MLC-4243845872-comodo-y-lindo-dpto-1dorm-1bano-casi-nuevo-la-florida-_JM
4134220508,4120779360,ALTA,Deparamento En Arriendo 1d / 1b / 1e - La Florida,,380000.0,30,"VICUÑA MACKENNA ESQ. MILLALONGO, Plaza Vespucio, La Florida",https://portalinmobiliario.com/MLC-4134220508-deparamento-en-arriendo-1d-1b-1e-la-florida-_JM
4162510188,4120779360,ALTA,Dpto Vista Cordillera Sin Uso Vicuña Mackenna  Mall Vespucio,,380000.0,32,"Av. Vicuña Mackenna Poniente 6689, La Florida, Plaza Vespucio, La Florida",https://portalinmobiliario.com/MLC-4162510188-dpto-vista-cordillera-sin-uso-vicuna-mackenna-mall-vespucio-_JM
2037593533,2037562677,ALTA,Edificio Vespucio Capital Vista Norponiente Piso 4,,503000.0,47,"Av. Vicuña Mackenna 7630, Vicente Valdés, La Florida",https://portalinmobiliario.com/MLC-2037593533-edificio-vespucio-capital-vista-norponiente-piso-4-_JM
2076419987,2037562677,ALTA,"Arriendo De Departamento En La Florida. 2 Dormitorios, 2 B.",,505000.0,47,"Av. Vicuña Mackenna 7500 - 7800, La Florida, Vicente Valdés, La Florida",https://portalinmobiliario.com/MLC-2076419987-arriendo-de-departamento-en-la-florida-2-dormitorios-2-b-_JM
4229046096,4229046090,ALTA,Don Pepe 88 Arriendo Departamento 2 Dorm Terraza Piso 20,,429000.0,43,"Don Pepe 88, La Florida., Vicente Valdés, La Florida",https://portalinmobiliario.com/MLC-4229046096-don-pepe-88-arriendo-departamento-2-dorm-terraza-piso-20-_JM
4229148328,4229046090,ALTA,Don Pepe 88 Departamento 2 Dorm Con Terraza Piso 20,,427000.0,43,"Don Pepe 88, La Florida., Vicente Valdés, La Florida",https://portalinmobiliario.com/MLC-4229148328-don-pepe-88-departamento-2-dorm-con-terraza-piso-20-_JM
4191768914,4182748502,ALTA,1 Dorm. 1 Baño. Estac. Bod. En La Florida,,400000.0,35,"Froilán Lagos Sepúlveda / Froilán Roa, Plaza Vespucio, La Florida",https://portalinmobiliario.com/MLC-4191768914-1-dorm-1-bano-estac-bod-en-la-florida-_JM
2087344303,4182748502,ALTA,Conectividad Total En Un Entorno Vibrante (172634),,380000.0,35,"Edificio Froilán Lagos 1200 - 1500 Simonetti Inmobiliaria, La Florida, Chile, Plaza Vespucio, La Florida",https://portalinmobiliario.com/MLC-2087344303-conectividad-total-en-un-entorno-vibrante-172634-_JM
2081856553,2081856545,ALTA,Exequiel Fernandez 6100 Depto 2 Dorms Con Terraza Piso 3,,516200.0,60,"Exequiel Fernández 6100, Metro Mirador, La Florida",https://portalinmobiliario.com/MLC-2081856553-exequiel-fernandez-6100-depto-2-dorms-con-terraza-piso-3-_JM
4229046024,2081856545,ALTA,Exequiel Fernandez 6100 Arriendo Depto 2 Dorms Terraza Piso,,523300.0,60,"Exequiel Fernández 6100, Metro Mirador, La Florida",https://portalinmobiliario.com/MLC-4229046024-exequiel-fernandez-6100-arriendo-depto-2-dorms-terraza-piso-_JM
4120775972,2024980395,ALTA,Departamento Avenida Vicuña Mackenna Id: 164891,,520000.0,50,"Avenida Vicuña Mackenna, San José De La Estrella, La Florida",https://portalinmobiliario.com/MLC-4120775972-departamento-avenida-vicuna-mackenna-id-164891-_JM
4120943980,2024980395,ALTA,Departamento Avenida Vicuña Mackenna Id: 165816,,520000.0,50,"Avenida Vicuña Mackenna, San José De La Estrella, La Florida",https://portalinmobiliario.com/MLC-4120943980-departamento-avenida-vicuna-mackenna-id-165816-_JM
2068835175,2009461927,ALTA,Departamento En Arriendo 2 Dorm 2 Bañ 1 Estc . La Florida,,620000.0,52,"Vicuña Mackenna 7500 - 7800, La Florida, Rojas Magallanes, La Florida",https://portalinmobiliario.com/MLC-2068835175-departamento-en-arriendo-2-dorm-2-ban-1-estc-la-florida-_JM
4093516188,2009461927,ALTA,Departamento En Arriendo La Florida 2 D +2 B 1er Mes 50% Off,,300000.0,52,"Vicuña Mackenna 7500 - 7800, La Florida, Rojas Magallanes, La Florida",https://portalinmobiliario.com/MLC-4093516188-departamento-en-arriendo-la-florida-2-d-2-b-1er-mes-50-off-_JM
4138514878,2011955723,ALTA,Excelente Depto.metro Rojas Magallanes,,570000.0,50,"Vicuña Mackenna 8840, La Florida, Rojas Magallanes, La Florida",https://portalinmobiliario.com/MLC-4138514878-excelente-deptometro-rojas-magallanes-_JM
4143486994,2011955723,ALTA,Regio  Depto Metro Rojas Magallanes,,570000.0,50,"Vicuña Mackenna 8840, La Florida, Rojas Magallanes, La Florida",https://portalinmobiliario.com/MLC-4143486994-regio-depto-metro-rojas-magallanes-_JM
2071199235,4164774582,ALTA,Nuevo - Metro Mirador,,600000.0,52,"Pichidegua 6422, Metro Mirador, La Florida",https://portalinmobiliario.com/MLC-2071199235-nuevo-metro-mirador-_JM
4229045276,4164774582,ALTA,Retail Pichidegua 6422 Arriendo Depto 2 Dorm Piso 16,,600000.0,52,"Pichidegua 6422, Metro Mirador, La Florida",https://portalinmobiliario.com/MLC-4229045276-retail-pichidegua-6422-arriendo-depto-2-dorm-piso-16-_JM
4229046426,4229046198,ALTA,Las Acacias 7604 Departamento 2 Dorms Con Terraza Piso 8,,463000.0,48,"Las Acacias 7604, La Florida., Vicente Valdés, La Florida",https://portalinmobiliario.com/MLC-4229046426-las-acacias-7604-departamento-2-dorms-con-terraza-piso-8-_JM
4155494040,4229046198,ALTA,"Arriendo Departamento 2d 2b, Las Acacias, La Florida. Pro...",,463000.0,52,"Vicente Valdés, La Florida",https://portalinmobiliario.com/MLC-4155494040-arriendo-departamento-2d-2b-las-acacias-la-florida-pro-_JM
4101735916,4100172214,ALTA,"3d+2b+est+bod (1035), La Florida *",,449000.0,48,"Diego Portales 817, La Florida, Santiago, Chile, Los Quillayes, La Florida",https://portalinmobiliario.com/MLC-4101735916-3d2bestbod-1035-la-florida--_JM
4102137494,4100172214,ALTA,"3d+2b+est+bod (1035), La Florida *",,449000.0,48,"Diego Portales 817, La Florida, Santiago, Chile, Los Quillayes, La Florida",https://portalinmobiliario.com/MLC-4102137494-3d2bestbod-1035-la-florida--_JM
2059420453,4160984376,ALTA,Arriendo 2d+2b Estilo Mariposa/ Metro Vicente Valdés,,520000.0,54,"Las Acacias 7800, La Florida, Vicente Valdés, La Florida",https://portalinmobiliario.com/MLC-2059420453-arriendo-2d2b-estilo-mariposa-metro-vicente-valdes-_JM
4233319698,4160984376,ALTA,Departamento A Pasos Del Metro Vicente Valdés,,520000.0,57,"Las Acacias, 7000, Vicente Valdés, La Florida",https://portalinmobiliario.com/MLC-4233319698-departamento-a-pasos-del-metro-vicente-valdes-_JM
4188275172,4088016610,ALTA,Se Arrienda Depto 2 Dormitorio 2 Baños Esta Y Bod,,450000.0,55,"VICUÑA MACKENNA ORIENTE 7320, La Florida, Santiago, Región Metropolitana De Santiago, Chile, Plaza Vespucio, La Florida",https://portalinmobiliario.com/MLC-4188275172-se-arrienda-depto-2-dormitorio-2-banos-esta-y-bod-_JM
4241418824,4088016610,ALTA,Oportunidad Departamento 2d 2b La Florida Bellavista Arriend,,450000.0,55,"Avenida Vicuña Mackenna Oriente, 7320, Plaza Vespucio, La Florida",https://portalinmobiliario.com/MLC-4241418824-oportunidad-departamento-2d-2b-la-florida-bellavista-arriend-_JM
4198202534,2061589589,ALTA,Nuevo Metro Bellavista/v Valdés 2d 2b,,450000.0,54,"Lía Aguirre 155, La Florida, Plaza Vespucio, La Florida",https://portalinmobiliario.com/MLC-4198202534-nuevo-metro-bellavistav-valdes-2d-2b-_JM
4235157720,2061589589,ALTA,"Excelente Depto Nuevo, Muy Bien Ubicado",,450000.0,54,"Lía Aguirre 1 - 300, La Florida, Plaza Vespucio, La Florida",https://portalinmobiliario.com/MLC-4235157720-excelente-depto-nuevo-muy-bien-ubicado-_JM
4142591134,2071204315,ALTA,Edificio Froilán Roa Vista Nororiente Piso 8,,500000.0,56,"Froilán Roa 5739, Metro Mirador, La Florida",https://portalinmobiliario.com/MLC-4142591134-edificio-froilan-roa-vista-nororiente-piso-8-_JM
4246172156,2071204315,ALTA,Depto 2d2b Con Amenities Y Gran Conectividad,,500000.0,53,"Mirador Azul, 6333, Metro Mirador, La Florida",https://portalinmobiliario.com/MLC-4246172156-depto-2d2b-con-amenities-y-gran-conectividad-_JM
4138304602,4138229090,ALTA,Departamento/san Jose De La Estrella 370 (97267),,390000.0,53,"Avenida San José De La Estrella, San José De La Estrella, La Florida",https://portalinmobiliario.com/MLC-4138304602-departamentosan-jose-de-la-estrella-370-97267-_JM
4138306622,4138229090,ALTA,2d1b En San Jose De La Estrella Garantia En 3 Cuotas,,390000.0,53,"Av. San José De La Estrella 370, La Florida, San José De La Estrella, La Florida",https://portalinmobiliario.com/MLC-4138306622-2d1b-en-san-jose-de-la-estrella-garantia-en-3-cuotas-_JM
2037593531,2037562673,ALTA,Edificio Vespucio Capital Vista Poniente Piso 3,,450000.0,40,"Av. Vicuña Mackenna 7630, Vicente Valdés, La Florida",https://portalinmobiliario.com/MLC-2037593531-edificio-vespucio-capital-vista-poniente-piso-3-_JM
2076407197,2037562673,ALTA,"Arriendo De Departamento En La Florida. 2 Dormitorios, 1 B.",,450000.0,40,"Av. Vicuña Mackenna 7500 - 7800, La Florida, Vicente Valdés, La Florida",https://portalinmobiliario.com/MLC-2076407197-arriendo-de-departamento-en-la-florida-2-dormitorios-1-b-_JM
2079328317,4218343902,ALTA,Depto Moderno 1d1b + Balcón Estacionamiento Y Bodega,,400000.0,38,"Av. Vicuña Mackenna Poniente 6436, La Florida, Metro Mirador, La Florida",https://portalinmobiliario.com/MLC-2079328317-depto-moderno-1d1b-balcon-estacionamiento-y-bodega-_JM
4230656830,4218343902,ALTA,Arriendo Dpto. Con Estacionamiento Y Bodega Metro Mirador,,400000.0,38,"ARRIENDO DPTO. CON ESTACIONAMIENTO Y BODEGA METRO MIRADOR, Metro Mirador, La Florida",https://portalinmobiliario.com/MLC-4230656830-arriendo-dpto-con-estacionamiento-y-bodega-metro-mirador-_JM
2042151085,2061580223,ALTA,Departamento Nva Uno Id: 172967,,280000.0,40,"Nva Uno, Plaza Vespucio, La Florida",https://portalinmobiliario.com/MLC-2042151085-departamento-nva-uno-id-172967-_JM
4188417800,2061580223,ALTA,Arriendo Depto 1 Hab La Florida Calle Nueva Uno,,280000.0,40,"Nueva Uno 6476, La Florida, Región Metropolitana De Santiago 8240000, Chile, Plaza Vespucio, La Florida",https://portalinmobiliario.com/MLC-4188417800-arriendo-depto-1-hab-la-florida-calle-nueva-uno-_JM
4151743706,4212652764,ALTA,"Impecable, 3 Dormitorios, 2 Baños, 1e, 1b, Altavista",,970000.0,78,"Cam. Del Monte 6000 - 6300, La Florida, Lo Cañas - Alto Macul, La Florida",https://portalinmobiliario.com/MLC-4151743706-impecable-3-dormitorios-2-banos-1e-1b-altavista-_JM
2049074881,4212652764,ALTA,"Altavista Ii, Impecable, 3 Dormitorios, 2 Baños, 1e, 1b",,970000.0,78,"Cam. Del Monte 6000 - 6300, La Florida, Lo Cañas - Alto Macul, La Florida",https://portalinmobiliario.com/MLC-2049074881-altavista-ii-impecable-3-dormitorios-2-banos-1e-1b-_JM
3997437154,1893698467,ALTA,Moderno Depto. En Ñuñoa Cerca Del Metro 2d/1b/estaci./bod,4400.0,179717076,45,"Mujica 1 - 300, Ñuñoa, Metro Irarrázaval, Ñuñoa",https://portalinmobiliario.com/MLC-3997437154-moderno-depto-en-nunoa-cerca-del-metro-2d1bestacibod-_JM
4213159240,1893698467,ALTA,Departamento En Venta En Ñuñoa,4400.0,179717076,45,"Mujica / Barrio Italia, Metro Irarrázaval, Ñuñoa",https://portalinmobiliario.com/MLC-4213159240-departamento-en-venta-en-nunoa-_JM
4042642184,4042619200,ALTA,3 Deptos En Ñuñoa Con Alta Rentabilidad,2600.0,106196454,33,"Zañartu, 1200 - 1500, Estadio Nacional, Ñuñoa",https://portalinmobiliario.com/MLC-4042642184-3-deptos-en-nunoa-con-alta-rentabilidad-_JM
4042642196,4042619200,ALTA,3 Deptos En Ñuñoa Con Renta Inmediata,2600.0,106196454,33,"Zañartu, 1200 - 1500, Estadio Nacional, Ñuñoa",https://portalinmobiliario.com/MLC-4042642196-3-deptos-en-nunoa-con-renta-inmediata-_JM
2055389973,4223648276,ALTA,Departamento En Venta De 2 Dorm Estacionamiento Bodega Ñuñoa,3800.0,155210202,50,"Departamento 2dormitorios 2 Baños Estacionamiento Bodega, Estadio Nacional, Ñuñoa",https://portalinmobiliario.com/MLC-2055389973-departamento-en-venta-de-2-dorm-estacionamiento-bodega-nunoa-_JM
2057048263,4223648276,ALTA,Departamento Zañartu Id: 20727,3800.0,155210202,50,"Zañartu, Estadio Nacional, Ñuñoa",https://portalinmobiliario.com/MLC-2057048263-departamento-zanartu-id-20727-_JM
2084195899,2084195885,ALTA,Departamentos Nuevos- Edificio Inteligente- Metro Villa Frei,5778.0,236001197,57,"METRO VILLA FREI / IRARRÁZAVAL, Plaza Egaña, Ñuñoa",https://portalinmobiliario.com/MLC-2084195899-departamentos-nuevos-edificio-inteligente-metro-villa-frei-_JM
2680766102,2084195885,ALTA,Edificio Orange Cauquenes,5778.0,236001197,57,"Cauquenes 108, Plaza Egaña, Ñuñoa",https://portalinmobiliario.com/MLC-2680766102-edificio-orange-cauquenes-_JM
4000551554,4128488572,ALTA,Inversión Llave En Mano: Studio Amoblado,2600.0,106196454,21,"Av Irarrázaval Con Antonio Varas, Metro Monseñor Eyzaguirre, Ñuñoa",https://portalinmobiliario.com/MLC-4000551554-inversion-llave-en-mano-studio-amoblado-_JM
2048446869,4128488572,ALTA,Departamento 1d+1b Metro Monseñor Eyzaguirre Ñuñoa,2600.0,106196454,22,"Metro Monseñor Eyzaguirre, Ñuñoa",https://portalinmobiliario.com/MLC-2048446869-departamento-1d1b-metro-monsenor-eyzaguirre-nunoa-_JM
4213386744,4152880806,ALTA,Depto Ñuñoa 2d 2b Piscina Quincho Cine Gimnasio,5300.0,216477387,68,"Avenida Irarrazaval, 5100 - 5400, Plaza Egaña, Ñuñoa",https://portalinmobiliario.com/MLC-4213386744-depto-nunoa-2d-2b-piscina-quincho-cine-gimnasio-_JM
4228883828,4152880806,ALTA,Oportunidad Bajo De Precio... 2d Y 2 B + E Y B,5300.0,216477387,68,"Av. Irarrázaval 5225, Ñuñoa, Plaza Egaña, Ñuñoa",https://portalinmobiliario.com/MLC-4228883828-oportunidad-bajo-de-precio-2d-y-2-b-e-y-b-_JM
4211501132,2076419265,ALTA,4 Dormitorios // 2 Estacionamientos // Eliecer Parada,8500.0,347180715,110,"Eliecer Parada 1115, Parque Botánico, Ñuñoa",https://portalinmobiliario.com/MLC-4211501132-4-dormitorios-2-estacionamientos-eliecer-parada-_JM
4230685886,2076419265,ALTA,Familiar / Amplios Espacios / 2 Suites / Piscina,8500.0,347180715,110,"Eliecer Parada, Parque Botánico, Ñuñoa",https://portalinmobiliario.com/MLC-4230685886-familiar-amplios-espacios-2-suites-piscina-_JM
4146269224,4201711856,ALTA,Depto Venta 4 Dorm 2est Opc Amoblado Inmb Almagro,9075.0,370666469,113,"Francisco De Villagra, 100-400, Diagonal Oriente, Ñuñoa",https://portalinmobiliario.com/MLC-4146269224-depto-venta-4-dorm-2est-opc-amoblado-inmb-almagro-_JM
4206498646,4201711856,ALTA,Depto Venta 4 Dorm 2est Opc Amoblado Inmb Almagro,9075.0,370666469,113,"Francisco De Villagra, 100-400, Diagonal Oriente, Ñuñoa",https://portalinmobiliario.com/MLC-4206498646-depto-venta-4-dorm-2est-opc-amoblado-inmb-almagro-_JM
2045858705,1487403349,ALTA,Edificio Exequiel Fernandez Vista Poniente Piso 5,10.48,428000.0,33,"Exequiel Fernández 2000, Estadio Nacional, Ñuñoa",https://portalinmobiliario.com/MLC-2045858705-edificio-exequiel-fernandez-vista-poniente-piso-5-_JM
2066639537,1487403349,ALTA,"Arriendo De Departamento En Ñuñoa. 1 Dormitorio, 1 Baño.",10.53,430000.0,33,"Exequiel Fernández 1800 - 2100, Ñuñoa, Estadio Nacional, Ñuñoa",https://portalinmobiliario.com/MLC-2066639537-arriendo-de-departamento-en-nunoa-1-dormitorio-1-bano-_JM
4198328362,4160982168,ALTA,Departamento En Arriendo De 1 Dorm. En Ñuñoa,11.26,460000.0,34,"FRANCISCO DE PAULA 2020, Estadio Nacional, Ñuñoa",https://portalinmobiliario.com/MLC-4198328362-departamento-en-arriendo-de-1-dorm-en-nunoa-_JM
4212322320,4160982168,ALTA,Piso 11. 1 Dormitorio. Nuevo! Disponibilidad Inmediata,11.26,460000.0,34,"Francisco De Paula 2024, Ñuñoa, Estadio Nacional, Ñuñoa",https://portalinmobiliario.com/MLC-4212322320-piso-11-1-dormitorio-nuevo-disponibilidad-inmediata-_JM
4206488706,2057138203,ALTA,"Arriendo Depto 1d1b, Estac, Amoblado - Ñuñoa",13.47,550000.0,33,"Condell 1777, Ñuñoa, Metro Irarrázaval, Ñuñoa",https://portalinmobiliario.com/MLC-4206488706-arriendo-depto-1d1b-estac-amoblado-nunoa-_JM
2074084249,2057138203,ALTA,Departamento Con Estacionamiento Amoblado En Ñuñoa,13.47,550000.0,35,"Condell 1777, Ñuñoa, Metro Irarrázaval, Ñuñoa",https://portalinmobiliario.com/MLC-2074084249-departamento-con-estacionamiento-amoblado-en-nunoa-_JM
2087354583,2071200737,ALTA,"Arriendo Con Compromiso De Compra | Depto De 1d1b, En Ñuñoa",11.02,450000.0,35,"Av. Rodrigo De Araya 2400 - 2700, Ñuñoa, Macul, Estadio Nacional, Ñuñoa",https://portalinmobiliario.com/MLC-2087354583-arriendo-con-compromiso-de-compra-depto-de-1d1b-en-nunoa-_JM
4234137668,2071200737,ALTA,Moderno Departamento A Estrenar De 1d+ 1e+1e En Ñuñoa,11.75,480000.0,35,"Av. Rodrigo De Araya 2400 - 2700, Ñuñoa, Macul, Estadio Nacional, Ñuñoa",https://portalinmobiliario.com/MLC-4234137668-moderno-departamento-a-estrenar-de-1d-1e1e-en-nunoa-_JM
4130750188,4128097346,ALTA,Arriendo Depto Nuevo 1d + 1b Con Bodega | Ñuñoa | $450.000.-,11.02,450000.0,37,"Francisco De Paula 2024, Ñuñoa, Estadio Nacional, Ñuñoa",https://portalinmobiliario.com/MLC-4130750188-arriendo-depto-nuevo-1d-1b-con-bodega-nunoa-450000--_JM
4162508356,4128097346,ALTA,Arriendo Departamento Nuevo: 1d 1b,11.02,450000.0,37,"Francisco De Paula 2024, Ñuñoa, Estadio Nacional, Ñuñoa",https://portalinmobiliario.com/MLC-4162508356-arriendo-departamento-nuevo-1d-1b-_JM
2031472731,4125903704,ALTA,Metro Monseñor Eyzaguirre 1d,15.91,650000.0,38,"Julio Prado 1810, Ñuñoa, Metro Monseñor Eyzaguirre, Ñuñoa",https://portalinmobiliario.com/MLC-2031472731-metro-monsenor-eyzaguirre-1d-_JM
4162495082,4125903704,ALTA,Julio Prado / Av. Sucre / Estacionamiento,15.91,650000.0,38,"Julio Prado 1800 - 2100, Ñuñoa, Metro Monseñor Eyzaguirre, Ñuñoa",https://portalinmobiliario.com/MLC-4162495082-julio-prado-av-sucre-estacionamiento-_JM
2057041703,4084875734,ALTA,Prueba Panel 2026-07-12 - Departamento Estilo Mariposa En Ar,15.06,615000.0,58,"Zañartu 980, Ñuñoa, Estadio Nacional, Ñuñoa",https://portalinmobiliario.com/MLC-2057041703-prueba-panel-2026-07-12-departamento-estilo-mariposa-en-ar-_JM
4212341686,4084875734,ALTA,Departamento Mariposa 2d/2b En Ñuñoa,15.06,615000.0,58,"Zañartu 900 - 1200, Ñuñoa, Estadio Nacional, Ñuñoa",https://portalinmobiliario.com/MLC-4212341686-departamento-mariposa-2d2b-en-nunoa-_JM
2074123491,4047529504,ALTA,Un Dormitorio Tipo Loft De 63 Mts Totales,21.79,890000.0,58,"Los Talaveras 1 - 300, Ñuñoa, Parque Juan XXIII, Ñuñoa",https://portalinmobiliario.com/MLC-2074123491-un-dormitorio-tipo-loft-de-63-mts-totales-_JM
4191761016,4047529504,ALTA,Un Dormitorio Amplio Tipo Loft Con Estacionamiento Y Bodega,21.79,890000.0,58,"Los Talaveras 1 - 300, Ñuñoa, Parque Juan XXIII, Ñuñoa",https://portalinmobiliario.com/MLC-4191761016-un-dormitorio-amplio-tipo-loft-con-estacionamiento-y-bodega-_JM
4125845950,4211821528,ALTA,Tu Oasis En Ñuñoa Depto 2d · 2b,14.69,600000.0,45,"Av. José Pedro Alessandri 1363, Ñuñoa, Estadio Nacional, Ñuñoa",https://portalinmobiliario.com/MLC-4125845950-tu-oasis-en-nunoa-depto-2d-2b-_JM
4162443344,4211821528,ALTA,Av Jose P Alessandri / Las Palmeras / Estacionamiento - Bode,14.69,600000.0,45,"Av. José Pedro Alessandri 1200 - 1500, Ñuñoa, Estadio Nacional, Ñuñoa",https://portalinmobiliario.com/MLC-4162443344-av-jose-p-alessandri-las-palmeras-estacionamiento-bode-_JM
4145332128,4143486398,ALTA,"Depto 2d - 2b Duplex Con Terraza Y Parrilla, Estac Y Bodega.",23.0,939430,65,"Clorinda Willshaw 258, Santiago, Ñuñoa, Plaza Egaña, Ñuñoa",https://portalinmobiliario.com/MLC-4145332128-depto-2d-2b-duplex-con-terraza-y-parrilla-estac-y-bodega-_JM
4152886386,4143486398,ALTA,"Duplex Con Quincho Y Parrila, Metro Plaza Egaña, C. Willshaw",23.0,939430,65,"Clorinda Willshaw 1 - 300, Santiago, Ñuñoa, Plaza Egaña, Ñuñoa",https://portalinmobiliario.com/MLC-4152886386-duplex-con-quincho-y-parrila-metro-plaza-egana-c-willshaw-_JM
4241427598,4120942818,ALTA,Dos Dormitorios Nuevo A Estrenar,11.75,480000.0,51,"Zañartu 1800 - 2100, Ñuñoa, Estadio Nacional, Ñuñoa",https://portalinmobiliario.com/MLC-4241427598-dos-dormitorios-nuevo-a-estrenar-_JM
4218749876,4120942818,ALTA,Metro Estadio Nacional,11.75,480000.0,51,"Zañartu 2075, Ñuñoa, Estadio Nacional, Ñuñoa",https://portalinmobiliario.com/MLC-4218749876-metro-estadio-nacional-_JM
4146251976,4126583350,ALTA,Departamento Zañartu Id: 171761,15.91,650000.0,57,"Zañartu, Estadio Nacional, Ñuñoa",https://portalinmobiliario.com/MLC-4146251976-departamento-zanartu-id-171761-_JM
2045859633,4126583350,ALTA,Depto. En Arriendo 2d2b  Ñuñoa | Estadio Nacional,15.18,620000.0,57,"Zañartu, 1905, Estadio Nacional, Ñuñoa",https://portalinmobiliario.com/MLC-2045859633-depto-en-arriendo-2d2b-nunoa-estadio-nacional-_JM
2081856317,4139149688,ALTA,Guillermo Mann 1401 Depto 2 Dorms C.americana Piso 6,13.53,552800.0,54,"Guillermo Mann 1401, Estadio Nacional, Ñuñoa",https://portalinmobiliario.com/MLC-2081856317-guillermo-mann-1401-depto-2-dorms-camericana-piso-6-_JM
4229045794,4139149688,ALTA,Guillermo Mann 1401 Depto 2 Dorms Cocina Americana Piso 6,13.53,552800.0,54,"Guillermo Mann 1401, Estadio Nacional, Ñuñoa",https://portalinmobiliario.com/MLC-4229045794-guillermo-mann-1401-depto-2-dorms-cocina-americana-piso-6-_JM
3545623202,3545438718,ALTA,Departamento En Venta En Lo Vial,2100.0,85774059,34,"Ventura Blanco Viel 1321, San Miguel, Lo Vial, San Miguel",https://portalinmobiliario.com/MLC-3545623202-departamento-en-venta-en-lo-vial-_JM
2074077657,3545438718,ALTA,"Venta Dpto. San Miguel, Ventura Blanco Viel (176276)",1999.0,81648735,34,"Ventura Blanco Viel, Lo Vial, San Miguel",https://portalinmobiliario.com/MLC-2074077657-venta-dpto-san-miguel-ventura-blanco-viel-176276-_JM
4201744926,1958772827,ALTA,"Departamento 2d 2b En San Miguel, Ideal Para Vivir O Inverti",2700.0,110280933,58,"Teresa Vial 1190, Lo Vial, San Miguel",https://portalinmobiliario.com/MLC-4201744926-departamento-2d-2b-en-san-miguel-ideal-para-vivir-o-inverti-_JM
4235672432,1958772827,ALTA,2dorm 2baños Piscin/metro San Miguel-lovial (83635),2800.0,114365412,58,"Teresa Vial, Lo Vial, San Miguel",https://portalinmobiliario.com/MLC-4235672432-2dorm-2banos-piscinmetro-san-miguel-lovial-83635-_JM
1929550455,4188419156,ALTA,"Departamento A Estrenar De 1d 1b. Euclides, San Miguel. E...",2347.0,95862722,29,"El Llano, San Miguel",https://portalinmobiliario.com/MLC-1929550455-departamento-a-estrenar-de-1d-1b-euclides-san-miguel-e-_JM
4225060660,4188419156,ALTA,Últimos Deptos Desde Uf 2347 Cerca Del Metro,2347.0,95862722,29,"Euclides, 1115, El Llano, San Miguel",https://portalinmobiliario.com/MLC-4225060660-ultimos-deptos-desde-uf-2347-cerca-del-metro-_JM
4116738446,3897427652,ALTA,Departamento Novena Avenida Id: 126453,2200.0,89858538,29,"Novena Avenida, Ciudad Del Niño, San Miguel",https://portalinmobiliario.com/MLC-4116738446-departamento-novena-avenida-id-126453-_JM
4235157568,3897427652,ALTA,Cómodo Y Bien Concetado Departamento En Venta,2200.0,89858538,30,"Novena Avenida, 1316, Ciudad Del Niño, San Miguel",https://portalinmobiliario.com/MLC-4235157568-comodo-y-bien-concetado-departamento-en-venta-_JM
4191871682,3582268690,ALTA,1350 Uf 1d 1b 1b Sexta Avenida 1340 San Miguel,2350.0,95985256,31,"Sexta Avenida, 1340, Ciudad Del Niño, San Miguel",https://portalinmobiliario.com/MLC-4191871682-1350-uf-1d-1b-1b-sexta-avenida-1340-san-miguel-_JM
4198195968,3582268690,ALTA,Venta 1d 1b San Miguel 7 Min Caminando Del M Cuidad Del Niño,2200.0,89858538,31,"Sexta Avenida, 1340, Ciudad Del Niño, San Miguel",https://portalinmobiliario.com/MLC-4198195968-venta-1d-1b-san-miguel-7-min-caminando-del-m-cuidad-del-nino-_JM
1973881621,3851957630,ALTA,Departamento Álvarez De Toledo Id: 171748,1830.0,74745966,31,"Álvarez De Toledo, El Llano, San Miguel",https://portalinmobiliario.com/MLC-1973881621-departamento-alvarez-de-toledo-id-171748-_JM
1978124567,3851957630,ALTA,Departamento En Venta De 1 Dorm. En San Miguel,1830.0,74745966,31,"¡OPORTUNIDAD!, El Llano, San Miguel",https://portalinmobiliario.com/MLC-1978124567-departamento-en-venta-de-1-dorm-en-san-miguel-_JM
1947963263,3828423822,ALTA,Departamento En Venta 1d 1b Y Terraza. En San Miguel,2117.0,86468420,32,"Berlín 927, Lo Vial, San Miguel",https://portalinmobiliario.com/MLC-1947963263-departamento-en-venta-1d-1b-y-terraza-en-san-miguel-_JM
4213378076,3828423822,ALTA,"Liquidamos_dpto. 1d 1b En Berlín 927, San Miguel",2117.0,86468420,32,"Berlín 927, San Miguel, Lo Vial, San Miguel",https://portalinmobiliario.com/MLC-4213378076-liquidamosdpto-1d-1b-en-berlin-927-san-miguel-_JM
1982230169,3991426884,ALTA,"Depto. 147 Mt2 Sector El Llano, San Miguel",8100.0,330842799,111,"Bartolo Soto, 3900 - 4200, El Llano, San Miguel",https://portalinmobiliario.com/MLC-1982230169-depto-147-mt2-sector-el-llano-san-miguel-_JM
2013049615,3991426884,ALTA,Se Vende Amplio Depto. Terraza De 36m²  2 Estac. San Miguel,7950.0,324716080,111,"Bartolo Soto 3900 - 4200, San Miguel, El Llano, San Miguel",https://portalinmobiliario.com/MLC-2013049615-se-vende-amplio-depto-terraza-de-36m-2-estac-san-miguel-_JM
4146264202,4091135446,ALTA,"Oportunidad Unica 2hab. 2baños, 1est. Y 1bod",3290.0,134379359,52,"Metro Franklin , Linea 2 Y Linea 6, El Llano, San Miguel",https://portalinmobiliario.com/MLC-4146264202-oportunidad-unica-2hab-2banos-1est-y-1bod-_JM
4213159244,4091135446,ALTA,Departamento En Venta De 2 Dorm. En San Miguel,3290.0,134379359,52,"Milán / Metro Franklin, El Llano, San Miguel",https://portalinmobiliario.com/MLC-4213159244-departamento-en-venta-de-2-dorm-en-san-miguel-_JM
4188218682,2020552699,ALTA,Se Vende Departamento 2d + 2b + E Y B. Metro San Miguel,3390.0,138463838,48,"Av. Salesianos 1190, Santiago, San Miguel, Lo Vial, San Miguel",https://portalinmobiliario.com/MLC-4188218682-se-vende-departamento-2d-2b-e-y-b-metro-san-miguel-_JM
2074081265,2020552699,ALTA,"Depto En El Llano Subercaseaux, San Miguel",3750.0,153167962,48,"Av. Salesianos 900 - 1200, Santiago, San Miguel, Lo Vial, San Miguel",https://portalinmobiliario.com/MLC-2074081265-depto-en-el-llano-subercaseaux-san-miguel-_JM
1996219681,3742201910,ALTA,A Pasos De Metro San Miguel/jumbo,2700.0,110280933,50,"Alcalde Pedro Alarcón 900 - 1200, San Miguel, El Llano, San Miguel",https://portalinmobiliario.com/MLC-1996219681-a-pasos-de-metro-san-migueljumbo-_JM
4230682746,3742201910,ALTA,"Dpto 2d2b, A Pasos De Metro San Miguel, Mall Portal El Llano",2700.0,110280933,50,"DPTO 2D2B, A PASOS DE METRO SAN MIGUEL, MALL PORTAL EL LLANO, El Llano, San Miguel",https://portalinmobiliario.com/MLC-4230682746-dpto-2d2b-a-pasos-de-metro-san-miguel-mall-portal-el-llano-_JM
4146271024,3619745254,ALTA,Depto 2d2b Remodelado En Excelente Ubicación (174063),3182.78,130000000.0,48,"Gran Av. José Miguel Carrera 5700 - 6000, San Miguel, Chile, Ciudad Del Niño, San Miguel",https://portalinmobiliario.com/MLC-4146271024-depto-2d2b-remodelado-en-excelente-ubicacion-174063-_JM
2039845599,3619745254,ALTA,Tu Nuevo Hogar Cerca Del Metro (168322),3060.37,125000000.0,48,"Gran Avenida José Miguel Carrera, Ciudad Del Niño, San Miguel",https://portalinmobiliario.com/MLC-2039845599-tu-nuevo-hogar-cerca-del-metro-168322-_JM
1975383597,1946981765,ALTA,Departamento En Venta De 3 Dorm. En San Miguel,3220.0,131520224,63,"Lo Ovalle, Ciudad Del Niño, San Miguel",https://portalinmobiliario.com/MLC-1975383597-departamento-en-venta-de-3-dorm-en-san-miguel-_JM
4093498272,1946981765,ALTA,Amplio Depto 3d Con Estacionamiento Propio,3220.0,131520224,63,"Gran Avenida, 6000 - 6300, Ciudad Del Niño, San Miguel",https://portalinmobiliario.com/MLC-4093498272-amplio-depto-3d-con-estacionamiento-propio-_JM
3733539314,4210791064,ALTA,Departamento San Nicolás Id: 159361,3750.0,153167962,63,"San Nicolás, Lo Vial, San Miguel",https://portalinmobiliario.com/MLC-3733539314-departamento-san-nicolas-id-159361-_JM
4223648162,4210791064,ALTA,Departamento En Venta De 3 Dorm. En San Miguel,3950.0,161336920,63,"Se Vende Departamento 3 Dormitorios San Miguel, Lo Vial, San Miguel",https://portalinmobiliario.com/MLC-4223648162-departamento-en-venta-de-3-dorm-en-san-miguel-_JM
1949781247,3562469170,ALTA,Departamento Avenida Salesianos Id: 170189,2890.0,118041443,54,"Avenida Salesianos, Lo Vial, San Miguel",https://portalinmobiliario.com/MLC-1949781247-departamento-avenida-salesianos-id-170189-_JM
3968645908,3562469170,ALTA,Depto En Venta De 2 Dorm. En San Miguel / Estac. Y Bodega,2890.0,118041443,54,"Avenida Salesianos (HM_170189), Lo Vial, San Miguel",https://portalinmobiliario.com/MLC-3968645908-depto-en-venta-de-2-dorm-en-san-miguel-estac-y-bodega-_JM
4223501212,3585338656,ALTA,Departamento En Venta De 2 Dorm 1 Estacionamiento 1 Bodega,2950.0,120492130,56,"Departamento 2 Dormitorios 1 Estacionamiento 1 Bodega, El Llano, San Miguel",https://portalinmobiliario.com/MLC-4223501212-departamento-en-venta-de-2-dorm-1-estacionamiento-1-bodega-_JM
4202056394,3585338656,ALTA,Venta Amplio Dpto San Miguel Cocina Separada (171073),2990.0,122125922,54,"María Auxiliadora, El Llano, San Miguel",https://portalinmobiliario.com/MLC-4202056394-venta-amplio-dpto-san-miguel-cocina-separada-171073-_JM
4168118714,2018361969,ALTA,Depto. En Llano Subercaseaux 3359 San Miguel C/estac Y Bodeg,3450.0,140914526,53,"Llano Subercaseaux 3359, Santiago, San Miguel, El Llano, San Miguel",https://portalinmobiliario.com/MLC-4168118714-depto-en-llano-subercaseaux-3359-san-miguel-cestac-y-bodeg-_JM
4172999974,2018361969,ALTA,Departamento En Venta Llano Subercaseaux San Miguel,3450.0,140914526,53,"Llano Subercaseaux 3359, El Llano, San Miguel",https://portalinmobiliario.com/MLC-4172999974-departamento-en-venta-llano-subercaseaux-san-miguel-_JM
2035145833,2035107189,ALTA,Excelente Ubicación Y Conectividad (173839),2760.0,112731620,55,"Primera Transversal 5700 - 6000, San Miguel, Chile, Ciudad Del Niño, San Miguel",https://portalinmobiliario.com/MLC-2035145833-excelente-ubicacion-y-conectividad-173839-_JM
4126169080,2035107189,ALTA,Excelente Ubicación Y Conectividad (173119),2760.0,112731620,55,"Primera Transversal 5700 - 6000, San Miguel, Chile, Ciudad Del Niño, San Miguel",https://portalinmobiliario.com/MLC-4126169080-excelente-ubicacion-y-conectividad-173119-_JM
2020675191,2037597529,ALTA,Departamento En Venta Edificio Santa Rosa 2 San Miguel,2400.0,98027496,47,"Av. Sta. Rosa 5741, San Miguel, Ciudad Del Niño, San Miguel",https://portalinmobiliario.com/MLC-2020675191-departamento-en-venta-edificio-santa-rosa-2-san-miguel-_JM
4222352470,2037597529,ALTA,Amplio 3d1b Con Terraza En San Miguel,1863.0,76093844,47,"Avenida Santa Rosa, 5741, Ciudad Del Niño, San Miguel",https://portalinmobiliario.com/MLC-4222352470-amplio-3d1b-con-terraza-en-san-miguel-_JM
3880304630,3879113322,ALTA,Departamento En Venta En San Miguel,1950.0,79647340,45,"IMPECABLE .CASI NUEVO----  EQUIPADISIMO    SEBASTAPOL - Lo Ovalle, Ciudad Del Niño, San Miguel",https://portalinmobiliario.com/MLC-3880304630-departamento-en-venta-en-san-miguel-_JM
2033695255,3879113322,ALTA,San Miguel - Inversión. Arriendo Más Alto Que Dividendo,1590.0,64943216,45,"San Petersburgo 6351, San Miguel, Ciudad Del Niño, San Miguel",https://portalinmobiliario.com/MLC-2033695255-san-miguel-inversion-arriendo-mas-alto-que-dividendo-_JM
4179305972,4016779826,ALTA,Departamento En Venta De 2 Dorm. En San Miguel,2600.0,106196454,39,"¡OPORTUNIDAD!, Ciudad Del Niño, San Miguel",https://portalinmobiliario.com/MLC-4179305972-departamento-en-venta-de-2-dorm-en-san-miguel-_JM
4213379878,4016779826,ALTA,Oportunidad En San Miguel 2d/ 1b (113842),2600.0,106196454,39,"Cuarta Avenida, Ciudad Del Niño, San Miguel",https://portalinmobiliario.com/MLC-4213379878-oportunidad-en-san-miguel-2d-1b-113842-_JM
4118647438,2045859487,ALTA,Depto En Venta De 1 Dorm &#43; 1 Baño &#43; Terraza En San M,2500.0,102111975,42,"Av. Salesianos Y Teresa Vial, Lo Vial, San Miguel",https://portalinmobiliario.com/MLC-4118647438-depto-en-venta-de-1-dorm-43-1-bano-43-terraza-en-san-m-_JM
4230797230,2045859487,ALTA,Inversión Ideal: Alta Demanda Y Conectividad (172266),2500.0,102111975,42,"Gran Avenida 4200 - 4500, San Miguel, Chile, Lo Vial, San Miguel",https://portalinmobiliario.com/MLC-4230797230-inversion-ideal-alta-demanda-y-conectividad-172266-_JM
4201733924,2953977670,ALTA,"Arriendo De Departamento En San Miguel. 1 Dormitorio, 1 Baño",8.54,349000.0,33,"Lazo 1200 - 1500, San Miguel, Lo Vial, San Miguel",https://portalinmobiliario.com/MLC-4201733924-arriendo-de-departamento-en-san-miguel-1-dormitorio-1-bano-_JM
4234135230,2953977670,ALTA,Edificio Lazo I Vista Poniente Piso 6,8.47,346000.0,33,"Lazo 1350, Lo Vial, San Miguel",https://portalinmobiliario.com/MLC-4234135230-edificio-lazo-i-vista-poniente-piso-6-_JM
2037562561,3455987354,ALTA,Edificio Toledo Rent Vista Surponiente Piso 3,7.52,307000.0,33,"Álvarez De Toledo 672, El Llano, San Miguel",https://portalinmobiliario.com/MLC-2037562561-edificio-toledo-rent-vista-surponiente-piso-3-_JM
4142643934,3455987354,ALTA,Edificio Toledo Rent Vista Poniente Piso 7,7.57,309000.0,33,"Álvarez De Toledo 672, El Llano, San Miguel",https://portalinmobiliario.com/MLC-4142643934-edificio-toledo-rent-vista-poniente-piso-7-_JM
4164887796,2048442197,ALTA,"Depto 1d/1b En San Miguel, Cerca Del Metro Ciudad Del Niño",8.57,350000.0,37,"A 7 MINUTOS DE ESTACIÓN CIUDAD DEL NIÑO., Ciudad Del Niño, San Miguel",https://portalinmobiliario.com/MLC-4164887796-depto-1d1b-en-san-miguel-cerca-del-metro-ciudad-del-nino-_JM
2071209889,2048442197,ALTA,Departamento Cuarta Avenida Id: 172437,8.57,350000.0,34,"Cuarta Avenida, Ciudad Del Niño, San Miguel",https://portalinmobiliario.com/MLC-2071209889-departamento-cuarta-avenida-id-172437-_JM
2025083169,1958830413,ALTA,"María Auxiliadora 975 - Departamento 1d1b, San Miguel",8.18,333988.0,34,"Maria Auxiliadora 975, El Llano, San Miguel",https://portalinmobiliario.com/MLC-2025083169-maria-auxiliadora-975-departamento-1d1b-san-miguel-_JM
2053556027,1958830413,ALTA,Arriendo Metro San Miguel / Maria Auxiliadora,8.54,349000.0,34,"Metro San Miguel, El Llano, San Miguel",https://portalinmobiliario.com/MLC-2053556027-arriendo-metro-san-miguel-maria-auxiliadora-_JM
4217816946,2009462109,ALTA,"Depto. 1d 1b &#43; 1bod, Quinta Avenida 1475, San Miguel",6.37,260000.0,30,"Depto. 1D 1B &#43; 1Bod, Quinta Avenida 1475, San Miguel, Ciudad Del Niño, San Miguel",https://portalinmobiliario.com/MLC-4217816946-depto-1d-1b-43-1bod-quinta-avenida-1475-san-miguel-_JM
4234021808,2009462109,ALTA,"Arriendo Depto. 1d 1b 1bod Metro Ciudad Del Niño, San Miguel",6.37,260000.0,30,"Arriendo Depto. 1D 1B 1Bod, Metro Ciudad Del Niño, San Miguel, Ciudad Del Niño, San Miguel",https://portalinmobiliario.com/MLC-4234021808-arriendo-depto-1d-1b-1bod-metro-ciudad-del-nino-san-miguel-_JM
4145405596,2037565757,ALTA,Dp 1d 1b Pedro Alarcón 777 San Miguel,7.34,300000.0,32,"Alcalde Pedro Alarcón 777, Santiago, San Miguel, El Llano, San Miguel",https://portalinmobiliario.com/MLC-4145405596-dp-1d-1b-pedro-alarcon-777-san-miguel-_JM
4191175294,2037565757,ALTA,Dpto De Una Habitacion En San Miguel - 50% Dscto Primer Mes,7.83,320000.0,32,"Alcalde Pedro Alarcón 777, Santiago, San Miguel, El Llano, San Miguel",https://portalinmobiliario.com/MLC-4191175294-dpto-de-una-habitacion-en-san-miguel-50-dscto-primer-mes-_JM
4191185056,4229146552,ALTA,Arriendo Metro Lo Vial / Pedro Mira / San Miguel,11.53,471000.0,55,"Metro Lo Vial, Lo Vial, San Miguel",https://portalinmobiliario.com/MLC-4191185056-arriendo-metro-lo-vial-pedro-mira-san-miguel-_JM
4229146774,4229146552,ALTA,Pedro Mira 1028 Departamentos 2 Dorms Terraza Piso 3,11.82,482700.0,55,"Pedro Mira 1028, San Miguel., Lo Vial, San Miguel",https://portalinmobiliario.com/MLC-4229146774-pedro-mira-1028-departamentos-2-dorms-terraza-piso-3-_JM
4201745622,4196462190,ALTA,"Dos Dormitorios Con Estacionamiento Y Bodega , Calle Berlin",11.02,450000.0,54,"Berlín 900 - 1200, San Miguel, Lo Vial, San Miguel",https://portalinmobiliario.com/MLC-4201745622-dos-dormitorios-con-estacionamiento-y-bodega-calle-berlin-_JM
4241427532,4196462190,ALTA,"Dos Dormitorios Con Estacionamiento Y Bodega , Calle Berlin",11.02,450000.0,54,"Berlín 900 - 1200, San Miguel, Lo Vial, San Miguel",https://portalinmobiliario.com/MLC-4241427532-dos-dormitorios-con-estacionamiento-y-bodega-calle-berlin-_JM
2076884019,2059584919,ALTA,Arriendo Sin Comisión  Dueño Directo,10.26,419000.0,47,"Cuarta Avenida 1170, San Miguel, Ciudad Del Niño, San Miguel",https://portalinmobiliario.com/MLC-2076884019-arriendo-sin-comision-dueno-directo-_JM
4229761092,2059584919,ALTA,Funcional Depto 2 Dormitorios,10.26,419000.0,47,"CUARTA AVENIDA / GRAN AVENIDA, Ciudad Del Niño, San Miguel",https://portalinmobiliario.com/MLC-4229761092-funcional-depto-2-dormitorios-_JM
4145427056,4096286872,ALTA,"Depto 1dorm, Metro San Miguel Con Estac.",12.98,530000.0,38,"EL LLANO, El Llano, San Miguel",https://portalinmobiliario.com/MLC-4145427056-depto-1dorm-metro-san-miguel-con-estac-_JM
4173922618,4096286872,ALTA,Depto. 1dorm. Metro San Miguel (157532),12.98,530000.0,42,"Arcángel, El Llano, San Miguel",https://portalinmobiliario.com/MLC-4173922618-depto-1dorm-metro-san-miguel-157532-_JM
2037602727,4098194962,ALTA,"Arrienda Dpto 1d,1b Varas Mena 865, San Miguel",8.08,330000.0,42,"Varas Mena 865, Ciudad Del Niño, San Miguel",https://portalinmobiliario.com/MLC-2037602727-arrienda-dpto-1d1b-varas-mena-865-san-miguel-_JM
4229151556,4098194962,ALTA,"Se Arrienda Amplio Dpto 1d,1b Varas Mena 865, San Miguel",8.08,330000.0,42,"Varas Mena 865, Ciudad Del Niño, San Miguel",https://portalinmobiliario.com/MLC-4229151556-se-arrienda-amplio-dpto-1d1b-varas-mena-865-san-miguel-_JM
3866559060,3583843302,ALTA,"Excelente Sector Residencial, Ideal Para Familia Numerosa.",7600.0,310420404,100,"Prof. Juan Gómez Millas 2905, Ñuñoa, Estadio Nacional, Ñuñoa",https://portalinmobiliario.com/MLC-3866559060-excelente-sector-residencial-ideal-para-familia-numerosa-_JM
4187205764,3959109128,ALTA,Casa En Venta 3 Dorm. Pasaje Cerrado En Ñuñoa,6950.0,283871290,98,"Sucre Casa Para Remodelar Pasaje Cerrado, Metro Ñuñoa, Ñuñoa",https://portalinmobiliario.com/MLC-4187205764-casa-en-venta-3-dorm-pasaje-cerrado-en-nunoa-_JM
4138522758,1935575741,ALTA,Casa En Venta De 5 Dorm. En Ñuñoa Impecable,15800.0,645347682,273,"Pedro De Valdivia / Diagonal Oriente, Metro Ñuñoa, Ñuñoa",https://portalinmobiliario.com/MLC-4138522758-casa-en-venta-de-5-dorm-en-nunoa-impecable-_JM
3556187568,4222355990,ALTA,Casa En Venta De 4 Dorm. En Ñuñoa,13000.0,530982270,183,"José Ignacio Vergara, Plaza Ñuñoa, Ñuñoa",https://portalinmobiliario.com/MLC-3556187568-casa-en-venta-de-4-dorm-en-nunoa-_JM
4134716728,3559931160,ALTA,Amplia Casa En Venta En Ñuñoa. Comodidad De Tener ...,10990.0,448884242,187,"Ñuñoa, Parque Botánico",https://portalinmobiliario.com/MLC-4134716728-amplia-casa-en-venta-en-nunoa-comodidad-de-tener--_JM
3994339136,1873401263,ALTA,"Casa Sólida Con Gran Jardín Y Piscina En Ñuñoa, A ...",23200.0,947599128,231,"Ñuñoa, Diagonal Oriente",https://portalinmobiliario.com/MLC-3994339136-casa-solida-con-gran-jardin-y-piscina-en-nunoa-a--_JM
4042052778,1893577079,ALTA,Casa En Venta De 6 Dormitorios 3 Baños En Ñuñoa,11590.0,473391116,240,"Obispo Orrego 840, Estadio Nacional, Ñuñoa",https://portalinmobiliario.com/MLC-4042052778-casa-en-venta-de-6-dormitorios-3-banos-en-nunoa-_JM
2053535035,3989566776,ALTA,Casa En Venta 4d / 2b / 1e - Ñuñoa ( Carlos Aguirre Luco),11000.0,449292690,147,"CARLOS AGUIRRE LUCO/ PUCARA, Parque Botánico, Ñuñoa",https://portalinmobiliario.com/MLC-2053535035-casa-en-venta-4d-2b-1e-nunoa-carlos-aguirre-luco-_JM
4218351566,4219659640,ALTA,"Estilo Único En Ñuñoa, Doble Altura Y Parquet (171784)",10800.0,441123732,120,"Nueva Hannover 300 - 600, Ñuñoa, Chile, Plaza Egaña, Ñuñoa",https://portalinmobiliario.com/MLC-4218351566-estilo-unico-en-nunoa-doble-altura-y-parquet-171784-_JM
4170370844,2013059717,ALTA,Venta Casa 7d Ñuñoa Con Acceso Independiente,3892.79,159000000.0,120,"Rodrigo De Araya, Juan Gómez Millas, Ñuñoa",https://portalinmobiliario.com/MLC-4170370844-venta-casa-7d-nunoa-con-acceso-independiente-_JM
4201706274,4073490450,ALTA,Casa  Para Renovar Amplio Terreno Ideal Comercial,11300.0,461546127,120,"Avenida Simón Bolívar, 4800, Ñuñoa",https://portalinmobiliario.com/MLC-4201706274-casa-para-renovar-amplio-terreno-ideal-comercial-_JM
4142641662,4109148736,ALTA,Casa En Venta De 4 Dorm. En Ñuñoa,12150.0,496264198,119,"Entre Irarrázaval Y Av. Américo Vespucio, Diagonal Oriente, Ñuñoa",https://portalinmobiliario.com/MLC-4142641662-casa-en-venta-de-4-dorm-en-nunoa-_JM
4239782332,4164845236,ALTA,Linda Casa Ñuñoa  Calle Bremen (172563),10590.0,432546326,142,"Bremen 1 - 300, Metro Simón Bolivar, Ñuñoa",https://portalinmobiliario.com/MLC-4239782332-linda-casa-nunoa-calle-bremen-172563-_JM
4222353314,3991551236,ALTA,"Amplia Y Accesible, En Sector Residencial",11250.0,459503888,140,"Juan Jara 2400 - 2700, Ñuñoa, Metro Monseñor Eyzaguirre, Ñuñoa",https://portalinmobiliario.com/MLC-4222353314-amplia-y-accesible-en-sector-residencial-_JM
3807228474,3745092600,ALTA,Amplia Casa En Rodrigo De Araya. Ñuñoa.,3892.79,159000000.0,140,"Av. Rodrigo De Araya 3690, Ñuñoa, Santiago, Juan Gómez Millas, Ñuñoa",https://portalinmobiliario.com/MLC-3807228474-amplia-casa-en-rodrigo-de-araya-nunoa-_JM
1999205601,3979162708,ALTA,Amplia Casa En Condominio_ Exenta Del Pago De Contribuciones,8500.0,347180715,134,"General Gorostiaga 953, Ñuñoa, Chile, Parque Botánico, Ñuñoa",https://portalinmobiliario.com/MLC-1999205601-amplia-casa-en-condominio-exenta-del-pago-de-contribuciones-_JM
4093520428,3910000488,ALTA,Cerca De Colegios. Gran Casa Familiar En Venta En ...,15000.0,612671850,198,"Ñuñoa, Plaza Egaña",https://portalinmobiliario.com/MLC-4093520428-cerca-de-colegios-gran-casa-familiar-en-venta-en--_JM
4201732502,1938080025,ALTA,Casa Completamente Remodelada - Quincho Y Piscina,15950.0,651474400,202,"Julio Zegers / Pedro Torres, Parque Juan XXIII, Ñuñoa",https://portalinmobiliario.com/MLC-4201732502-casa-completamente-remodelada-quincho-y-piscina-_JM
2076414905,2066886889,ALTA,Casa En Venta De 4 Dorm. En Ñuñoa,6365.56,260000000.0,110,"Av. Américo Vespucio, Diagonal Oriente, Ñuñoa",https://portalinmobiliario.com/MLC-2076414905-casa-en-venta-de-4-dorm-en-nunoa-_JM
2022493089,2020677873,ALTA,Recién Pintada A Pasos Del Metro Los Orientales Supermercad,6500.0,265491135,76,"La Quilla 600 - 900, Ñuñoa, Villa Frei, Ñuñoa",https://portalinmobiliario.com/MLC-2022493089-recien-pintada-a-pasos-del-metro-los-orientales-supermercad-_JM
2039845769,3583806402,ALTA,Casa A Pasos De Metro Principe De Gales,12300.0,502390917,127,"Diego De Almagro, Ñuñoa",https://portalinmobiliario.com/MLC-2039845769-casa-a-pasos-de-metro-principe-de-gales-_JM
4105674042,4063907292,ALTA,Casa Para Remodelar 4d/3b Villaseca - Hernán Cortés,10000.0,408447900,150,"Villaseca 777, Santiago, Ñuñoa, Metro Ñuñoa, Ñuñoa",https://portalinmobiliario.com/MLC-4105674042-casa-para-remodelar-4d3b-villaseca-hernan-cortes-_JM
3817128062,3946835310,ALTA,Casa En Venta De 3 Dorm. En Ñuñoa,11800.0,481968522,180,"Simon Bolivar/Colegio Calasanz, Parque Juan XXIII, Ñuñoa",https://portalinmobiliario.com/MLC-3817128062-casa-en-venta-de-3-dorm-en-nunoa-_JM
4219659642,3789901520,ALTA,"Simón Bolívar, 191 Mts2. Utiles/535 Mts2. Terreno",15450.0,631052006,191,"Pascual Baburriza, 1 - 300, Plaza Egaña, Ñuñoa",https://portalinmobiliario.com/MLC-4219659642-simon-bolivar-191-mts2-utiles535-mts2-terreno-_JM
4201731246,4160032700,ALTA,"Casa En Condominio 5d-3b En Venta, Ñuñoa",10990.0,448884242,188,"Coventry 363, 7750000 Ñuñoa, Región Metropolitana, Chile, Metro Simón Bolivar, Ñuñoa",https://portalinmobiliario.com/MLC-4201731246-casa-en-condominio-5d-3b-en-venta-nunoa-_JM
3620928374,3568655314,ALTA,Casa En Venta En Ñuñoa,12950.0,528940030,177,"República De Israel 1500 - 1800, Santiago, Ñuñoa, Estadio Nacional, Ñuñoa",https://portalinmobiliario.com/MLC-3620928374-casa-en-venta-en-nunoa-_JM
4091662252,3815731556,ALTA,Casa En Venta De 4 Dorm. En Ñuñoa,11000.0,449292690,173,"Villaseca, Metro Ñuñoa, Ñuñoa",https://portalinmobiliario.com/MLC-4091662252-casa-en-venta-de-4-dorm-en-nunoa-_JM
4234266736,2068808235,ALTA,"Casa 2 Pisos Mas Mansarda, 236mts2 / Ñuñoa",9000.0,367603110,236,"San Andrés, 4200 - 4500, Villa Frei, Ñuñoa",https://portalinmobiliario.com/MLC-4234266736-casa-2-pisos-mas-mansarda-236mts2-nunoa-_JM
4161005368,1858302039,ALTA,Casa Con Alto Potencial Comercial Avda.ossa,8750.0,357391912,153,"OSSA, 300 - 600, Plaza Egaña, Ñuñoa",https://portalinmobiliario.com/MLC-4161005368-casa-con-alto-potencial-comercial-avdaossa-_JM
4146252294,1954097041,ALTA,"Casa Amplia 2 Pisos En Venta  Macul, Excequiel Fernández...",,155000000.0,142,"Campus San Joaquín, Macul",https://portalinmobiliario.com/MLC-4146252294-casa-amplia-2-pisos-en-venta-macul-excequiel-fernandez-_JM
3773039366,1941262355,ALTA,"Villa Campus, Macul",,340000000.0,99,"Los Biólogos 2773, Macul, Campus San Joaquín, Macul",https://portalinmobiliario.com/MLC-3773039366-villa-campus-macul-_JM
2082075959,1935691915,ALTA,Casa En Venta En Lomas De Macul Con Jardín,,140000000.0,120,"Pje. C 5572, Macul, Chile, Lomas De Macul, Macul",https://portalinmobiliario.com/MLC-2082075959-casa-en-venta-en-lomas-de-macul-con-jardin-_JM
4247385950,4238306642,ALTA,Casa En Venta Macul Frente A Metro Pedreros,,285000000.0,110,"Av. Marathón 2034, Macul, Chile, Macul",https://portalinmobiliario.com/MLC-4247385950-casa-en-venta-macul-frente-a-metro-pedreros-_JM
2053115973,4135261432,ALTA,Tu Refugio Familiar En Macul: Casa De 4 Dormitor (175125),5998.32,245000000.0,163,"Avenida Marathón 2100 - 2400, Las Dalias, Macul",https://portalinmobiliario.com/MLC-2053115973-tu-refugio-familiar-en-macul-casa-de-4-dormitor-175125-_JM
3803508190,4186973518,ALTA,Casa Con Gran Terreno Y Living Doble Altura | 5d 3b | Macul,,480000000.0,167,"Madreselvas 4200 - 4500, Macul, Metro Quilín, Macul",https://portalinmobiliario.com/MLC-3803508190-casa-con-gran-terreno-y-living-doble-altura-5d-3b-macul-_JM
4160889626,4120946144,ALTA,"Departamento 2 Dormitorios En Venta, A Pasos De Estación Me",,99000000.0,39,"Avenida Macul 6310, Macul, Chile, Metro Macul, Macul",https://portalinmobiliario.com/MLC-4160889626-departamento-2-dormitorios-en-venta-a-pasos-de-estacion-me-_JM
2092204545,3939135284,ALTA,En Venta Depto En Av.quilín Con Macul,,105000000.0,44,"Avenida Quilin 3375, Macul, Chile, Villa Macul, Macul",https://portalinmobiliario.com/MLC-2092204545-en-venta-depto-en-avquilin-con-macul-_JM
4219656382,4012883998,ALTA,Ideal Inversión En Sector Exclusivo (171817),,135000000.0,63,"Avenida Escuela Agrícola 1500 - 1800, Macul, Chile, Metro Camino Agrícola, Macul",https://portalinmobiliario.com/MLC-4219656382-ideal-inversion-en-sector-exclusivo-171817-_JM
4234129702,2071198585,ALTA,Estudio Amoblado Piso 2 Sgarantia 2 Cuotas Metro Camino Agri,,350000.0,33,"Estudio Amoblado Sin Cheque Sin Aval, Metro Camino Agrícola, Macul",https://portalinmobiliario.com/MLC-4234129702-estudio-amoblado-piso-2-sgarantia-2-cuotas-metro-camino-agri-_JM
2082159007,2001123047,ALTA,Arriendo Departamento Macul,,380000.0,33,"LOS ESPINOS CON EXEQUIEL FERNANDEZ, Las Dalias, Macul",https://portalinmobiliario.com/MLC-2082159007-arriendo-departamento-macul-_JM
4191179894,2059579499,ALTA,Metro Macul / Condominio Las Palmas / Entrega Inmediata,,390000.0,35,"Avenida Sergio Vieira De Mello 6300 - 6600, Macul, Chile, Metro Macul, Macul",https://portalinmobiliario.com/MLC-4191179894-metro-macul-condominio-las-palmas-entrega-inmediata-_JM
2092297125,2074084409,ALTA,"Dpto. 2d/1b A Pasos Del Metro Las Torres, Macul",,430000.0,45,"Av. Américo Vespucio 4451, Macul, Metro Las Torres, Macul",https://portalinmobiliario.com/MLC-2092297125-dpto-2d1b-a-pasos-del-metro-las-torres-macul-_JM
4201706550,2046335829,ALTA,Depto 2d 2b En Macul · Semi Amoblado · Urban Up,,560000.0,46,"Los Clarines 3050, Las Dalias, Macul",https://portalinmobiliario.com/MLC-4201706550-depto-2d-2b-en-macul-semi-amoblado-urban-up-_JM
2076834615,4130595974,ALTA,Departamento 1 Dormitorio Con Estacionamiento Metro Macul,,380000.0,45,"Sergio Vieira De Mello 6220, Macul, Chile, Metro Macul, Macul",https://portalinmobiliario.com/MLC-2076834615-departamento-1-dormitorio-con-estacionamiento-metro-macul-_JM
4229045254,4229045248,ALTA,Retail Ramon Cruz Montt 3291 Arriendo Depto 1 Dorm,11.02,450000.0,43,"Ramón Cruz Montt 3291, Metro Quilín, Macul",https://portalinmobiliario.com/MLC-4229045254-retail-ramon-cruz-montt-3291-arriendo-depto-1-dorm-_JM
2069555349,4201730556,ALTA,Depto 2d 2b Con Estacionamiento Y Bodega  Av Macul Rm,,650000.0,48,"Av. Macul 3474, Villa Macul, Macul",https://portalinmobiliario.com/MLC-2069555349-depto-2d-2b-con-estacionamiento-y-bodega-av-macul-rm-_JM
4247386664,4206499568,ALTA,Arriendo Dpto 2d/1b Metro Macul,,400000.0,50,"Avenida Macul, 6335, Metro Macul, Macul",https://portalinmobiliario.com/MLC-4247386664-arriendo-dpto-2d1b-metro-macul-_JM
4198332436,4168146030,ALTA,Larrondo Propiedades Dept 2d 1b Con Estac. Macul Con Quilín,,480000.0,48,"Av. Macul 3198, Macul, Santa Julia De Macul, Macul",https://portalinmobiliario.com/MLC-4198332436-larrondo-propiedades-dept-2d-1b-con-estac-macul-con-quilin-_JM
4230663818,4225060950,ALTA,Habite En Un Lugar Tranquilo Y Comodo Departamento,,550000.0,54,"Los Plátanos, 3295, Santa Julia De Macul, Macul",https://portalinmobiliario.com/MLC-4230663818-habite-en-un-lugar-tranquilo-y-comodo-departamento-_JM
4246166218,2071202591,ALTA,Lindo Departamento Al Lado Del Metro Las Torres,,435000.0,55,"Avenida Américo Vespucio, 4601, Metro Las Torres, Macul",https://portalinmobiliario.com/MLC-4246166218-lindo-departamento-al-lado-del-metro-las-torres-_JM
4093523726,4093497772,ALTA,Departamento 2d &#43; 2b Condominio Laguna Centro,,520000.0,54,"Av Quilin 155, Metro Carlos Valdovinos, Macul",https://portalinmobiliario.com/MLC-4093523726-departamento-2d-43-2b-condominio-laguna-centro-_JM
4155687752,2011908321,ALTA,Departamento Avenida Quilin Id: 174094,,350000.0,30,"Avenida Quilin, Metro Carlos Valdovinos, Macul",https://portalinmobiliario.com/MLC-4155687752-departamento-avenida-quilin-id-174094-_JM
2091490963,4126582810,ALTA,Moderno 1d Amoblado Con Terraza Y Ac En Macul,,400000.0,30,"Av. Quilin 1 - 300, Macul, Metro Carlos Valdovinos, Macul",https://portalinmobiliario.com/MLC-2091490963-moderno-1d-amoblado-con-terraza-y-ac-en-macul-_JM
2053132961,2053132959,ALTA,Edificio Missouri Vista Nororiente Piso 14,,360000.0,30,"Missouri 3885, Metro Macul, Macul",https://portalinmobiliario.com/MLC-2053132961-edificio-missouri-vista-nororiente-piso-14-_JM
4246173550,2071210295,ALTA,Descuento En Arriendo Macul 2d/2b/estc/bodega,,550000.0,64,"Santa Cristina, 3148, Escuela Agrícola, Macul",https://portalinmobiliario.com/MLC-4246173550-descuento-en-arriendo-macul-2d2bestcbodega-_JM
4246172092,2070935089,ALTA,Arriendo Estudio  En Sector Universitario,,340000.0,25,"Vicuña Mackenna, 4192, Metro Camino Agrícola, Macul",https://portalinmobiliario.com/MLC-4246172092-arriendo-estudio-en-sector-universitario-_JM
4222350526,4219661442,ALTA,Se Arrienda Dpto Full Amoblado Con Bodega  Metro Cam. Agrico,,300000.0,23,"Arturo Prat 4327, Macul, Metro Camino Agrícola, Macul",https://portalinmobiliario.com/MLC-4222350526-se-arrienda-dpto-full-amoblado-con-bodega-metro-cam-agrico-_JM
4159954370,4134820584,ALTA,Se Arrienda Depto Monoambiente Con Estac Y Bod A Pasos Metro,,340000.0,26,"Av. Escuela Agrícola 1710, Macul, Metro Carlos Valdovinos, Macul",https://portalinmobiliario.com/MLC-4159954370-se-arrienda-depto-monoambiente-con-estac-y-bod-a-pasos-metro-_JM
4219656358,4191764008,ALTA,Arriendo Departamento 1d 1b En Macul 3727,,340000.0,27,"Armando Moock 3727, Macul, Villa Macul, Macul",https://portalinmobiliario.com/MLC-4219656358-arriendo-departamento-1d-1b-en-macul-3727-_JM
4182758892,2013910175,ALTA,"Arriendo Dp. 1d Full Equipado, Balcón Y Bodega",,420000.0,38,"Madreselva - Arriendo 1D1B Balcón, 3020, Las Dalias, Macul",https://portalinmobiliario.com/MLC-4182758892-arriendo-dp-1d-full-equipado-balcon-y-bodega-_JM
4176373512,4125904090,ALTA,"Vista Despejada, 1d1b+est+bx -promo 6 Meses A 380!! -",,410000.0,39,"Madreselvas 3000 - 3300, Macul, Las Dalias, Macul",https://portalinmobiliario.com/MLC-4176373512-vista-despejada-1d1bestbx-promo-6-meses-a-380--_JM
2063373987,2037563535,ALTA,Nuevo Departamento En Arriendo 2d 1b 1e/ Escuela Agricola,,500000.0,42,"Ezequiel Fernandez 3526, Escuela Agrícola, Macul",https://portalinmobiliario.com/MLC-2063373987-nuevo-departamento-en-arriendo-2d-1b-1e-escuela-agricola-_JM
2070925385,4145334156,ALTA,Departamento Semi Amoblado Frente A Metro Camino Agrícola,,420000.0,39,"METRO CAMINO AGRÍCOLA, Metro Camino Agrícola, Macul",https://portalinmobiliario.com/MLC-2070925385-departamento-semi-amoblado-frente-a-metro-camino-agricola-_JM
4229044416,4223492588,ALTA,Arriendo Departamento 3d 2b 1e 2b En Macul.,,600000.0,73,"Av. Américo Vespucio 4601, Macul, Metro Las Torres, Macul",https://portalinmobiliario.com/MLC-4229044416-arriendo-departamento-3d-2b-1e-2b-en-macul-_JM
2074076033,2035109941,ALTA,Arriendo Departamento En Macul 2d2b,,450000.0,70,"Av. Macul 2795, Macul, Las Dalias, Macul",https://portalinmobiliario.com/MLC-2074076033-arriendo-departamento-en-macul-2d2b-_JM
4218346312,4216701734,ALTA,Casa Ampliada Regularizada 2d/2b (176485),,75000000.0,68,"Aillaguriche 1 - 300, San José De La Estrella, La Florida",https://portalinmobiliario.com/MLC-4218346312-casa-ampliada-regularizada-2d2b-176485-_JM
2071205465,3616525846,ALTA,Se Vende  Casa En Avenida Vicuña Mckenna 9967,,315000000.0,70,"Avenida Vicuña Mackenna, 9967, Trinidad, La Florida",https://portalinmobiliario.com/MLC-2071205465-se-vende-casa-en-avenida-vicuna-mckenna-9967-_JM
1965957135,3968098670,ALTA,Av La Florida / Santa Inés,,195000000.0,70,La Florida,https://portalinmobiliario.com/MLC-1965957135-av-la-florida-santa-ines-_JM
2049091967,2001431657,ALTA,Casa En Venta-amplia Y Funcional Con Excelente Potencial,,110000000.0,70,"Los Verdales 6342, La Florida, Lo Cañas - Alto Macul, La Florida",https://portalinmobiliario.com/MLC-2049091967-casa-en-venta-amplia-y-funcional-con-excelente-potencial-_JM
4229316580,3968824004,ALTA,Se Vende Hermosa Casa De 2 Pisos En La Florida,,200000000.0,114,"AVENIDA PERÚ, La Florida",https://portalinmobiliario.com/MLC-4229316580-se-vende-hermosa-casa-de-2-pisos-en-la-florida-_JM
4244617470,2024981163,ALTA,Oportunidad En La Florida (166435),,180000000.0,114,"Raihuen 1 - 300, La Florida Alto, La Florida",https://portalinmobiliario.com/MLC-4244617470-oportunidad-en-la-florida-166435-_JM
3941859694,1949785643,ALTA,"Casa 4d-3b, Jardines De La Viña, La Florida",,310000000.0,140,"Rojas Magallanes 5100 - 5400, La Florida, Jardines De La Viña, La Florida",https://portalinmobiliario.com/MLC-3941859694-casa-4d-3b-jardines-de-la-vina-la-florida-_JM
4244617190,2050886185,ALTA,Maravillosa Casa (172974),,418000000.0,139,"Camino Del Paisaje, La Florida, Chile, Lo Cañas - Alto Macul, La Florida",https://portalinmobiliario.com/MLC-4244617190-maravillosa-casa-172974-_JM
2061590229,2057052211,ALTA,Mz04 Hermosa Casa En Venta La Florida Walker Martinez,,138000000.0,98,"Pl. El Lingue 3461, La Florida, La Florida Alto, La Florida",https://portalinmobiliario.com/MLC-2061590229-mz04-hermosa-casa-en-venta-la-florida-walker-martinez-_JM
4102138982,3893370042,ALTA,"Se Vende Casa  3 Dormitorio, Patio Pje Cerrado La Florida",,145000000.0,91,"Salvia, La Florida, La Florida",https://portalinmobiliario.com/MLC-4102138982-se-vende-casa-3-dormitorio-patio-pje-cerrado-la-florida-_JM
4243844420,4168017390,ALTA,Jardin Alto (172965),,172000000.0,91,"Jardín Alto & Santa Inés, La Florida, Chile, La Florida Alto, La Florida",https://portalinmobiliario.com/MLC-4243844420-jardin-alto-172965-_JM
2089683345,2024981227,ALTA,"Vivienda Luminosa, Ideal Para Familias (151494)",,270000000.0,126,"Dagoberto Godoy 1 - 300, La Florida",https://portalinmobiliario.com/MLC-2089683345-vivienda-luminosa-ideal-para-familias-151494-_JM
2087344139,1859625239,ALTA,Venta Casa Villa Nuevo Amanecer La Florida (114417),,124000000.0,84,"Volcán Quetrupillán 1 - 300, Nuevo Amanecer - Chacón Zamora, La Florida",https://portalinmobiliario.com/MLC-2087344139-venta-casa-villa-nuevo-amanecer-la-florida-114417-_JM
4229746714,2089984275,ALTA,"Amplia Casa 3 Dormitorios, Las Acacias, La Florida",6855.22,280000000.0,87,"Las Acacias, La Florida, Vicente Valdés, La Florida",https://portalinmobiliario.com/MLC-4229746714-amplia-casa-3-dormitorios-las-acacias-la-florida-_JM
4145322328,1967129393,ALTA,Casa Grum Espino Id: 155685,,158000000.0,135,"Grum Espino, Rojas Magallanes, La Florida",https://portalinmobiliario.com/MLC-4145322328-casa-grum-espino-id-155685-_JM
2091484739,4222359038,ALTA,"Venta Casa 4h,2b - Gran Terreno - V. Makenna  Metro Trinidad",,315000000.0,78,"Av. Vicuña Mackenna 9967, La Florida, Trinidad, La Florida",https://portalinmobiliario.com/MLC-2091484739-venta-casa-4h2b-gran-terreno-v-makenna-metro-trinidad-_JM
1894902649,1894877635,ALTA,Propiedad Metro Los Quillayes.,,130000000.0,78,"Joaquín Tocornal, La Florida, Santiago Metropolitan Region 8240000, Chile, Los Quillayes, La Florida",https://portalinmobiliario.com/MLC-1894902649-propiedad-metro-los-quillayes-_JM
4218343272,2076837141,ALTA,"Cipres Cordillerano / La Florida, 189 M2, 3 Dorm, 2 B, Estac",,180000000.0,73,"Ciprés Cordillerano 9328, La Florida, Región Metropolitana De Santiago 8240000, Chile, La Florida Alto, La Florida",https://portalinmobiliario.com/MLC-4218343272-cipres-cordillerano-la-florida-189-m2-3-dorm-2-b-estac-_JM
2079667125,3775549072,ALTA,Casa Con Amplio Terreno En Un Tranquilo Sector De La Florida,,155000000.0,51,"Okinawa 6876, La Florida, La Florida",https://portalinmobiliario.com/MLC-2079667125-casa-con-amplio-terreno-en-un-tranquilo-sector-de-la-florida-_JM
4247390966,4235780118,ALTA,Casa En Venta De 4d 2b. En La Florida,,85000000.0,50,"Bahia Catalina / Voz Del Viento, Los Quillayes, La Florida",https://portalinmobiliario.com/MLC-4247390966-casa-en-venta-de-4d-2b-en-la-florida-_JM
4244617170,4168017120,ALTA,Ideal Ser Comercial En Sector Residencial (172989),,300000000.0,30,"José Miguel Carrera & Manutara, La Florida, Chile, Trinidad, La Florida",https://portalinmobiliario.com/MLC-4244617170-ideal-ser-comercial-en-sector-residencial-172989-_JM
1987005985,4102136020,ALTA,Preciosos Departamentos Nuevos,2379.0,97169755,34,"Alonso De Ercilla 7801, La Florida, Vicente Valdés, La Florida",https://portalinmobiliario.com/MLC-1987005985-preciosos-departamentos-nuevos-_JM
2089683547,1841934993,ALTA,Departamento En Venta De 2 Dorm. En La Florida,,215000000.0,73,"Santuario De Schoenstatt, Vicente Valdés, La Florida",https://portalinmobiliario.com/MLC-2089683547-departamento-en-venta-de-2-dorm-en-la-florida-_JM
1947014623,4210790966,ALTA,Departamento Avenida Vicuña Mackenna Poniente Id: 142989,,149000000.0,67,"Avenida Vicuña Mackenna Poniente, Plaza Vespucio, La Florida",https://portalinmobiliario.com/MLC-1947014623-departamento-avenida-vicuna-mackenna-poniente-id-142989-_JM
3914625570,3560621394,ALTA,"Se Vende, 3 Dormitorios, Oportunidad",,84000000.0,48,"Mirador Azul, La Florida, Metro Mirador, La Florida",https://portalinmobiliario.com/MLC-3914625570-se-vende-3-dormitorios-oportunidad-_JM
4235155306,2048431005,ALTA,Hermosa Vista Departamento  En Piso 5 La Florida,,105000000.0,54,"Colombia, 8051, Vicente Valdés, La Florida",https://portalinmobiliario.com/MLC-4235155306-hermosa-vista-departamento-en-piso-5-la-florida-_JM
4243839182,4229764408,ALTA,"Departamento 2 Dorm. 2 Baños, Vic. Mackenna Pte./membrillar",,110000000.0,46,"Vicuña Mackenna Poniente, La Fllorida, Plaza Vespucio, La Florida",https://portalinmobiliario.com/MLC-4243839182-departamento-2-dorm-2-banos-vic-mackenna-ptemembrillar-_JM
2018149599,3982883476,ALTA,"Departamento Para Remodelar La Florida,  Metro Santa Julia",,70000000.0,60,"Av. Américo Vespucio 8100 - 8400, La Florida, Metro Santa Julia, La Florida",https://portalinmobiliario.com/MLC-2018149599-departamento-para-remodelar-la-florida-metro-santa-julia-_JM
4073490440,1999209805,ALTA,2d + 2b + Est. + Bod. / Walker Martínez / Ongolmo,,150000000.0,59,"La Florida Alto, La Florida",https://portalinmobiliario.com/MLC-4073490440-2d-2b-est-bod-walker-martinez-ongolmo-_JM
4100161196,4026676126,ALTA,"Precioso Depto 2d, 2b Mas 1e Y 1b, Rupanco 398",,105000000.0,59,"Rupanco 398, La Florida, Plaza Vespucio, La Florida",https://portalinmobiliario.com/MLC-4100161196-precioso-depto-2d-2b-mas-1e-y-1b-rupanco-398-_JM
2089683623,2076420587,ALTA,Venta Depto 3d/2b/1b La Florida (132123),,130000000.0,80,"Atahualpa, Plaza Vespucio, La Florida",https://portalinmobiliario.com/MLC-2089683623-venta-depto-3d2b1b-la-florida-132123-_JM
2091984655,4138903414,ALTA,Casa 4 D - 4 B / 4 Estac.,,1180000.0,185,"SANTA JULIA/ORQUEN, La Florida Alto, La Florida",https://portalinmobiliario.com/MLC-2091984655-casa-4-d-4-b-4-estac-_JM
4247385276,4208896032,ALTA,Arriendo Con Compromiso De Compra La Florida,,490000.0,100,"Julio Cesar, S/N, San José De La Estrella, La Florida",https://portalinmobiliario.com/MLC-4247385276-arriendo-con-compromiso-de-compra-la-florida-_JM
4138310816,4077915350,ALTA,"Casa Arriendo 6d/5b 2e, Bodegas Quincho Terraza Patio Jardín",,1790000.0,200,"Sta Sofía 6600 - 6900, Santiago, La Florida, Lo Cañas - Alto Macul, La Florida",https://portalinmobiliario.com/MLC-4138310816-casa-arriendo-6d5b-2e-bodegas-quincho-terraza-patio-jardin-_JM
4146277000,1501858293,ALTA,Edificio Mirador Capital Vista Nororiente Piso 7,,375000.0,28,"Av. Vicuña Mackenna Ote. 6197, Metro Mirador, La Florida",https://portalinmobiliario.com/MLC-4146277000-edificio-mirador-capital-vista-nororiente-piso-7-_JM
4239785426,2082127883,ALTA,Metro Bellavista De La Florida / Metro Vicuña Mackenna,,320000.0,28,"Avenida Vicuña Mackenna Oriente, 7320, Plaza Vespucio, La Florida",https://portalinmobiliario.com/MLC-4239785426-metro-bellavista-de-la-florida-metro-vicuna-mackenna-_JM
2053541749,2053529281,ALTA,Edificio Av. Vicuña Mackenna Vista Oriente Piso 5,,380000.0,29,"Av. Vicuña Mackenna 6896, Plaza Vespucio, La Florida",https://portalinmobiliario.com/MLC-2053541749-edificio-av-vicuna-mackenna-vista-oriente-piso-5-_JM
4244620070,2071202297,ALTA,Arriendo Departamento Studio Metro Vicente Valdes,,320000.0,32,"Avenida Vicuña Mackenna, 7770, Vicente Valdés, La Florida",https://portalinmobiliario.com/MLC-4244620070-arriendo-departamento-studio-metro-vicente-valdes-_JM
2079325547,2079124037,ALTA,Depto. 1d + 1b En La Florida [id: W21254],,240000.0,31,"Vicuña Mackenna 6896, Rojas Magallanes, La Florida",https://portalinmobiliario.com/MLC-2079325547-depto-1d-1b-en-la-florida-id-w21254-_JM
4235157992,2072653935,ALTA,Moderno Departamento 2d+2b+1b W Martinez/colombia,,490000.0,47,"Colombia 7500 - 7800, La Florida, Vicente Valdés, La Florida",https://portalinmobiliario.com/MLC-4235157992-moderno-departamento-2d2b1b-w-martinezcolombia-_JM
4235160634,2066635133,ALTA,Departamento En Arriendo En W. Martinez 2d+1b+1e,,475000.0,45,"Walker Martínez 1600, La Florida, La Florida",https://portalinmobiliario.com/MLC-4235160634-departamento-en-arriendo-en-w-martinez-2d1b1e-_JM
4118608554,4118621408,ALTA,Nuevo Y Gran Depto 2h2b Con Promoción 390k Por 2 Meses,,390000.0,45,"FROILAN ROA 5746, La Florida",https://portalinmobiliario.com/MLC-4118608554-nuevo-y-gran-depto-2h2b-con-promocion-390k-por-2-meses-_JM
4246174922,4138903504,ALTA,Arriendo Departamento 2 Dormitorio La Florida,,440000.0,45,"AVENIDA VICUÑA MACKENNA 8840, Rojas Magallanes, La Florida",https://portalinmobiliario.com/MLC-4246174922-arriendo-departamento-2-dormitorio-la-florida-_JM
4160889270,4142591614,ALTA,Edificio Torres De Vicuña Mackenna Vista Norte Piso 20,,478000.0,46,"Av. Vicuña Mackenna Pte. 6456, Metro Mirador, La Florida",https://portalinmobiliario.com/MLC-4160889270-edificio-torres-de-vicuna-mackenna-vista-norte-piso-20-_JM
4247981658,2087356997,ALTA,Vicuña Mackenna 8840-metro Rojas Magallanes 2d+1b+estac+bode,,430000.0,47,"METRO ROJAS MAGALLANES, Rojas Magallanes, La Florida",https://portalinmobiliario.com/MLC-4247981658-vicuna-mackenna-8840-metro-rojas-magallanes-2d1bestacbode-_JM
4212659766,1949437593,ALTA,Edificio Lia Aguirre Vista Sur Piso 13,,263000.0,16,"Lia Aguirre 95, Plaza Vespucio, La Florida",https://portalinmobiliario.com/MLC-4212659766-edificio-lia-aguirre-vista-sur-piso-13-_JM
4208897382,2079805439,ALTA,Edificio Lia Aguirre Vista Sur Piso 9,,275000.0,16,"Lia Aguirre 95, Plaza Vespucio, La Florida",https://portalinmobiliario.com/MLC-4208897382-edificio-lia-aguirre-vista-sur-piso-9-_JM
4211499708,4211492016,ALTA,Departamento Avenida Vicuña Mackenna Oriente Id: 174527,,350000.0,24,"Avenida Vicuña Mackenna Oriente, Plaza Vespucio, La Florida",https://portalinmobiliario.com/MLC-4211499708-departamento-avenida-vicuna-mackenna-oriente-id-174527-_JM
4182532890,4182520640,ALTA,Departamento Vicuña Mackenna Id: 175147,,224000.0,23,"Vicuña Mackenna, Rojas Magallanes, La Florida",https://portalinmobiliario.com/MLC-4182532890-departamento-vicuna-mackenna-id-175147-_JM
4130993522,4130605156,ALTA,Departamento Froilán Roa Id: 151752,,360000.0,35,"Froilán Roa, La Florida",https://portalinmobiliario.com/MLC-4130993522-departamento-froilan-roa-id-151752-_JM
2063354257,2009494509,ALTA,Se Arrienda  Depto Nuevo A Pasos De Metro Vicente Valdes,,440000.0,37,"OFERTA! ARRIENDO DE $440.000 X 3 MESES Y AL 4TO MES $470.00”, Vicente Valdés, La Florida",https://portalinmobiliario.com/MLC-2063354257-se-arrienda-depto-nuevo-a-pasos-de-metro-vicente-valdes-_JM
2079123469,4187196056,ALTA,Departamento En Arriendo De 1 Dorm. En La Florida,,630000.0,37,"Condomicio Alta Vista, Lo Cañas - Alto Macul, La Florida",https://portalinmobiliario.com/MLC-2079123469-departamento-en-arriendo-de-1-dorm-en-la-florida-_JM
4218755660,4212657292,ALTA,Depto En La Florida Con Cocina Equipada,,370000.0,37,"Alonso De Ercilla, 7698, Vicente Valdés, La Florida",https://portalinmobiliario.com/MLC-4218755660-depto-en-la-florida-con-cocina-equipada-_JM
2061554315,4073489800,ALTA,"1d + 1b Vista Despejada, Excelente Conectividad",,355000.0,36,"Froilán Lagos Sepúlveda 1360, La Florida, Plaza Vespucio, La Florida",https://portalinmobiliario.com/MLC-2061554315-1d-1b-vista-despejada-excelente-conectividad-_JM
4179290512,2059396515,ALTA,Dpto De Una Habitacion A Estrenar Con Bodega En La Florida,,380000.0,33,"Froilán Roa 633, La Florida, Metro Mirador, La Florida",https://portalinmobiliario.com/MLC-4179290512-dpto-de-una-habitacion-a-estrenar-con-bodega-en-la-florida-_JM
4230685600,4225847432,ALTA,"Arriendo La Florida ,2d , 2b ,estacionamiento Y Bodega",,560000.0,58,"Gerónimo De Alderete, 1790, La Florida",https://portalinmobiliario.com/MLC-4230685600-arriendo-la-florida-2d-2b-estacionamiento-y-bodega-_JM
4201731298,4210802668,ALTA,Walker Martinez - Con Estacionamiento,,550000.0,60,"Walker Martinez 3350, La Florida Alto, La Florida",https://portalinmobiliario.com/MLC-4201731298-walker-martinez-con-estacionamiento-_JM
4201743556,4201705254,ALTA,Departamento En Av. Walker Martinez 1600,,460000.0,60,"Av Walker Martinez 1600, La Florida",https://portalinmobiliario.com/MLC-4201743556-departamento-en-av-walker-martinez-1600-_JM
4229045258,2081856463,ALTA,Vicuña Mackenna 10811 Depto 2 Dorm 2 Baños Terraza Piso 6,,489100.0,58,"Vicuña Mackenna 10811, La Florida, Los Quillayes, La Florida",https://portalinmobiliario.com/MLC-4229045258-vicuna-mackenna-10811-depto-2-dorm-2-banos-terraza-piso-6-_JM
4217926314,4205338968,ALTA,Arriendo 2 Dorm+2 Baños+estac.metro Bellavista La Florida,,560000.0,58,"Serafín Zamora 1 - 300, La Florida, Plaza Vespucio, La Florida",https://portalinmobiliario.com/MLC-4217926314-arriendo-2-dorm2-banosestacmetro-bellavista-la-florida-_JM
4203947088,2069477749,ALTA,"Dep De 2d, 2b, 1b, 1e, Dueño Directo",,550000.0,60,"Gerónimo De Alderete 1800 - 2100, La Florida, La Florida Alto, La Florida",https://portalinmobiliario.com/MLC-4203947088-dep-de-2d-2b-1b-1e-dueno-directo-_JM
2073962389,4170195234,ALTA,Departamento En Arriendo De 2 Dorm. 2 Baños. En La Florida,,490000.0,52,"A Pasos Del Metro Mirador, Metro Mirador, La Florida",https://portalinmobiliario.com/MLC-2073962389-departamento-en-arriendo-de-2-dorm-2-banos-en-la-florida-_JM
2062111767,4093524112,ALTA,Vive La Comodidad En Tu Nuevo Hogar (175663),,320000.0,48,"Walker Martínez, La Florida",https://portalinmobiliario.com/MLC-2062111767-vive-la-comodidad-en-tu-nuevo-hogar-175663-_JM
2092204631,2016676217,ALTA,"Se Vende Depto Con Excelente Ubicación, La Florida",,100000000.0,50,"Avenida Vicuña Mackenna 7735, La Florida, Chile, Vicente Valdés, La Florida",https://portalinmobiliario.com/MLC-2092204631-se-vende-depto-con-excelente-ubicacion-la-florida-_JM
2053130347,4152845548,ALTA,Arriendo Depto 2 Dormitorios 2 Baños. Parque Walker Martínez,,480000.0,48,"Walker Martínez 1100, La Florida",https://portalinmobiliario.com/MLC-2053130347-arriendo-depto-2-dormitorios-2-banos-parque-walker-martinez-_JM
4229046058,4228883766,ALTA,Exequiel Fernandez 6100 Depto 2 Dorms Con Terraza Piso 4,,449800.0,51,"Exequiel Fernández 6100, Metro Mirador, La Florida",https://portalinmobiliario.com/MLC-4229046058-exequiel-fernandez-6100-depto-2-dorms-con-terraza-piso-4-_JM
4202057908,4151690686,ALTA,"Arriendo Depto 2d, 2b, 1 Est, Bodega, W.martinez, La Florida",,500000.0,55,"WALKER MARTINEZ / AVDA. LA FLORIDA, La Florida",https://portalinmobiliario.com/MLC-4202057908-arriendo-depto-2d-2b-1-est-bodega-wmartinez-la-florida-_JM
2070820637,4139256828,ALTA,Arriendo Departamento 1 Ambiente  (171180),,430000.0,54,"Inés De Suárez, Vicente Valdés, La Florida",https://portalinmobiliario.com/MLC-2070820637-arriendo-departamento-1-ambiente-171180-_JM
4230665394,4225847352,ALTA,Cercano  A Varios Metros 15 Minutos Caminando Buen Sector,,500000.0,39,"Alonso De Ercilla, 7625, Vicente Valdés, La Florida",https://portalinmobiliario.com/MLC-4230665394-cercano-a-varios-metros-15-minutos-caminando-buen-sector-_JM
2079333567,4164891412,ALTA,"Acogedor Departamento De 1 Dormitorio, Muy Bien Ubicado",,300000.0,38,"Av. Vicuña Mackenna Poniente 6600 - 6900, La Florida, Plaza Vespucio, La Florida",https://portalinmobiliario.com/MLC-2079333567-acogedor-departamento-de-1-dormitorio-muy-bien-ubicado-_JM
4245409782,4206487378,ALTA,"Nuevo Depto 1  D 1 B , Estacionamiento  Y Bodega",,450000.0,38,"Millalongo, 72, Plaza Vespucio, La Florida",https://portalinmobiliario.com/MLC-4245409782-nuevo-depto-1-d-1-b-estacionamiento-y-bodega-_JM
4248036870,4212348952,ALTA,Vicuña Mackenna 7197 & Depto Nuevo,,340000.0,39,"5 DIAS SIN  COSTO PARA TU CAMBIO, Plaza Vespucio, La Florida",https://portalinmobiliario.com/MLC-4248036870-vicuna-mackenna-7197-depto-nuevo-_JM
4134090056,2079323615,ALTA,"Cercano A Metro, Centro Comercial, Hospitales",,420000.0,39,"Lago Pirihueico 6502, La Florida, Plaza Vespucio, La Florida",https://portalinmobiliario.com/MLC-4134090056-cercano-a-metro-centro-comercial-hospitales-_JM
3951914492,2048431081,ALTA,Depto Nuevo De 2d Y 1b / Sin Comisión,,390000.0,40,"Av. La Florida 10397, La Florida, Los Quillayes, La Florida",https://portalinmobiliario.com/MLC-3951914492-depto-nuevo-de-2d-y-1b-sin-comision-_JM
4228883624,4228882944,ALTA,Vicuña Mackenna 10811 Depto 1 Dorm Con Terraza Piso 6,,342000.0,40,"Vicuña Mackenna 10811, La Florida, Los Quillayes, La Florida",https://portalinmobiliario.com/MLC-4228883624-vicuna-mackenna-10811-depto-1-dorm-con-terraza-piso-6-_JM
2061589205,2061589165,ALTA,Depto. La Florida - Walker Martinez 288 (2d 2b E),,420000.0,40,"Avenida Walker Martínez, La Florida, La Florida",https://portalinmobiliario.com/MLC-2061589205-depto-la-florida-walker-martinez-288-2d-2b-e-_JM
4108979910,2018304411,ALTA,Depto Arriendo Dormitorio | 1 Baño | 38 M² (nuevo Sin Uso),,390000.0,38,"Gerónimo De Alderete 396, La Florida, Vicente Valdés, La Florida",https://portalinmobiliario.com/MLC-4108979910-depto-arriendo-dormitorio-1-bano-38-m-nuevo-sin-uso-_JM
4182777504,4182751908,ALTA,Dpto La Florida Con Conectividad Seguro 24/7,,460000.0,65,"Gerónimo De Alderete, La Florida, La Granja, La Florida",https://portalinmobiliario.com/MLC-4182777504-dpto-la-florida-con-conectividad-seguro-247-_JM
4151741734,4096288268,ALTA,Metro Rojas Magallanes 3d/2b/1estac/1bod,,600000.0,65,"METRO ROJAS MAGALLANES, Rojas Magallanes, La Florida",https://portalinmobiliario.com/MLC-4151741734-metro-rojas-magallanes-3d2b1estac1bod-_JM
1953787891,1894471237,ALTA,"Casa Con Maravilloso Patio, En Venta En Ñuñoa",17000.0,694361430,207,"Ñuñoa, Parque Juan XXIII",https://portalinmobiliario.com/MLC-1953787891-casa-con-maravilloso-patio-en-venta-en-nunoa-_JM
2049064733,3946807538,ALTA,Casa Con Patente Comercial Campo Deportes,11017.32,450000000.0,90,"Av. Campos De Deportes 1 - 300, Ñuñoa, Metro Ñuñoa, Ñuñoa",https://portalinmobiliario.com/MLC-2049064733-casa-con-patente-comercial-campo-deportes-_JM
4202055498,4061329456,ALTA,Casa  5d-3b-4 Estac Sector Sucre,10790.0,440715284,165,"Teniente Montt, 1800 - 2100, Metro Monseñor Eyzaguirre, Ñuñoa",https://portalinmobiliario.com/MLC-4202055498-casa-5d-3b-4-estac-sector-sucre-_JM
4210791236,4138312906,ALTA,Preciosa Casa En Venta En Ñuñoa,5263.83,215000000.0,66,"PRECIOSA CASA EN VENTA EN ÑUÑOA, Estadio Nacional, Ñuñoa",https://portalinmobiliario.com/MLC-4210791236-preciosa-casa-en-venta-en-nunoa-_JM
4146250894,4155687644,ALTA,"Acogedora Casa Renovada; Piscina; Jardín, Ñuñoa.",8490.0,346772267,96,"VASCO DE GAMA, 1 - 300, Diagonal Oriente, Ñuñoa",https://portalinmobiliario.com/MLC-4146250894-acogedora-casa-renovada-piscina-jardin-nunoa-_JM
2013900107,4211492054,ALTA,Casa Los Tres Antonios Id: 65250,9300.0,379856547,130,"Los Tres Antonios, Estadio Nacional, Ñuñoa",https://portalinmobiliario.com/MLC-2013900107-casa-los-tres-antonios-id-65250-_JM
4235675226,2048429655,ALTA,Propiedad Con Amplio Terreno  En Ñuñoa,8500.0,347180715,82,"Zañartu, 2300, Estadio Nacional, Ñuñoa",https://portalinmobiliario.com/MLC-4235675226-propiedad-con-amplio-terreno-en-nunoa-_JM
4146256458,1973892707,ALTA,Casa En Venta En Ñuñoa 5d + 3b,12990.0,530573822,267,"Casa En Venta En Ñuñoa 5D + 3B, 0, Metro Irarrázaval, Ñuñoa",https://portalinmobiliario.com/MLC-4146256458-casa-en-venta-en-nunoa-5d-3b-_JM
1967377697,3613377574,ALTA,Inversionistas Ideal Para Cafeteria-gran Conectividad Ñuñoa,20076.0,820000000.0,303,"Alcalde Eduardo Castillo Velasco  , Ñuñoa, Estadio Nacional, Ñuñoa",https://portalinmobiliario.com/MLC-1967377697-inversionistas-ideal-para-cafeteria-gran-conectividad-nunoa-_JM
2079671751,4108977878,ALTA,Departamento Til Til Id: 109775,2950.0,120492130,30,"Til Til, Estadio Nacional, Ñuñoa",https://portalinmobiliario.com/MLC-2079671751-departamento-til-til-id-109775-_JM
2019974733,2019974355,ALTA,Venta 1d 1b Con Estac. Y Bod. En Ñuñoa,2850.0,116407652,30,"CASTILLO URIZAR, 1 - 300, Estadio Nacional, Ñuñoa",https://portalinmobiliario.com/MLC-2019974733-venta-1d-1b-con-estac-y-bod-en-nunoa-_JM
2072646709,1939504859,ALTA,Depto En Venta Estación De Metro,3564.0,145570832,25,"DEPTO EN VENTA ESTACIÓN DE METRO, Metro Monseñor Eyzaguirre, Ñuñoa",https://portalinmobiliario.com/MLC-2072646709-depto-en-venta-estacion-de-metro-_JM
1858366777,4146261162,ALTA,Vendo Depto Nuevo 1d 1b Parque San Eugenio - Metro Ñuble,3000.0,122534370,27,"Av. Vicuña Mackenna 1796, Parque San Eugenio - Metro Ñuble, Parque San Eugenio - Metro Ñuble, Ñuñoa",https://portalinmobiliario.com/MLC-1858366777-vendo-depto-nuevo-1d-1b-parque-san-eugenio-metro-nuble-_JM
2748971784,4188419894,ALTA,Edificio Green,4441.0,181391712,41,"Diag. Ote. 5273, Diagonal Oriente, Ñuñoa",https://portalinmobiliario.com/MLC-2748971784-edificio-green-_JM
4225850026,4225063346,ALTA,Nethaus Vende Precioso Depto. En El Corazón De Ñuñoa,3800.0,155210202,40,"Av. Pedro De Valdivia 2765, Ñuñoa, Chile, Metro Ñuñoa, Ñuñoa",https://portalinmobiliario.com/MLC-4225850026-nethaus-vende-precioso-depto-en-el-corazon-de-nunoa-_JM
4230663228,4230663224,ALTA,Depto. Metro Irarrazaval 1d/1b,2990.0,122125922,38,"Av. Gral. Bustamante 600 - 900, Ñuñoa, Metro Irarrázaval, Ñuñoa",https://portalinmobiliario.com/MLC-4230663228-depto-metro-irarrazaval-1d1b-_JM
1940273979,2087352671,ALTA,Departamento Sucre Id: 100769,3995.0,163174936,40,"Sucre, Metro Ñuñoa, Ñuñoa",https://portalinmobiliario.com/MLC-1940273979-departamento-sucre-id-100769-_JM
2048433737,3951892918,ALTA,1 Dormitorio 1 Baño Estacionamiento  (169289),3700.0,151125723,39,"VICUÑA MACKENNA 600 - 900, Metro Irarrázaval, Ñuñoa",https://portalinmobiliario.com/MLC-2048433737-1-dormitorio-1-bano-estacionamiento-169289-_JM
3824365974,3624956744,ALTA,"Sin Comisión!! Departamento En Av. Holanda  3330, Ñuñoa",5500.0,224646345,59,"Holanda 3330, Ñuñoa, Plaza Ñuñoa, Ñuñoa",https://portalinmobiliario.com/MLC-3824365974-sin-comision-departamento-en-av-holanda-3330-nunoa-_JM
4234031816,3728085668,ALTA,Departamentos Nuevos- Edificio Inteligente- Metro Villa Frei,6074.0,248091254,61,"METRO VILLA FREI / IRARRÁZAVAL, Diagonal Oriente, Ñuñoa",https://portalinmobiliario.com/MLC-4234031816-departamentos-nuevos-edificio-inteligente-metro-villa-frei-_JM
1973924017,3763887178,ALTA,Dpto 2d 2b En Ñuñoa | Sector Parque Juan Xxiii,4790.0,195646544,60,"PARQUE JUAN XXIII, Parque Juan XXIII, Ñuñoa",https://portalinmobiliario.com/MLC-1973924017-dpto-2d-2b-en-nunoa-sector-parque-juan-xxiii-_JM
4179283112,1858974139,ALTA,"Buena Ubicación, Metro Monseñor Eyzaguirre, Vista Despejada",6500.0,265491135,62,"Metro Monseñor Eyzaguirre, Ñuñoa",https://portalinmobiliario.com/MLC-4179283112-buena-ubicacion-metro-monsenor-eyzaguirre-vista-despejada-_JM
1943861595,1946224111,ALTA,Departamento En Venta De 2 Dorm. En Ñuñoa,3500.0,142956765,59,"Vicuña Mackenna, Estadio Nacional, Ñuñoa",https://portalinmobiliario.com/MLC-1943861595-departamento-en-venta-de-2-dorm-en-nunoa-_JM
4168007308,4162521780,ALTA,Departamento Diseño Polilla,3950.0,161336920,47,"Estadio Nacional, Ñuñoa",https://portalinmobiliario.com/MLC-4168007308-departamento-diseno-polilla-_JM
3964387258,3838036152,ALTA,"Departamento  2d Y 1 B, Est Y Bod, Metro Plaza Egaña, Ñuñoa.",4900.0,200139471,45,"Hannover 5400 - 5700, Ñuñoa, Plaza Egaña, Ñuñoa",https://portalinmobiliario.com/MLC-3964387258-departamento-2d-y-1-b-est-y-bod-metro-plaza-egana-nunoa-_JM
4085053272,4061322300,ALTA,"Vendo Depto 2d 1b 1e 1b En Barrio Italia, Ñuñoa.",4290.0,175224149,47,"Condell 1777, Ñuñoa, Metro Irarrázaval, Ñuñoa",https://portalinmobiliario.com/MLC-4085053272-vendo-depto-2d-1b-1e-1b-en-barrio-italia-nunoa-_JM
2076884199,2076837443,ALTA,"Av. Irarrazaval / Cercano A Metro, 2 Dorm, 2 B, Estac, Bod",3720.0,151942619,45,"Avenida Irarrázaval 425, Ñuñoa, Región Metropolitana De Santiago 7750000, Chile, Metro Irarrázaval, Ñuñoa",https://portalinmobiliario.com/MLC-2076884199-av-irarrazaval-cercano-a-metro-2-dorm-2-b-estac-bod-_JM
4105564262,1978671513,ALTA,Departamento En Venta De 1 Dorm. En Ñuñoa,3400.0,138872286,34,"Departamento En Venta De 1 Dorm. En Ñuñoa, Metro Irarrázaval, Ñuñoa",https://portalinmobiliario.com/MLC-4105564262-departamento-en-venta-de-1-dorm-en-nunoa-_JM
2007813139,3989370466,ALTA,Ortuzar/irarrazaval/montenegro C_422970,3400.0,138872286,34,"Parque Juan XXIII, Ñuñoa",https://portalinmobiliario.com/MLC-2007813139-ortuzarirarrazavalmontenegro-c422970-_JM
2082161201,2082127643,ALTA,Departamento En Venta 1d/1b Metro Ñuble,2700.0,110280933,34,"Metro Ñuble, Parque San Eugenio - Metro Ñuble, Ñuñoa",https://portalinmobiliario.com/MLC-2082161201-departamento-en-venta-1d1b-metro-nuble-_JM
3880122150,3879992488,ALTA,Irarrázabal Metro Villa Frei,3480.0,142139869,33,"IRARRÁZABAL METRO VILLA FREI, Villa Frei, Ñuñoa",https://portalinmobiliario.com/MLC-3880122150-irarrazabal-metro-villa-frei-_JM
4134821162,1975386647,ALTA,Depto. En Ñuñoa 1d/1b/estacionamiento Y Bodega,3700.0,151125723,37,"Suárez Mujica 300 - 600, Ñuñoa, Parque San Eugenio - Metro Ñuble, Ñuñoa",https://portalinmobiliario.com/MLC-4134821162-depto-en-nunoa-1d1bestacionamiento-y-bodega-_JM
2001123887,3717440002,ALTA,Departamento En Venta De 1 Dorm. En Ñuñoa Metro Ñuble,3299.0,134746962,33,"Estacion Metro Ñuble, Estadio Nacional, Ñuñoa",https://portalinmobiliario.com/MLC-2001123887-departamento-en-venta-de-1-dorm-en-nunoa-metro-nuble-_JM
3989565246,1939486777,ALTA,Isa Manuel Montt,6595.0,269371390,51,"Manuel Montt 2648, Ñuñoa, Metro Monseñor Eyzaguirre, Ñuñoa",https://portalinmobiliario.com/MLC-3989565246-isa-manuel-montt-_JM
4217822552,4188420432,ALTA,Imperdible Casi Nuevo,5700.0,232815303,48,"SAN EUGENIO, 500, Parque San Eugenio - Metro Ñuble, Ñuñoa",https://portalinmobiliario.com/MLC-4217822552-imperdible-casi-nuevo-_JM
3806807542,3767780060,ALTA,¡precioso Dpto. En Venta! Tremenda Oportunidad.,3600.0,147041244,50,"Zañartu 1100, Ñuñoa, Estadio Nacional, Ñuñoa",https://portalinmobiliario.com/MLC-3806807542-precioso-dpto-en-venta-tremenda-oportunidad-_JM
4159958648,2011947537,ALTA,Comodo Departamento A Pasos Metro Irarrazabal,4490.0,183393107,50,"Mujica 1 - 300, Providencia, Ñuñoa, Metro Irarrázaval, Ñuñoa",https://portalinmobiliario.com/MLC-4159958648-comodo-departamento-a-pasos-metro-irarrazabal-_JM
4120938502,4160894758,ALTA,Departamento En Venta En Ñuñoa (172789),4000.0,163379160,49,"Avenida Grecia, Parque San Eugenio - Metro Ñuble, Ñuñoa",https://portalinmobiliario.com/MLC-4120938502-departamento-en-venta-en-nunoa-172789-_JM
3768875492,1842998585,ALTA,"Sin Comisión!! Marchant Pereira 3361, Ñuñoa - 2 D / 2 B",5500.0,224646345,57,"Marchant Pereira 3361, Ñuñoa, Metro Ñuñoa, Ñuñoa",https://portalinmobiliario.com/MLC-3768875492-sin-comision-marchant-pereira-3361-nunoa-2-d-2-b-_JM
2079754213,4198495648,ALTA,Dpto. En Ñuñoa Con Terraza Y Piscina ¡visítalo!,5500.0,224646345,53,"Alonso De Ercilla, 3000 - 3300, Plaza Ñuñoa, Ñuñoa",https://portalinmobiliario.com/MLC-2079754213-dpto-en-nunoa-con-terraza-y-piscina-visitalo-_JM
2076882407,2076882021,ALTA,En Venta Moderno Departamento A Pasos De Plaza Ñuñoa,5800.0,236899782,55,"Pedro Torres, 260, Parque Juan XXIII, Ñuñoa",https://portalinmobiliario.com/MLC-2076882407-en-venta-moderno-departamento-a-pasos-de-plaza-nunoa-_JM
4223502310,4212553552,ALTA,Departamento En Venta De 2 Dorm. En Ñuñoa,5000.0,204223950,54,"Irarrázaval Con Condell, Metro Irarrázaval, Ñuñoa",https://portalinmobiliario.com/MLC-4223502310-departamento-en-venta-de-2-dorm-en-nunoa-_JM
4211492308,1859280871,ALTA,Depto En Venta Mall Egaña,5100.0,208308429,55,"DEPTO EN VENTA MALL EGAÑA, Plaza Egaña, Ñuñoa",https://portalinmobiliario.com/MLC-4211492308-depto-en-venta-mall-egana-_JM
3968814908,3276893320,ALTA,"Lindo Depto 3d2b + Estac. Y Bod, Metro Chile España En Venta",6100.0,249153219,84,"Exequiel Fernández 600 - 900, Ñuñoa, Estadio Nacional, Ñuñoa",https://portalinmobiliario.com/MLC-3968814908-lindo-depto-3d2b-estac-y-bod-metro-chile-espana-en-venta-_JM
4212634020,4201731772,ALTA,"Mons. Eyzaguirre / Cerca Metro 96m2, 3 Dorm, 2 B, Estac, Bod",6750.0,275702332,84,"Monseñor Eyzaguirre 1 - 300, Ñuñoa, Metro Monseñor Eyzaguirre, Ñuñoa",https://portalinmobiliario.com/MLC-4212634020-mons-eyzaguirre-cerca-metro-96m2-3-dorm-2-b-estac-bod-_JM
4188275914,3873583654,ALTA,Depto Amoblado | Irarrázaval (170363),2600.0,106196454,21,"Avenida Irarrázaval 1500 - 1800, Ñuñoa, Chile, Metro Monseñor Eyzaguirre, Ñuñoa",https://portalinmobiliario.com/MLC-4188275914-depto-amoblado-irarrazaval-170363-_JM
3994339664,1698103009,ALTA,"Amplio Depto 2d2b + Estac. Y Bod, Dublé Almeyda",6250.0,255279938,67,"Dublé Almeyda 2700 - 3000, Ñuñoa, Plaza Ñuñoa, Ñuñoa",https://portalinmobiliario.com/MLC-3994339664-amplio-depto-2d2b-estac-y-bod-duble-almeyda-_JM
2076508875,4139258090,ALTA,Depto Con Gran Patio Privado Y Terraza A Pasos De A. Varas,8290.0,338603309,67,"Valencia 2100 - 2400, Ñuñoa, Metro Ñuñoa, Ñuñoa",https://portalinmobiliario.com/MLC-2076508875-depto-con-gran-patio-privado-y-terraza-a-pasos-de-a-varas-_JM
4152846102,3876735564,ALTA,Se Vende Moderno 2d+2b Ñuñoa,6500.0,265491135,66,"Av. Sucre 2400 - 2700, Ñuñoa, Metro Ñuñoa, Ñuñoa",https://portalinmobiliario.com/MLC-4152846102-se-vende-moderno-2d2b-nunoa-_JM
3867103890,3376247904,ALTA,En Venta Departamento Impecable A Pasos Del Metro,6780.0,276927676,67,"Ñuñoa, Metro Monseñor Eyzaguirre",https://portalinmobiliario.com/MLC-3867103890-en-venta-departamento-impecable-a-pasos-del-metro-_JM
3989563842,3543532590,ALTA,Nethaus Vende Comodísimo Departamento En Ñuñoa,5650.0,230773064,66,"Av. Ricardo Lyon 2700 - 3000, Ñuñoa, Metro Ñuñoa, Ñuñoa",https://portalinmobiliario.com/MLC-3989563842-nethaus-vende-comodisimo-departamento-en-nunoa-_JM
2076879729,4211492064,ALTA,Departamento Los Alerces Id: 112380,4500.0,183801555,64,"Los Alerces, Estadio Nacional, Ñuñoa",https://portalinmobiliario.com/MLC-2076879729-departamento-los-alerces-id-112380-_JM
2061524881,1923654817,ALTA,"Pedro Torres, Quincho Privado De 57 M2 (175576)",9490.0,387617057,71,"Pedro Torres, Parque Botánico, Ñuñoa",https://portalinmobiliario.com/MLC-2061524881-pedro-torres-quincho-privado-de-57-m2-175576-_JM
4230686010,4068954922,ALTA,"Ñuñoa, Metro, Dpto. 70 M2 3d/2b/1e/1bd,/terraza",5050.0,206266190,70,"Profesor Juan Gomez Millas, 2700 - 3000, Estadio Nacional, Ñuñoa",https://portalinmobiliario.com/MLC-4230686010-nunoa-metro-dpto-70-m2-3d2b1e1bdterraza-_JM
4201741148,4050155468,ALTA,Departamento En Venta De 2 Dorm. En Ñuñoa,7300.0,298166967,68,"Campus Oriente, Plaza Ñuñoa, Ñuñoa",https://portalinmobiliario.com/MLC-4201741148-departamento-en-venta-de-2-dorm-en-nunoa-_JM
4225142504,2072646535,ALTA,Departamento En Venta De 3 Dorm. 1 Estacionamiento En Ñuñoa,5950.0,243026500,69,"Se Vende Departamento 3 Dormitorios 1 Estacionamiento Ñuñoa, Diagonal Oriente, Ñuñoa",https://portalinmobiliario.com/MLC-4225142504-departamento-en-venta-de-3-dorm-1-estacionamiento-en-nunoa-_JM
3969939112,3812960272,ALTA,"Depto 3d2b + Estac Y Bod, Metro Monseñor Eyzaguirre",6100.0,249153219,69,"Julio Prado 1800 - 2100, Ñuñoa, Metro Monseñor Eyzaguirre, Ñuñoa",https://portalinmobiliario.com/MLC-3969939112-depto-3d2b-estac-y-bod-metro-monsenor-eyzaguirre-_JM
1917601809,3741730288,ALTA,"Recién Renovado En Suárez Mujica 2977, 3 Dorm, Sin Comisión",6390.0,260998208,82,"Suárez Mujica 2977, Ñuñoa, Estadio Nacional, Ñuñoa",https://portalinmobiliario.com/MLC-1917601809-recien-renovado-en-suarez-mujica-2977-3-dorm-sin-comision-_JM
4127642080,3823905848,ALTA,Lo Encalada - Irarrazaval - 1% De Comisión,4470.58,182600000.0,79,"Lo Encalada 140, Ñuñoa, Metro Irarrázaval, Ñuñoa",https://portalinmobiliario.com/MLC-4127642080-lo-encalada-irarrazaval-1-de-comision-_JM
2031495415,1991919049,ALTA,"Metro Irarrazaval, 3 Dormitorios 2 Baños, Estac Y Bodega",5200.0,212392908,80,"José Domingo Cañas 460, Ñuñoa, Metro Irarrázaval, Ñuñoa",https://portalinmobiliario.com/MLC-2031495415-metro-irarrazaval-3-dormitorios-2-banos-estac-y-bodega-_JM
4235779686,4182529486,ALTA,Oportunidad Única 3d 2b 1e 1b Con Terrazas En Plaza Ñuñoa,6700.0,273660093,82,"Plaza Ñuñoa, Parque Juan XXIII, Ñuñoa",https://portalinmobiliario.com/MLC-4235779686-oportunidad-unica-3d-2b-1e-1b-con-terrazas-en-plaza-nunoa-_JM
4223501448,2076802125,ALTA,Departamento En Venta De 3 Dorm 1 Estacionamiento En Ñuñoa,5800.0,236899782,78,"Se Vende Departamento Tres Dormitorios Ñuñoa, Ñuñoa",https://portalinmobiliario.com/MLC-4223501448-departamento-en-venta-de-3-dorm-1-estacionamiento-en-nunoa-_JM
2059597157,3879969302,ALTA,Departamento En Venta En Ñuñoa,9300.0,379856547,109,"Cercano A Monseñor Eyzaguirre, Metro Monseñor Eyzaguirre, Ñuñoa",https://portalinmobiliario.com/MLC-2059597157-departamento-en-venta-en-nunoa-_JM
4191766626,4213165092,ALTA,Moderno Y Amplio Depto 4d/3b Y Est/bod (175772),7000.0,285913530,108,"Exequiel Fernández, Estadio Nacional, Ñuñoa",https://portalinmobiliario.com/MLC-4191766626-moderno-y-amplio-depto-4d3b-y-estbod-175772-_JM
4213379662,3773736722,ALTA,Departamento En Venta De 2 Dorm. En Ñuñoa,5000.0,204223950,75,"Simón Bolívar / Coventry, Parque Botánico, Ñuñoa",https://portalinmobiliario.com/MLC-4213379662-departamento-en-venta-de-2-dorm-en-nunoa-_JM
4089219770,1967418665,ALTA,Depto 3d2b Con 2 Terrazas En Ñuñoa,6700.0,273660093,76,"Av. Ricardo Lyon 3300 - 3600, Ñuñoa, Metro Ñuñoa, Ñuñoa",https://portalinmobiliario.com/MLC-4089219770-depto-3d2b-con-2-terrazas-en-nunoa-_JM
2005993501,2076406821,ALTA,Departamento En Ñuñoa/ Av. Américo Vespucio Con Jardín,7800.0,318589362,75,"Ñuñoa, Plaza Egaña",https://portalinmobiliario.com/MLC-2005993501-departamento-en-nunoa-av-americo-vespucio-con-jardin-_JM
1850452759,3885472872,ALTA,Departamento En Venta De 3 Dorm. En Ñuñoa,6500.0,265491135,90,"Dublé Almeyda Campos De Deportes, Metro Monseñor Eyzaguirre, Ñuñoa",https://portalinmobiliario.com/MLC-1850452759-departamento-en-venta-de-3-dorm-en-nunoa-_JM
4239744518,3815900844,ALTA,"En Venta 3d2b1e Ñuñoa, Excelente Ubicación (160492)",7300.0,298166967,88,"Miguel Claro, Metro Monseñor Eyzaguirre, Ñuñoa",https://portalinmobiliario.com/MLC-4239744518-en-venta-3d2b1e-nunoa-excelente-ubicacion-160492-_JM
4234126754,2044093101,ALTA,Departamento Espacioso Con Terraza 4d+3b+2e+b,8590.0,350856746,100,"San Juan De Luz, 4800 - 5100, Diego De Almagro, Ñuñoa",https://portalinmobiliario.com/MLC-4234126754-departamento-espacioso-con-terraza-4d3b2eb-_JM
4198330158,1872594073,ALTA,Conectado A Todo!! 2 Estacionamientos Y 3 Bodegas!,12400.0,506475396,99,"SIMON BOLIVAR, 4215, Parque Juan XXIII, Ñuñoa",https://portalinmobiliario.com/MLC-4198330158-conectado-a-todo-2-estacionamientos-y-3-bodegas-_JM
4139154988,1845457699,ALTA,Impecable Departamento En Venta De 3 Dorm. En Ñuñoa,9490.0,387617057,95,"CAPITAN ORELLA, Metro Ñuñoa, Ñuñoa",https://portalinmobiliario.com/MLC-4139154988-impecable-departamento-en-venta-de-3-dorm-en-nunoa-_JM
1871455947,3859196454,ALTA,"Plaza Egaña, Rebajado !!",7800.0,318589362,96,"Hannover, 5400 - 5700, Plaza Egaña, Ñuñoa",https://portalinmobiliario.com/MLC-1871455947-plaza-egana-rebajado--_JM
4233319350,2082070723,ALTA,Ahora Uf 8500 Vista Despejada Y Excelente Conectividad,8500.0,347180715,97,"Avenida Ricardo Lyon, 3231, Metro Ñuñoa, Ñuñoa",https://portalinmobiliario.com/MLC-4233319350-ahora-uf-8500-vista-despejada-y-excelente-conectividad-_JM
4201741658,4198493122,ALTA,Metro Ñuñoa (73072),11386.0,465058779,94,"Campo De Deportes 1 - 300, Ñuñoa, Santiago, Chile, Metro Ñuñoa, Ñuñoa",https://portalinmobiliario.com/MLC-4201741658-metro-nunoa-73072-_JM
4213387878,2082159043,ALTA,"Amplio Y Luminoso, Linda Vista, Metro Chile España, 2 Estac.",7999.0,326717475,104,"AMPLIO Y LUMINOSO, LINDA VISTA, METRO CHILE ESPAÑA, 2 ESTAC., Plaza Ñuñoa, Ñuñoa",https://portalinmobiliario.com/MLC-4213387878-amplio-y-luminoso-linda-vista-metro-chile-espana-2-estac-_JM
4077907980,2048427957,ALTA,Casa Con Un Linda Area De Quincho,36.72,1500000.0,90,"La Quilla 686, Ñuñoa, Chile, Villa Frei, Ñuñoa",https://portalinmobiliario.com/MLC-4077907980-casa-con-un-linda-area-de-quincho-_JM
4128487814,4128149846,ALTA,Coventry / Pucará / Ñuñoa,48.97,2000000.0,130,"Coventry 1175, Ñuñoa, Metro Simón Bolivar, Ñuñoa",https://portalinmobiliario.com/MLC-4128487814-coventry-pucara-nunoa-_JM
2059586475,2670026272,ALTA,Edificio Zañartu Capital Vista Poniente Piso 2,10.11,413000.0,31,"Zañartu 1145, Estadio Nacional, Ñuñoa",https://portalinmobiliario.com/MLC-2059586475-edificio-zanartu-capital-vista-poniente-piso-2-_JM
4223655738,4212659222,ALTA,Se Arrienda 1  Dormitorio Ñuñoa,10.16,415000.0,32,"Tiltil 1980, Estadio Nacional, Ñuñoa",https://portalinmobiliario.com/MLC-4223655738-se-arrienda-1-dormitorio-nunoa-_JM
2063374671,2063336997,ALTA,"Luminoso Dpto. En Ñuñoa, 1 Dormitorio, Vista Norte, Terraza",8.32,340000.0,30,"Zañartu 1100, Ñuñoa, Estadio Nacional, Ñuñoa",https://portalinmobiliario.com/MLC-2063374671-luminoso-dpto-en-nunoa-1-dormitorio-vista-norte-terraza-_JM
4168120580,4201744206,ALTA,Av Campo De Deportes,15.91,650000.0,30,"Av. Campos De Deportes 80, Ñuñoa, Santiago, Metro Ñuñoa, Ñuñoa",https://portalinmobiliario.com/MLC-4168120580-av-campo-de-deportes-_JM
4234530322,4089190008,ALTA,Edificio Zañartu Vista Poniente Piso 20,8.57,350000.0,32,"Zañartu 980, Estadio Nacional, Ñuñoa",https://portalinmobiliario.com/MLC-4234530322-edificio-zanartu-vista-poniente-piso-20-_JM
4229048364,2082066301,ALTA,"Vicuña Mackenna 1432, Depto 1 Dorm Con Terraza Piso 17",8.62,351900.0,32,"Vicuña Mackenna 1432, Ñuñoa., Parque San Eugenio - Metro Ñuble, Ñuñoa",https://portalinmobiliario.com/MLC-4229048364-vicuna-mackenna-1432-depto-1-dorm-con-terraza-piso-17-_JM
4162451596,2031495425,ALTA,Departamento En Arriendo 1d/1d En Ñuñoa,10.28,420000.0,31,"Zañartu 1111, Ñuñoa, Estadio Nacional, Ñuñoa",https://portalinmobiliario.com/MLC-4162451596-departamento-en-arriendo-1d1d-en-nunoa-_JM
2081856427,2081856341,ALTA,Guillermo Mann 1401 Depto 1dorm Con Terraza Piso 8,9.75,398400.0,35,"Guillermo Mann 1401, Estadio Nacional, Ñuñoa",https://portalinmobiliario.com/MLC-2081856427-guillermo-mann-1401-depto-1dorm-con-terraza-piso-8-_JM
4176329806,4105556752,ALTA,"Depto. Nuevo, 1 Dorm. 1 Baño Con Estacionamiento.",11.02,450000.0,34,"Av. Rodrigo De Araya 1600, Ñuñoa, Estadio Nacional, Ñuñoa",https://portalinmobiliario.com/MLC-4176329806-depto-nuevo-1-dorm-1-bano-con-estacionamiento-_JM
4230662148,4134304028,ALTA,Departamento En Arriendo De 1 Dorm. En Ñuñoa,10.53,430000.0,34,"Exequiel Figueroa / Metro Los Orientales, Diagonal Oriente, Ñuñoa",https://portalinmobiliario.com/MLC-4230662148-departamento-en-arriendo-de-1-dorm-en-nunoa-_JM
4218348850,4235162984,ALTA,Metro Estadio Nacional,11.75,480000.0,37,"Til Til 1980, Ñuñoa, Estadio Nacional, Ñuñoa",https://portalinmobiliario.com/MLC-4218348850-metro-estadio-nacional-_JM
2046337333,4138229124,ALTA,Departamento Avenida Irarrázaval Id: 174978,12.24,500000.0,36,"Avenida Irarrázaval, Plaza Egaña, Ñuñoa",https://portalinmobiliario.com/MLC-2046337333-departamento-avenida-irarrazaval-id-174978-_JM
4223500246,2048429471,ALTA,Hermoso 1d1b+e Amoblado Premium Frente A Metro Irarrazaval,16.65,680000.0,33,"Av. Irarrázaval 200, Ñuñoa, Metro Irarrázaval, Ñuñoa",https://portalinmobiliario.com/MLC-4223500246-hermoso-1d1be-amoblado-premium-frente-a-metro-irarrazaval-_JM
2081856145,2081856141,ALTA,Jose Pedro Alessandri 1498 Departamento 1 Dorm Piso 2,10.53,430000.0,34,"José Pedro Alessandri 1498, Ñuñoa, Juan Gómez Millas, Ñuñoa",https://portalinmobiliario.com/MLC-2081856145-jose-pedro-alessandri-1498-departamento-1-dorm-piso-2-_JM
4238305696,2057052791,ALTA,Metro Chile  España / Estacionamiento / Gasto Comun Incluido,18.36,750000.0,37,"Holanda 3600 - 3900, Ñuñoa, Plaza Ñuñoa, Ñuñoa",https://portalinmobiliario.com/MLC-4238305696-metro-chile-espana-estacionamiento-gasto-comun-incluido-_JM
4102146334,4118622384,ALTA,Departamento Amoblado En Arriendo De 1 Dorm. En Ñuñoa,15.18,620000.0,37,"Avda. Irarrazabal Esquina Los Talaveras, Parque Juan XXIII, Ñuñoa",https://portalinmobiliario.com/MLC-4102146334-departamento-amoblado-en-arriendo-de-1-dorm-en-nunoa-_JM
4159929768,4063921226,ALTA,Moderno Estudio / Cerca A Barrio Italia Y Metro Irarrázaval,10.0,408448,25,"Seminario 600 - 900, Ñuñoa, Metro Irarrázaval, Ñuñoa",https://portalinmobiliario.com/MLC-4159929768-moderno-estudio-cerca-a-barrio-italia-y-metro-irarrazaval-_JM
2079333393,2030447337,ALTA,Clp $540.000 Plaza Ñuñoa. 1d+1b+1est+1bga. Disponible Desde,13.22,540000.0,38,"Brown Casi Esquina Irarrázaval, Plaza Ñuñoa, Ñuñoa",https://portalinmobiliario.com/MLC-2079333393-clp-540000-plaza-nunoa-1d1b1est1bga-disponible-desde-_JM
4134827144,2066614051,ALTA,1d + 1bo + Est. Vista Despejada Rodrigo De Araya- Ñuñoa,10.53,430000.0,40,"Av. Rodrigo De Araya 1410, Ñuñoa, Estadio Nacional, Ñuñoa",https://portalinmobiliario.com/MLC-4134827144-1d-1bo-est-vista-despejada-rodrigo-de-araya-nunoa-_JM
2046349077,1996326563,ALTA,"Moderno Depto 1d/1b, Cerca Metro Irarrázaval Y Barrio Italia",12.0,490137,38,"Seminario 600 - 900, Santiago, Ñuñoa, Metro Irarrázaval, Ñuñoa",https://portalinmobiliario.com/MLC-2046349077-moderno-depto-1d1b-cerca-metro-irarrazaval-y-barrio-italia-_JM
4225848632,4179308624,ALTA,Zañartu - Pedro De Valdivia - Con Estacionamiento,11.02,450000.0,41,"Zañartu 2418, Ñuñoa, Estadio Nacional, Ñuñoa",https://portalinmobiliario.com/MLC-4225848632-zanartu-pedro-de-valdivia-con-estacionamiento-_JM
2063382167,4105567752,ALTA,Departamento En Arriendo De 1 Dormitorio Mas Estar En Ñuñoa,10.53,430000.0,38,"TIL TIL, Estadio Nacional, Ñuñoa",https://portalinmobiliario.com/MLC-2063382167-departamento-en-arriendo-de-1-dormitorio-mas-estar-en-nunoa-_JM
2076405383,2037563419,ALTA,Edificio Alcalde Carlos Aldunate Vista Norte Piso 4,13.71,560000.0,38,"Alcalde Carlos Aldunate 33, Metro Ñuñoa, Ñuñoa",https://portalinmobiliario.com/MLC-2076405383-edificio-alcalde-carlos-aldunate-vista-norte-piso-4-_JM
2063348463,4118644480,ALTA,Nuevo A Estrenar 1d + 1b Pasos Metro Irarrazabal,11.51,470000.0,39,"San Eugenio 510, Ñuñoa, Parque San Eugenio - Metro Ñuble, Ñuñoa",https://portalinmobiliario.com/MLC-2063348463-nuevo-a-estrenar-1d-1b-pasos-metro-irarrazabal-_JM
4233319192,2011906599,ALTA,Moderno Dpto Estilo Mariposa 2d 2b  Ñuñoa,15.06,615000.0,60,"Zañartu, 900, Estadio Nacional, Ñuñoa",https://portalinmobiliario.com/MLC-4233319192-moderno-dpto-estilo-mariposa-2d-2b-nunoa-_JM
2066614389,4142643192,ALTA,"Arriendo De Departamento En Ñuñoa. 2 Dormitorios, 1 Baño.",12.78,522000.0,47,"Exequiel Fernández 1800 - 2100, Ñuñoa, Estadio Nacional, Ñuñoa",https://portalinmobiliario.com/MLC-2066614389-arriendo-de-departamento-en-nunoa-2-dormitorios-1-bano-_JM
4235155616,2074130401,ALTA,Dpto 1d 1d Sin Terraza Lyon Metro Ñuñoa!,19.34,790000.0,65,"DEPTO RICARDO LYON ÑUÑOA, Metro Ñuñoa, Ñuñoa",https://portalinmobiliario.com/MLC-4235155616-dpto-1d-1d-sin-terraza-lyon-metro-nunoa-_JM
4212556812,4155625618,ALTA,Amplio Depto. Mariposa Y Estacio (176279),14.81,605000.0,65,"Zañartu, Estadio Nacional, Ñuñoa",https://portalinmobiliario.com/MLC-4212556812-amplio-depto-mariposa-y-estacio-176279-_JM
4138903272,2059585151,ALTA,Depto 2 Dormit. / 2 Baños,20.81,850000.0,70,"PEDRO TORRES / AV IRARRÁZAVAL - METRO CHILE ESPAÑA, Parque Juan XXIII, Ñuñoa",https://portalinmobiliario.com/MLC-4138903272-depto-2-dormit-2-banos-_JM
4206492112,4087785904,ALTA,Hermoso Departamento Amoblado En Ñuñoa Metro Ñuble,18.36,750000.0,70,"San Eugenio, 1209, Parque San Eugenio - Metro Ñuble, Ñuñoa",https://portalinmobiliario.com/MLC-4206492112-hermoso-departamento-amoblado-en-nunoa-metro-nuble-_JM
2049075241,4054678620,ALTA,Metro Simón Bolívar/av.ossa/ 2d/2b/estacionamiento,20.0,816896,70,"Av. Ossa 300 - 600, Ñuñoa, Plaza Egaña, Ñuñoa",https://portalinmobiliario.com/MLC-2049075241-metro-simon-bolivaravossa-2d2bestacionamiento-_JM
4239748550,2074064083,ALTA,Arriendo Depto Amoblado 1 Habitación - Ñuñoa (5210),16.04,655000.0,50,"Avenida Simón Bolivar 4215, Parque Juan XXIII, Ñuñoa",https://portalinmobiliario.com/MLC-4239748550-arriendo-depto-amoblado-1-habitacion-nunoa-5210-_JM
4225144960,2059597337,ALTA,Estilo Mariposa,13.47,550000.0,51,"Til Til 1980, Ñuñoa, Estadio Nacional, Ñuñoa",https://portalinmobiliario.com/MLC-4225144960-estilo-mariposa-_JM
2039840881,2018301105,ALTA,Se Arrienda Dep De 2hab 2baños Bodega Y Estac-ñuñoa Zañartu,13.71,560000.0,50,"Brigida Walker, Estadio Nacional, Ñuñoa",https://portalinmobiliario.com/MLC-2039840881-se-arrienda-dep-de-2hab-2banos-bodega-y-estac-nunoa-zanartu-_JM
4134766710,4087919928,ALTA,2 Estacionamientos /vista Despejada/luminoso/ Dpto. Mariposa,14.64,598000.0,50,"Zañartu 1200 - 1500, Ñuñoa, Estadio Nacional, Ñuñoa",https://portalinmobiliario.com/MLC-4134766710-2-estacionamientos-vista-despejadaluminoso-dpto-mariposa-_JM
2059596823,2059581591,ALTA,Mujica/metro Sta Isabel Yrrarazaval/bustamante/1d2b/1est1bod,13.47,550000.0,48,"Mujica 97, 7.7703e+06 - 7.7706e+06 Ñuñoa, Región Metropolitana, Chile, Metro Irarrázaval, Ñuñoa",https://portalinmobiliario.com/MLC-2059596823-mujicametro-sta-isabel-yrrarazavalbustamante1d2b1est1bod-_JM
4205341836,2070817093,ALTA,Mariposa Moderno Con Refri Garantia 3 Cuotas Metro Irrarazab,19.0,776051,52,"José Domingo Cañas 579, 7.7499e+06 - 7.7502e+06 Ñuñoa, Santiago, Región Metropolitana, Chile, Metro Irarrázaval, Ñuñoa",https://portalinmobiliario.com/MLC-4205341836-mariposa-moderno-con-refri-garantia-3-cuotas-metro-irrarazab-_JM
4225851130,4170350394,ALTA,Av. Seminario / Mujica / Estacionamiento / 2 D - 2 B,17.0,694361,48,"Seminario 600 - 900, Ñuñoa, Metro Irarrázaval, Ñuñoa",https://portalinmobiliario.com/MLC-4225851130-av-seminario-mujica-estacionamiento-2-d-2-b-_JM
4160890518,4138904768,ALTA,"Departamento 2d/2b Con Jardín Privado | Plaza Egaña, Ñuñoa",23.26,950000.0,98,"AV. AMÉRICO VESPUCIO 291, ÑUÑOA – SECTOR PLAZA EGAÑA., Plaza Egaña, Ñuñoa",https://portalinmobiliario.com/MLC-4160890518-departamento-2d2b-con-jardin-privado-plaza-egana-nunoa-_JM
4222359850,2037487531,ALTA,Edificio Guillermo Mann Vista Poniente Piso 8,13.66,558000.0,54,"Av. Vicuña Mackenna 2362, Estadio Nacional, Ñuñoa",https://portalinmobiliario.com/MLC-4222359850-edificio-guillermo-mann-vista-poniente-piso-8-_JM
4223653828,4201730688,ALTA,"Departamento Arriendo Ñuñoa, 2d/2b, A 10 Min. Metro Ñuble",12.0,490000.0,55,"Zañartu 900 - 1200, Ñuñoa, Estadio Nacional, Ñuñoa",https://portalinmobiliario.com/MLC-4223653828-departamento-arriendo-nunoa-2d2b-a-10-min-metro-nuble-_JM
4234998416,2082127909,ALTA,"Amplio Depto Totalmente Amoblado , 1 Dormitorio , 1 Baño , L",14.69,600000.0,55,"Av. Vicuña Mackenna 1290, Ñuñoa, Parque San Eugenio - Metro Ñuble, Ñuñoa",https://portalinmobiliario.com/MLC-4234998416-amplio-depto-totalmente-amoblado-1-dormitorio-1-bano-l-_JM
4164845208,4112939048,ALTA,Departamento 2d2b - Frente A Metro Ñuñoa,17.38,710000.0,55,"San Eugenio 401, Ñuñoa, Chile, Parque San Eugenio - Metro Ñuble, Ñuñoa",https://portalinmobiliario.com/MLC-4164845208-departamento-2d2b-frente-a-metro-nunoa-_JM
2057138195,4217915772,ALTA,Depto 3 Dormitorios Metro Grecia,17.14,700000.0,90,"Avenida José Pedro Alessandri 867, Ñuñoa, Región Metropolitana De Santiago 7750000, Chile, Estadio Nacional, Ñuñoa",https://portalinmobiliario.com/MLC-2057138195-depto-3-dormitorios-metro-grecia-_JM
4235157798,2039820697,ALTA,El Hogar Ideal Para Tu Familia,23.94,978000.0,85,"Avenida Italia, 2025, Metro Irarrázaval, Ñuñoa",https://portalinmobiliario.com/MLC-4235157798-el-hogar-ideal-para-tu-familia-_JM
1932775947,3996749934,ALTA,"Vende Propiedad Para Proyecto Comercial, San Miguel",9600.0,392109984,147,"DEPARTAMENTAL CON JOSE MIGUEL LUIS CERDA, Ciudad Del Niño, San Miguel",https://portalinmobiliario.com/MLC-1932775947-vende-propiedad-para-proyecto-comercial-san-miguel-_JM
2063350131,1887627571,ALTA,Casa Familiar En Pasaje Cerrado A Pasos Del Metro ...,5400.0,220561866,115,"San Miguel, El Llano",https://portalinmobiliario.com/MLC-2063350131-casa-familiar-en-pasaje-cerrado-a-pasos-del-metro--_JM
4068933238,1983514477,ALTA,Ideal Inversionista_ Para Remodelar En Buen Estado,4430.0,180942420,114,"San Lorenzo 600 - 900, San Miguel, Ciudad Del Niño, San Miguel",https://portalinmobiliario.com/MLC-4068933238-ideal-inversionista-para-remodelar-en-buen-estado-_JM
4038760500,4161007706,ALTA,Inigualable Ubicación,5499.0,224605500,159,"Tannembaum, 900 - 1200, Ciudad Del Niño, San Miguel",https://portalinmobiliario.com/MLC-4038760500-inigualable-ubicacion-_JM
4210790942,3619602718,ALTA,Av. José Joaquín Prieto,8813.85,360000000.0,160,"AV. JOSÉ JOAQUÍN PRIETO, Lo Vial, San Miguel",https://portalinmobiliario.com/MLC-4210790942-av-jose-joaquin-prieto-_JM
4182781834,4216693314,ALTA,Casa En Venta En San Miguel,6380.0,260589760,223,"San Miguel, Lo Vial",https://portalinmobiliario.com/MLC-4182781834-casa-en-venta-en-san-miguel-_JM
2079332137,2079332135,ALTA,Vendo Casa Esquina,7750.0,316547122,254,"TERCERA TRANSVERSAL, Ciudad Del Niño, San Miguel",https://portalinmobiliario.com/MLC-2079332137-vendo-casa-esquina-_JM
1960134749,3776406288,ALTA,Gran Oportunidad Propiedad Rebajada   Con Piscina,12000.0,490137480,175,"San Miguel, Lo Vial",https://portalinmobiliario.com/MLC-1960134749-gran-oportunidad-propiedad-rebajada-con-piscina-_JM
4210791134,1902077387,ALTA,Casa En Venta San Miguel Muy Bien Conservada,12700.0,518728833,190,"CASA EN VENTA SAN MIGUEL MUY BIEN CONSERVADA, Lo Vial, San Miguel",https://portalinmobiliario.com/MLC-4210791134-casa-en-venta-san-miguel-muy-bien-conservada-_JM
2074130567,2074130563,ALTA,Moderna Vivienda Con Gran Luminosidad (176340),9500.0,388025505,135,"Ramón Barros Luco 3300 - 3600, El Llano, San Miguel",https://portalinmobiliario.com/MLC-2074130567-moderna-vivienda-con-gran-luminosidad-176340-_JM
2013441717,3756430570,ALTA,Amplia Casa En San Miguel Con 5d/2b Y 217m² +3e,4750.0,194012752,98,"Llico, 600 - 900, Lo Vial, San Miguel",https://portalinmobiliario.com/MLC-2013441717-amplia-casa-en-san-miguel-con-5d2b-y-217m-3e-_JM
4100160012,1988144351,ALTA,Casa En Venta De 3 Dorm. San Miguel,5990.0,244660292,99,"TERCERA AVENIDA, Ciudad Del Niño, San Miguel",https://portalinmobiliario.com/MLC-4100160012-casa-en-venta-de-3-dorm-san-miguel-_JM
4162450720,4134775582,ALTA,Ramon Subercaseaux // Sector El Llano,9500.0,388025505,129,"Ramón Subercaseaux 1200 - 1500, San Miguel, El Llano, San Miguel",https://portalinmobiliario.com/MLC-4162450720-ramon-subercaseaux-sector-el-llano-_JM
4173922222,3885520080,ALTA,Casa San Miguel 5d 2b (169737),3794.85,155000000.0,163,"San Mauricio 5400 - 5700, San Miguel, Chile, Ciudad Del Niño, San Miguel",https://portalinmobiliario.com/MLC-4173922222-casa-san-miguel-5d-2b-169737-_JM
2048431075,2046348449,ALTA,Amplio Y Exclusivo Depto 1d 1b En Metro Departamental,2490.0,101703527,37,"Amplio Y Exclusivo Departamento De 1D 1B En Metro Departamental, Ciudad Del Niño, San Miguel",https://portalinmobiliario.com/MLC-2048431075-amplio-y-exclusivo-depto-1d-1b-en-metro-departamental-_JM
2066882365,3991548898,ALTA,Departamento Ventura Blanco Viel Id: 89694,2300.0,93943017,35,"Ventura Blanco Viel, Lo Vial, San Miguel",https://portalinmobiliario.com/MLC-2066882365-departamento-ventura-blanco-viel-id-89694-_JM
4223751570,4198195054,ALTA,¡tu Hogar Acogedor En San Miguel Te Espera!,1890.0,77196653,33,"San Nicolas, 1200 - 1500, Lo Vial, San Miguel",https://portalinmobiliario.com/MLC-4223751570-tu-hogar-acogedor-en-san-miguel-te-espera-_JM
4223650774,3888198276,ALTA,Se Vende Departamento De 1 Dorm. 1estacionamiento San Miguel,2450.0,100069736,36,"Se Vende Departamento Un Dormitorio Un Estacionamiento, El Llano, San Miguel",https://portalinmobiliario.com/MLC-4223650774-se-vende-departamento-de-1-dorm-1estacionamiento-san-miguel-_JM
3625539342,1859847099,ALTA,Departamento En Venta En Avenida Salvador Allende,2150.0,87816298,36,"Avenida Salvador Allende, Lo Vial, San Miguel",https://portalinmobiliario.com/MLC-3625539342-departamento-en-venta-en-avenida-salvador-allende-_JM
4164770548,3763247922,ALTA,"Oportunidad Novación Tasa Fija 2,43%",1880.0,76788205,34,"Rivas 1050, 0, El Llano, San Miguel",https://portalinmobiliario.com/MLC-4164770548-oportunidad-novacion-tasa-fija-243-_JM
4037185258,1982220791,ALTA,Departamento Estudio A Pasos Metro San Miguel,1591.39,65000000.0,33,"San Nicolás 1207, San Miguel, Lo Vial, San Miguel",https://portalinmobiliario.com/MLC-4037185258-departamento-estudio-a-pasos-metro-san-miguel-_JM
2005733555,1948740339,ALTA,Lindo Departamento En San Miguel,2643.91,107990000.0,60,"Decima Avenida, 1200 - 1500, Ciudad Del Niño, San Miguel",https://portalinmobiliario.com/MLC-2005733555-lindo-departamento-en-san-miguel-_JM
2074153777,4155622842,ALTA,"Se Vende Dpto 2d+2b Tercera Avenida, San Miguel 2.600 Uf",2600.0,106196454,60,"Tercera Avenida 1198, San Miguel, Ciudad Del Niño, San Miguel",https://portalinmobiliario.com/MLC-2074153777-se-vende-dpto-2d2b-tercera-avenida-san-miguel-2600-uf-_JM
1994423723,1942701581,ALTA,Maravillos Dpto Al Lado Del Metro El Llano Con Domotica.,4200.0,171548118,58,"LLANO SUBERCASEAUX CON FERNANDO LAZCANO, El Llano, San Miguel",https://portalinmobiliario.com/MLC-1994423723-maravillos-dpto-al-lado-del-metro-el-llano-con-domotica-_JM
2050879697,4130984804,ALTA,Metro Ciudad Del Niño Moderno Departamento Como Nuevo,2900.0,118449891,59,"METRO CIUDAD DEL NIÑO / DEPTO 4 AVENIDA / COCINA AISLADA /ESTACIONAMIENTO/ 2D 2 B /CONECTIVIDAD AUTOPISTA CENTRAL/MALL /SUPERMERCADOS CENTROS DE SALUD /COLEGIOS / BANCOS / RESTAURANTES /COMERCIO, Ciudad Del Niño, San Miguel",https://portalinmobiliario.com/MLC-2050879697-metro-ciudad-del-nino-moderno-departamento-como-nuevo-_JM
4120776152,2009512883,ALTA,Amplio Departamento Cercano A Gran Avenida,2990.0,122125922,62,"San Miguel, El Llano",https://portalinmobiliario.com/MLC-4120776152-amplio-departamento-cercano-a-gran-avenida-_JM
4155687618,4155622540,ALTA,Departamento En Venta De 1 Dorm. En San Miguel,1591.39,65000000.0,30,"San Nicolás, Lo Vial, San Miguel",https://portalinmobiliario.com/MLC-4155687618-departamento-en-venta-de-1-dorm-en-san-miguel-_JM
1986993553,1986993397,ALTA,Departamento En Venta De 1d1b &#43; Bodega En San Miguel,1995.0,81485356,32,"LA MEJOR OPCION DE COMPRA EN SAN MIGUEL, El Llano, San Miguel",https://portalinmobiliario.com/MLC-1986993553-departamento-en-venta-de-1d1b-43-bodega-en-san-miguel-_JM
1958739103,1958478475,ALTA,Atencion Inversionistas!! 1 Dorm+ Bodega,1900.0,77605101,32,"San Nicolás 1372, San Miguel, Lo Vial, San Miguel",https://portalinmobiliario.com/MLC-1958739103-atencion-inversionistas-1-dorm-bodega-_JM
4182760154,4112423628,ALTA,Venta Depto San Miguel | Piso 8 | 1.750 Uf (175542),1750.0,71478382,31,"Tercera Avenida, Ciudad Del Niño, San Miguel",https://portalinmobiliario.com/MLC-4182760154-venta-depto-san-miguel-piso-8-1750-uf-175542-_JM
2048418201,2046360867,ALTA,Amplio Y Exclusivo Depto 3d 2b Est Bod Metro Departamental,4199.0,171507273,70,"Amplio Y Exclusivo Departamento De 3D 2B Est Bod En Metro Departamental, Ciudad Del Niño, San Miguel",https://portalinmobiliario.com/MLC-2048418201-amplio-y-exclusivo-depto-3d-2b-est-bod-metro-departamental-_JM
4100171144,1858906613,ALTA,Departamento Piramide Id: 154860,3880.0,158477785,69,"Piramide, Lo Vial, San Miguel",https://portalinmobiliario.com/MLC-4100171144-departamento-piramide-id-154860-_JM
4155622612,4071318618,ALTA,Departamento En Venta De 3 Dorm. En San Miguel,4500.0,183801555,70,"Salvador Allende, Lo Vial, San Miguel",https://portalinmobiliario.com/MLC-4155622612-departamento-en-venta-de-3-dorm-en-san-miguel-_JM
4134717204,4047522646,ALTA,Depto. En San Miguel 3d/2b/estacionamiento Y Bodega,3750.0,153167962,70,"Alcalde Pedro Alarcón 900 - 1200, San Miguel, El Llano, San Miguel",https://portalinmobiliario.com/MLC-4134717204-depto-en-san-miguel-3d2bestacionamiento-y-bodega-_JM
4155686308,2024979481,ALTA,Oportunidad!!!departamento En Venta De 2 Dorm. En San Miguel,3800.0,155210202,50,"Cuasimodo / Alvarez De Toledo, El Llano, San Miguel",https://portalinmobiliario.com/MLC-4155686308-oportunidaddepartamento-en-venta-de-2-dorm-en-san-miguel-_JM
1866521817,4112423544,ALTA,Dpto 2d2b Luminoso Sin Contribuciones San Miguel,2574.0,105134489,50,"Lazo, 900 - 1200, Lo Vial, San Miguel",https://portalinmobiliario.com/MLC-1866521817-dpto-2d2b-luminoso-sin-contribuciones-san-miguel-_JM
4101806412,4182776948,ALTA,"Excelente Oportunidad Departemento En Venta, San Miguel..!!",2750.0,112323172,52,"Cuarta Avenida 1170, San Miguel, Ciudad Del Niño, San Miguel",https://portalinmobiliario.com/MLC-4101806412-excelente-oportunidad-departemento-en-venta-san-miguel-_JM
4201733296,3972470700,ALTA,Oportunidad/ Metro Ciudad Del Niño / Luminoso / Amplio/ 2d+2,2450.0,100069736,52,"Segunda Avenida 1179, Ciudad Del Niño, San Miguel",https://portalinmobiliario.com/MLC-4201733296-oportunidad-metro-ciudad-del-nino-luminoso-amplio-2d2-_JM
1958480645,3733539540,ALTA,"Depto 2d2b + Estac. Y Bod, Metro Departamental",3100.0,126618849,50,"Segunda Avenida 900 - 1200, San Miguel, Ciudad Del Niño, San Miguel",https://portalinmobiliario.com/MLC-1958480645-depto-2d2b-estac-y-bod-metro-departamental-_JM
4068103096,4061329132,ALTA,"Precioso Depto 2d-2b-1e-1bo, 50m2 Sector El Llano San Miguel",3090.0,126210401,48,"Alcalde Pedro Alarcón 600 - 900, Santiago, San Miguel, El Llano, San Miguel",https://portalinmobiliario.com/MLC-4068103096-precioso-depto-2d-2b-1e-1bo-50m2-sector-el-llano-san-miguel-_JM
3621726422,1863807095,ALTA,Departamento En Venta En San Miguel,3500.0,142956765,48,"Lazo 1365, Santiago, San Miguel, Lo Vial, San Miguel",https://portalinmobiliario.com/MLC-3621726422-departamento-en-venta-en-san-miguel-_JM
3674246922,1867911833,ALTA,Departamento Mariposa Sector San Miguel,3250.0,132745568,50,"Alvarez De Toledo, 600 - 900, El Llano, San Miguel",https://portalinmobiliario.com/MLC-3674246922-departamento-mariposa-sector-san-miguel-_JM
1967128509,1915157045,ALTA,"Depto 3d1b + Estac Y Bod, Décima Av. A Pasos Del Metro",2448.29,100000000.0,52,"Décima Avenida 1200 - 1500, San Miguel, Ciudad Del Niño, San Miguel",https://portalinmobiliario.com/MLC-1967128509-depto-3d1b-estac-y-bod-decima-av-a-pasos-del-metro-_JM
3625471344,1863024893,ALTA,Departamento María Auxiliadora Id: 163353,2100.0,85774059,52,"María Auxiliadora, El Llano, San Miguel",https://portalinmobiliario.com/MLC-3625471344-departamento-maria-auxiliadora-id-163353-_JM
4139255818,4211492194,ALTA,Departamento Alcalde Pedro Alarcón Id: 154812,5300.0,216477387,78,"Alcalde Pedro Alarcón, El Llano, San Miguel",https://portalinmobiliario.com/MLC-4139255818-departamento-alcalde-pedro-alarcon-id-154812-_JM
4230659640,4130596964,ALTA,Metro El Llano Jose Joaquin Vallejos Dep82 Mts Amplio,4100.0,167463639,82,"EL LLANO SUBERCASEAUX / JJVALLEJOS / AMPLIO DEPARTAMENTO DE 82 MTS CUADRADOS /EDIFICIO DE 5 PISOS SIN ASCENSOR /ORIENTACION ORIENTE /ESTACION METRO EL LLANO/AUTOPISTA /SUPERMERCADOS JUMBO/COLEGIOS UNIVERSIDADES / HOSPITALES CENTROS DE SALUD /TRANQUILIDAD, El Llano, San Miguel",https://portalinmobiliario.com/MLC-4230659640-metro-el-llano-jose-joaquin-vallejos-dep82-mts-amplio-_JM
3965087280,3867433214,ALTA,Propiedad Con Terraza Y Excelente Conectividad,5100.0,208308429,66,"Gladys 1100 - 12000, San Miguel, El Llano, San Miguel",https://portalinmobiliario.com/MLC-3965087280-propiedad-con-terraza-y-excelente-conectividad-_JM
4211503428,1831112641,ALTA,"Vendo Hermoso  Depto, 2d/2b/1e/1b, Gran Av 5888",3100.0,126618849,65,"Gran Avenida 5888, San Miguel, Chile, Ciudad Del Niño, San Miguel",https://portalinmobiliario.com/MLC-4211503428-vendo-hermoso-depto-2d2b1e1b-gran-av-5888-_JM
4155622584,1957630313,ALTA,Depto En Venta De 3d/2b + Est + Bod Metro Ciudad Del Niño,4100.0,167463639,67,"Metro Ciudad Del Niño, Ciudad Del Niño, San Miguel",https://portalinmobiliario.com/MLC-4155622584-depto-en-venta-de-3d2b-est-bod-metro-ciudad-del-nino-_JM
2037752827,4234136398,ALTA,Departamento Octava Avenida Id: 87449,3500.0,142956765,65,"Octava Avenida, Ciudad Del Niño, San Miguel",https://portalinmobiliario.com/MLC-2037752827-departamento-octava-avenida-id-87449-_JM
4100171122,2072646487,ALTA,Departamento Alcalde Pedro Alarcón Id: 120279,4000.0,163379160,65,"Alcalde Pedro Alarcón, El Llano, San Miguel",https://portalinmobiliario.com/MLC-4100171122-departamento-alcalde-pedro-alarcon-id-120279-_JM
3746278784,3919793406,ALTA,"Nuevo Departamento 3d2b, En Teodoro Smith, San Mig...",3999.0,163338315,64,"San Miguel, Lo Vial",https://portalinmobiliario.com/MLC-3746278784-nuevo-departamento-3d2b-en-teodoro-smith-san-mig-_JM
3838399360,3873492802,ALTA,Departamento Nuevo /alcalde Pedro Alarcón / 3d 2b E Y Bodega,3890.0,158886233,66,"Alcande Pedro Alarcón / Actor Baguena / 3D 2B E Y Bodega, El Llano, San Miguel",https://portalinmobiliario.com/MLC-3838399360-departamento-nuevo-alcalde-pedro-alarcon-3d-2b-e-y-bodega-_JM
2063384469,4021091246,ALTA,"Sin Comsion!!! Álvarez De Toledo 730, 3d / 2b, Est Y Bod.",4350.0,177674836,75,"Álvarez De Toledo 730, San Miguel, El Llano, San Miguel",https://portalinmobiliario.com/MLC-2063384469-sin-comsion-alvarez-de-toledo-730-3d-2b-est-y-bod-_JM
4179288600,2082069155,ALTA,"Venta Dpto. 3h, 2b Estac Y Bga - San Miguel",3794.85,155000000.0,75,"Arcadia 1431, San Miguel, El Llano, San Miguel",https://portalinmobiliario.com/MLC-4179288600-venta-dpto-3h-2b-estac-y-bga-san-miguel-_JM
1994458463,4201714570,ALTA,Departamento En Venta De 3 Dorm. En San Miguel,3850.0,157252442,74,"Vargas Buston 1200, San Miguel, Ciudad Del Niño, San Miguel",https://portalinmobiliario.com/MLC-1994458463-departamento-en-venta-de-3-dorm-en-san-miguel-_JM
4210791010,3193006040,ALTA,Precioso Depto Metro Ciudad Del Niño,3550.0,144999004,57,"PRECIOSO DEPTO METRO CIUDAD DEL NIÑO, Ciudad Del Niño, San Miguel",https://portalinmobiliario.com/MLC-4210791010-precioso-depto-metro-ciudad-del-nino-_JM
4061331128,4061305056,ALTA,Depto. Venta 2d 2b 1e 1b San Miguel Norte Impecable.,3410.0,139280734,55,"Salesianos Gran Avenida, Lo Vial, San Miguel",https://portalinmobiliario.com/MLC-4061331128-depto-venta-2d-2b-1e-1b-san-miguel-norte-impecable-_JM
4230681054,4230681052,ALTA,Vive En El Corazón De San Miguel  Departamento En...,3900.0,159294681,55,"San Miguel, Lo Vial",https://portalinmobiliario.com/MLC-4230681054-vive-en-el-corazon-de-san-miguel-departamento-en-_JM
3625445906,2072646561,ALTA,Departamento En Venta En San Nicolás,3400.0,138872286,56,"San Nicolás, Lo Vial, San Miguel",https://portalinmobiliario.com/MLC-3625445906-departamento-en-venta-en-san-nicolas-_JM
1946224153,1946211473,ALTA,Departamento En Venta De 2 Dorm. En San Miguel,3890.0,158886233,53,"SAN NICOLAS GAUSS METRO DEPARTAMENTRAL, Lo Vial, San Miguel",https://portalinmobiliario.com/MLC-1946224153-departamento-en-venta-de-2-dorm-en-san-miguel-_JM
3922992148,3867305424,ALTA,"Dpto N° 204, 2d+2b+est+bod, Metro Departamental, San Miguel",2790.0,113956964,54,"DPTO N° 204, 2D+2B+EST+BOD, METRO DEPARTAMENTAL, SAN MIGUEL, Ciudad Del Niño, San Miguel",https://portalinmobiliario.com/MLC-3922992148-dpto-n-204-2d2bestbod-metro-departamental-san-miguel-_JM
3946824156,3946811064,ALTA,Departamento San Petersburgo Id: 171036,1600.0,65351664,54,"San Petersburgo, Ciudad Del Niño, San Miguel",https://portalinmobiliario.com/MLC-3946824156-departamento-san-petersburgo-id-171036-_JM
2016430463,2016417747,ALTA,"Moderno!! Con Estacionamiento, Pasos Metro!!",3100.0,126618849,55,"Av. Carlos Valdovinos 1050, San Miguel, El Llano, San Miguel",https://portalinmobiliario.com/MLC-2016430463-moderno-con-estacionamiento-pasos-metro-_JM
1917607897,3741718046,ALTA,"Sin Comisión!! San Nicolás 1207, 2 Dormitorios 1 Baño",2500.0,102111975,47,"San Nicolás 1207, San Miguel, Lo Vial, San Miguel",https://portalinmobiliario.com/MLC-1917607897-sin-comision-san-nicolas-1207-2-dormitorios-1-bano-_JM
1986564897,1973907305,ALTA,Depto En Venta De 2 Dorm. En San Miguel / Cuarta Avenida,3180.0,129886432,46,"Cuarta Avenida (171764 HM), Ciudad Del Niño, San Miguel",https://portalinmobiliario.com/MLC-1986564897-depto-en-venta-de-2-dorm-en-san-miguel-cuarta-avenida-_JM
4198497700,4073501118,ALTA,Hermoso Departamento En San Miguel,2900.0,118449891,45,"Arcadia, 1200 - 1500, El Llano, San Miguel",https://portalinmobiliario.com/MLC-4198497700-hermoso-departamento-en-san-miguel-_JM
3790550252,3991416874,ALTA,Hermoso Y Acogedor Departamento De 2d En San Miguel,2203.46,90000000.0,47,"Tercera Avenida &amp; Primera Transversal, Ciudad Del Niño, San Miguel",https://portalinmobiliario.com/MLC-3790550252-hermoso-y-acogedor-departamento-de-2d-en-san-miguel-_JM
4103971748,1838388671,ALTA,Departamento Familiar Con Vista Despejada,1562.0,63799562,43,"San Petersburgo, Ciudad Del Niño, San Miguel",https://portalinmobiliario.com/MLC-4103971748-departamento-familiar-con-vista-despejada-_JM
3738960284,2072646493,ALTA,Departamento Ventura Blanco Viel Id: 121983,3700.0,151125723,47,"Ventura Blanco Viel, Lo Vial, San Miguel",https://portalinmobiliario.com/MLC-3738960284-departamento-ventura-blanco-viel-id-121983-_JM
4176370542,2053543505,ALTA,"Oportunidad, 2dor+2 B+terraza Oriente (175246)",2399.0,97986651,44,"Novena Avenida, San Miguel, Chile, Ciudad Del Niño, San Miguel",https://portalinmobiliario.com/MLC-4176370542-oportunidad-2dor2-bterraza-oriente-175246-_JM
1883908475,4144867178,ALTA,Departamento En Venta. El Llano Calle Arcangel 1200,3300.0,134787807,42,"Arcangel 1200, Barrio El Llano, A Una Cuadra Del Metro San Miguel, El Llano, San Miguel",https://portalinmobiliario.com/MLC-1883908475-departamento-en-venta-el-llano-calle-arcangel-1200-_JM
3885521852,3885473100,ALTA,Excelente Oportunidad A Pasos Del Metro,2300.0,93943017,38,"Cuarta Avenida 1200 - 1500, San Miguel, Ciudad Del Niño, San Miguel",https://portalinmobiliario.com/MLC-3885521852-excelente-oportunidad-a-pasos-del-metro-_JM
2079451019,4037187246,ALTA,Departamento En Venta 1 Dorm A Pasos Del Metro En San Miguel,2650.0,108238694,40,"Se Vende Departamento Un Dormitorio Un Estacionamiento San Miguel, Lo Vial, San Miguel",https://portalinmobiliario.com/MLC-2079451019-departamento-en-venta-1-dorm-a-pasos-del-metro-en-san-miguel-_JM
2048435719,4118630146,ALTA,Departamento En Venta De 1 Dorm. En San Miguel,2300.0,93943017,39,"Gran Av. José Miguel Carrera, Lo Vial, San Miguel",https://portalinmobiliario.com/MLC-2048435719-departamento-en-venta-de-1-dorm-en-san-miguel-_JM
4198194448,1975404855,ALTA,Departamento En Venta En San Miguel (170965),1300.0,53098227,17,"Quinta Avenida 1200 - 1500, San Miguel, Santiago De Chile, Chile, Ciudad Del Niño, San Miguel",https://portalinmobiliario.com/MLC-4198194448-departamento-en-venta-en-san-miguel-170965-_JM
4223497002,3973063544,ALTA,Departamento En Venta De 1 Dorm. En San Miguel,1950.0,79647340,1,"Cuarta Avenida Con Gran Avenida, Ciudad Del Niño, San Miguel",https://portalinmobiliario.com/MLC-4223497002-departamento-en-venta-de-1-dorm-en-san-miguel-_JM
4201707206,4201707204,ALTA,Hermosa Casa  / Metro Departamental,93.0,3798565,418,"Carlos Edward 1100, Lo Vial, San Miguel",https://portalinmobiliario.com/MLC-4201707206-hermosa-casa-metro-departamental-_JM
4182777896,2050902415,ALTA,Acogedora Casa 3d Metro Departamental,15.91,650000.0,100,"Carmen Mena 600 - 900, San Miguel, Ciudad Del Niño, San Miguel",https://portalinmobiliario.com/MLC-4182777896-acogedora-casa-3d-metro-departamental-_JM
4168014774,2950254400,ALTA,Edificio Lazo Ii Vista Oriente Piso 18,10.45,427000.0,50,"Lazo 1350, Lo Vial, San Miguel",https://portalinmobiliario.com/MLC-4168014774-edificio-lazo-ii-vista-oriente-piso-18-_JM
4235672176,4169141046,ALTA,Departamento María Auxiliadora Id: 163623,8.57,350000.0,52,"María Auxiliadora, El Llano, San Miguel",https://portalinmobiliario.com/MLC-4235672176-departamento-maria-auxiliadora-id-163623-_JM
4212547004,4201744074,ALTA,Se Arrienda Dpto 3d1b Cercano A Eje Departamental / Sta.rosa,8.45,345000.0,52,"Avenida Santa Rosa 5741, San Miguel, Chile, Ciudad Del Niño, San Miguel",https://portalinmobiliario.com/MLC-4212547004-se-arrienda-dpto-3d1b-cercano-a-eje-departamental-starosa-_JM
2084185405,4143963734,ALTA,Depto 3d 1 B San Petersburgo - Metro Lo Ovalle - Promoción,3.67,150000.0,50,"PROMOCIÓN 3d1b-sin Estacionamiento Ni Bodega- Metro Lo Ovalle -, Ciudad Del Niño, San Miguel",https://portalinmobiliario.com/MLC-2084185405-depto-3d-1-b-san-petersburgo-metro-lo-ovalle-promocion-_JM
4084743412,4086076658,ALTA,Arrienda Depto De 2d+1b En San Miguel / 50% De Dscto 1er Mes,9.79,400000.0,49,"Lazo 1365, Santiago, San Miguel, Lo Vial, San Miguel",https://portalinmobiliario.com/MLC-4084743412-arrienda-depto-de-2d1b-en-san-miguel-50-de-dscto-1er-mes-_JM
2037562033,3543378190,ALTA,Edificio Barrio Teresa Vial Vista Poniente Piso 1,9.28,379000.0,35,"Teresa Vial 1175, Lo Vial, San Miguel",https://portalinmobiliario.com/MLC-2037562033-edificio-barrio-teresa-vial-vista-poniente-piso-1-_JM
2034878661,4201703896,ALTA,"(adm)depto 1d+ 1b Alvarez De Toledo, San Miguel Mq",6.24,255000.0,35,"Álvarez De Toledo, San Miguel, Chile, El Llano, San Miguel",https://portalinmobiliario.com/MLC-2034878661-admdepto-1d-1b-alvarez-de-toledo-san-miguel-mq-_JM
4191768670,4191768666,ALTA,Cómodo Departamento Con Estacionamie Y Bodega (170572),8.08,330000.0,35,"Avenida Santa Rosa, Lo Vial, San Miguel",https://portalinmobiliario.com/MLC-4191768670-comodo-departamento-con-estacionamie-y-bodega-170572-_JM
4205339666,2059436545,ALTA,Arriendo Departamento Seminuevo 1d+1b Con Bodega,9.3,380000.0,34,"San Nicolás 1278, San Miguel, Lo Vial, San Miguel",https://portalinmobiliario.com/MLC-4205339666-arriendo-departamento-seminuevo-1d1b-con-bodega-_JM
4168132712,4098301098,ALTA,Se Arrienda  Moderno Departamento 1d + 1b  Edificio Parque,7.34,300000.0,30,"Carmen Mena 838, San Miguel, Ciudad Del Niño, San Miguel",https://portalinmobiliario.com/MLC-4168132712-se-arrienda-moderno-departamento-1d-1b-edificio-parque-_JM
4182538956,4202056616,ALTA,Dpto De Una Habitacion Amoblado + Est | En San Miguel,11.02,450000.0,30,"Euclides 1211, San Miguel, El Llano, San Miguel",https://portalinmobiliario.com/MLC-4182538956-dpto-de-una-habitacion-amoblado-est-en-san-miguel-_JM
2079808731,4162508306,ALTA,Arriendo Departamento En San Miguel 2d 2b,17.14,700000.0,80,"Ramón Barros Luco 4010, San Miguel, El Llano, San Miguel",https://portalinmobiliario.com/MLC-2079808731-arriendo-departamento-en-san-miguel-2d-2b-_JM
4219657346,4155690622,ALTA,"Depto 2-h ,1 B, 2 Est Y Bod En San Miguel.",11.26,460000.0,55,"ISABEL RIQUELME CON CHILOÉ, El Llano, San Miguel",https://portalinmobiliario.com/MLC-4219657346-depto-2-h-1-b-2-est-y-bod-en-san-miguel-_JM
2039842907,2016681761,ALTA,Arriendo Depto-san Petersburgo  (174257),9.06,370000.0,45,"San Petersburgo, Ciudad Del Niño, San Miguel",https://portalinmobiliario.com/MLC-2039842907-arriendo-depto-san-petersburgo-174257-_JM
2089673531,4109150204,ALTA,Dos Dormitorios Con Estacionamiento Y Bodega,15.91,650000.0,47,"Álvarez De Toledo 600 - 900, San Miguel, El Llano, San Miguel",https://portalinmobiliario.com/MLC-2089673531-dos-dormitorios-con-estacionamiento-y-bodega-_JM
2037562715,4188277900,ALTA,Edificio Av. Sta. Rosa Vista Norte Piso 19,8.45,345000.0,45,"Av. Sta. Rosa 5741, Ciudad Del Niño, San Miguel",https://portalinmobiliario.com/MLC-2037562715-edificio-av-sta-rosa-vista-norte-piso-19-_JM
4228885668,2081855945,ALTA,Gran Avenida 6321 Arriendo Departamento 2 Dorms Terraza Piso,9.63,393500.0,47,"Gran Avenida 6321, San Miguel., Ciudad Del Niño, San Miguel",https://portalinmobiliario.com/MLC-4228885668-gran-avenida-6321-arriendo-departamento-2-dorms-terraza-piso-_JM
2037487297,4191175564,ALTA,Edificio San Petersburgo (1 Est. 1 Bod.) Vista Nororiente P,9.3,380000.0,45,"San Petersburgo 6351, Ciudad Del Niño, San Miguel",https://portalinmobiliario.com/MLC-2037487297-edificio-san-petersburgo-1-est-1-bod-vista-nororiente-p-_JM
4170362372,2046362707,ALTA,Cómodo Y Acogedor Home Studio En 3ra Avenida San Miguel,6.61,270000.0,27,"Tercera Avenida 1221, San Miguel, Ciudad Del Niño, San Miguel",https://portalinmobiliario.com/MLC-4170362372-comodo-y-acogedor-home-studio-en-3ra-avenida-san-miguel-_JM
4201731278,4201731140,ALTA,Precioso Departamento Vargas Buston,13.47,550000.0,62,"Vargas Buston 790, Ciudad Del Niño, San Miguel",https://portalinmobiliario.com/MLC-4201731278-precioso-departamento-vargas-buston-_JM
2066614881,2063382873,ALTA,Dos Dormitorios Con Estacionamiento Y Bodega,14.69,600000.0,59,"Vargas Buston 900 - 1200, San Miguel, Ciudad Del Niño, San Miguel",https://portalinmobiliario.com/MLC-2066614881-dos-dormitorios-con-estacionamiento-y-bodega-_JM
4229740240,2076890325,ALTA,Moderno Depto 61m2 2d 2b 1box 1bga Piso 4 Metro C Del Niño,14.69,600000.0,61,"Varas Mena 865, La Cisterna, San Miguel, Ciudad Del Niño, San Miguel",https://portalinmobiliario.com/MLC-4229740240-moderno-depto-61m2-2d-2b-1box-1bga-piso-4-metro-c-del-nino-_JM
4213377392,2046347721,ALTA,Luminoso Dos Dormitorios - Bodega,11.02,450000.0,60,"Milán 1437, San Miguel, El Llano, San Miguel",https://portalinmobiliario.com/MLC-4213377392-luminoso-dos-dormitorios-bodega-_JM
4243680328,4216696694,ALTA,"Dos Dormitorios Con Estacionamiento Y Bodega, Bartolo Soto",15.91,650000.0,59,"Bartolo Soto 3900 - 4200, San Miguel, El Llano, San Miguel",https://portalinmobiliario.com/MLC-4243680328-dos-dormitorios-con-estacionamiento-y-bodega-bartolo-soto-_JM
4241427414,2076831913,ALTA,"Dos Dormitorios , Calle Alvarez De Toledo",13.0,530982,60,"Álvarez De Toledo 900 - 1200, Santiago, San Miguel, El Llano, San Miguel",https://portalinmobiliario.com/MLC-4241427414-dos-dormitorios-calle-alvarez-de-toledo-_JM
2081855723,2044094303,ALTA,Sector El Llano San Miguel | 3d + 2b + 1e + 1b,22.0,898585,100,"Amalia Errázuriz 2700 - 3000, San Miguel, El Llano, San Miguel",https://portalinmobiliario.com/MLC-2081855723-sector-el-llano-san-miguel-3d-2b-1e-1b-_JM
4173022340,4172999678,ALTA,En Arriendo Depto. Calle Alvarez De Toledo- Metro San Miguel,8.81,360000.0,68,"Álvarez De Toledo 600 - 900, San Miguel, El Llano, San Miguel",https://portalinmobiliario.com/MLC-4173022340-en-arriendo-depto-calle-alvarez-de-toledo-metro-san-miguel-_JM
