comuna,titulo,precio_clp,habitaciones,banos,superficie_m2,estacionamientos,fecha_publicacion,codigo_aviso,url,tipo_publicacion,tipo_propiedad,precio_uf
Macul,"Depto 2D/1B con Estacionamiento, Bodega y Walk-In Closet - Macul",480000.0,2.0,1.0,50.0,1.0,26/07/2026,125927696,https://chilepropiedades.cl/ver-publicacion/arriendo-mensual/macul/departamento/poeta-vicente-huidobro-3500/125927696,arriendo-mensual,departamento,11.751804820149644
Macul,Arrienda Hermoso Departamento Nuevo en Macul,350000.0,1.0,1.0,40.0,,24/07/2026,125733595,https://chilepropiedades.cl/ver-publicacion/arriendo-mensual/macul/departamento/avenida-departamental-3516/125733595,arriendo-mensual,departamento,8.569024348025783
Macul,"Departamento en Agrícola 1710, Al Lado Inacap, Metro Agricola",500000.0,2.0,2.0,62.0,,22/07/2026,125572512,https://chilepropiedades.cl/ver-publicacion/arriendo-mensual/macul/departamento/agricola/125572512,arriendo-mensual,departamento,12.241463354322546
Macul,"Departamento en Agrícola 1710, Estación Metro, Lado Inacap.",500000.0,2.0,2.0,62.0,,21/07/2026,125468514,https://chilepropiedades.cl/ver-publicacion/arriendo-mensual/macul/departamento/avenida-escuela-agricola-1710/125468514,arriendo-mensual,departamento,12.241463354322546
Macul,Depto 2D/2B con Terraza y Estacionamiento en Macul,535000.0,2.0,2.0,70.0,1.0,21/07/2026,125471493,https://chilepropiedades.cl/ver-publicacion/arriendo-mensual/macul/departamento/luis-valenzuela-aris-3220/125471493,arriendo-mensual,departamento,13.098365789125124
Macul,"Macul, Av. Departamental 3516",350000.0,1.0,1.0,40.0,,14/07/2026,87121339,https://chilepropiedades.cl/ver-publicacion/arriendo-mensual/macul/departamento/av-departamental-3516/87121339,arriendo-mensual,departamento,8.569024348025783
Macul,Arrienda Hermoso y Nuevo Departamento en Macul,350000.0,1.0,1.0,40.0,,14/07/2026,80780599,https://chilepropiedades.cl/ver-publicacion/arriendo-mensual/macul/departamento/av-departamental-3516/80780599,arriendo-mensual,departamento,8.569024348025783
Macul,Arrienda Hermos Departamento Nuevo en Macul,350000.0,1.0,1.0,40.0,,14/07/2026,80202187,https://chilepropiedades.cl/ver-publicacion/arriendo-mensual/macul/departamento/av-departamental-3516/80202187,arriendo-mensual,departamento,8.569024348025783
Macul,"Macul, Avenida Quilin 139",315000.0,1.0,1.0,38.0,,13/07/2026,123076203,https://chilepropiedades.cl/ver-publicacion/arriendo-mensual/macul/departamento/avenida-quilin-139/123076203,arriendo-mensual,departamento,7.712121913223204
Macul,"Macul, Avenida Escuela Agrícola 1710",500000.0,2.0,2.0,57.0,1.0,08/07/2026,118191283,https://chilepropiedades.cl/ver-publicacion/arriendo-mensual/macul/departamento/avenida-escuela-agricola-1710/118191283,arriendo-mensual,departamento,12.241463354322546
Macul,"Macul, Av. Departamental 3516",350000.0,1.0,1.0,40.0,,25/06/2026,96693952,https://chilepropiedades.cl/ver-publicacion/arriendo-mensual/macul/departamento/av-departamental-3516/96693952,arriendo-mensual,departamento,8.569024348025783
Macul,"Macul, Avenida Américo Vespucio 4455",500000.0,2.0,2.0,54.0,,15/06/2026,109624778,https://chilepropiedades.cl/ver-publicacion/arriendo-mensual/macul/departamento/avenida-americo-vespucio-4455/109624778,arriendo-mensual,departamento,12.241463354322546
Macul,"Macul, Monseñor Carlos Casanueva",560000.0,2.0,1.0,65.0,1.0,03/06/2026,112682985,https://chilepropiedades.cl/ver-publicacion/arriendo-mensual/macul/departamento/monsenor-carlos-casanueva/112682985,arriendo-mensual,departamento,13.710438956841251
Macul,"Macul, macul 3198",450000.0,2.0,2.0,52.0,,26/07/2026,125899087,https://chilepropiedades.cl/ver-publicacion/arriendo-mensual/macul/departamento/macul-3198/125899087,arriendo-mensual,departamento,11.017317018890292
Macul,"Macul, macul 3198",450000.0,2.0,2.0,52.0,,26/07/2026,125899073,https://chilepropiedades.cl/ver-publicacion/arriendo-mensual/macul/departamento/macul-3198/125899073,arriendo-mensual,departamento,11.017317018890292
Macul,"Macul, Vista despejada! (176715)",550000.0,2.0,2.0,60.0,1.0,26/07/2026,125883308,https://chilepropiedades.cl/ver-publicacion/arriendo-mensual/macul/departamento/vista-despejada-176715/125883308,arriendo-mensual,departamento,13.465609689754801
Macul,"Macul, Casi estación metro las torres.",550000.0,2.0,2.0,60.0,,26/07/2026,125881952,https://chilepropiedades.cl/ver-publicacion/arriendo-mensual/macul/departamento/casi-estacion-metro-las-torres/125881952,arriendo-mensual,departamento,13.465609689754801
Macul,"Macul, Bello departamento (176770)",630000.0,2.0,2.0,60.0,1.0,26/07/2026,125881197,https://chilepropiedades.cl/ver-publicacion/arriendo-mensual/macul/departamento/bello-departamento-176770/125881197,arriendo-mensual,departamento,15.424243826446409
Macul,"Macul, Siria",520000.0,2.0,1.0,52.0,,25/07/2026,65048747,https://chilepropiedades.cl/ver-publicacion/arriendo-mensual/macul/departamento/siria/65048747,arriendo-mensual,departamento,12.731121888495448
Macul,"Macul, Vespucio con las torres",560000.0,2.0,2.0,64.0,,25/07/2026,115504421,https://chilepropiedades.cl/ver-publicacion/arriendo-mensual/macul/departamento/vespucio-con-las-torres/115504421,arriendo-mensual,departamento,13.710438956841251
Macul,"Macul, Macul 3401",470000.0,1.0,1.0,32.0,,25/07/2026,125815793,https://chilepropiedades.cl/ver-publicacion/arriendo-mensual/macul/departamento/macul-3401/125815793,arriendo-mensual,departamento,11.506975553063194
Macul,"Macul, Estudio amoblado sin cheque sin aval",350000.0,1.0,1.0,33.0,,25/07/2026,125812141,https://chilepropiedades.cl/ver-publicacion/arriendo-mensual/macul/departamento/estudio-amoblado-sin-cheque-sin-aval/125812141,arriendo-mensual,departamento,8.569024348025783
Macul,"Macul, Macul",560000.0,2.0,2.0,65.0,1.0,25/07/2026,125812016,https://chilepropiedades.cl/ver-publicacion/arriendo-mensual/macul/departamento/macul/125812016,arriendo-mensual,departamento,13.710438956841251
Macul,"Macul, Vicuña Mackenna",346000.0,1.0,1.0,35.0,,25/07/2026,125807418,https://chilepropiedades.cl/ver-publicacion/arriendo-mensual/macul/departamento/vicuna-mackenna/125807418,arriendo-mensual,departamento,8.471092641191202
Macul,"Macul, Madreselvas",470000.0,2.0,2.0,54.0,1.0,25/07/2026,6587113,https://chilepropiedades.cl/ver-publicacion/arriendo-mensual/macul/departamento/madreselvas/6587113,arriendo-mensual,departamento,11.506975553063194
Macul,"Macul, Luis valenzuela aris 3221",610000.0,2.0,2.0,68.0,1.0,25/07/2026,125801903,https://chilepropiedades.cl/ver-publicacion/arriendo-mensual/macul/departamento/luis-valenzuela-aris-3221/125801903,arriendo-mensual,departamento,14.934585292273507
Macul,"Macul, Coipue 3091",570000.0,3.0,2.0,74.0,1.0,25/07/2026,125764536,https://chilepropiedades.cl/ver-publicacion/arriendo-mensual/macul/departamento/coipue-3091/125764536,arriendo-mensual,departamento,13.955268223927703
Macul,"Macul, Los Olmos 3140  – Macul",490000.0,2.0,1.0,50.0,1.0,24/07/2026,107620674,https://chilepropiedades.cl/ver-publicacion/arriendo-mensual/macul/departamento/los-olmos-3140-macul/107620674,arriendo-mensual,departamento,11.996634087236096
Macul,"Macul, Metro Escuela Agrícola",440000.0,2.0,1.0,48.0,,24/07/2026,125727521,https://chilepropiedades.cl/ver-publicacion/arriendo-mensual/macul/departamento/metro-escuela-agricola/125727521,arriendo-mensual,departamento,10.77248775180384
Macul,"Macul, Los espinos con exequiel fernandez",380000.0,1.0,1.0,36.58,,24/07/2026,125721733,https://chilepropiedades.cl/ver-publicacion/arriendo-mensual/macul/departamento/los-espinos-con-exequiel-fernandez/125721733,arriendo-mensual,departamento,9.303512149285135
Macul,"Macul, Se arrienda en avenida macul 3735",650000.0,2.0,2.0,58.0,,24/07/2026,125716837,https://chilepropiedades.cl/ver-publicacion/arriendo-mensual/macul/departamento/se-arrienda-en-avenida-macul-3735/125716837,arriendo-mensual,departamento,15.91390236061931
Macul,"Macul, Avenida macul 2795",500000.0,2.0,2.0,48.0,1.0,24/07/2026,125666324,https://chilepropiedades.cl/ver-publicacion/arriendo-mensual/macul/departamento/avenida-macul-2795/125666324,arriendo-mensual,departamento,12.241463354322546
Macul,"Macul, Av macul 2795",500000.0,2.0,2.0,48.0,1.0,24/07/2026,125666305,https://chilepropiedades.cl/ver-publicacion/arriendo-mensual/macul/departamento/av-macul-2795/125666305,arriendo-mensual,departamento,12.241463354322546
Macul,"Macul, Av Quilin 3375",450000.0,1.0,1.0,40.0,1.0,24/07/2026,125665927,https://chilepropiedades.cl/ver-publicacion/arriendo-mensual/macul/departamento/av-quilin-3375/125665927,arriendo-mensual,departamento,11.017317018890292
Macul,"Departamento, 2 Dormitorios + 2 Baños + Bodega y Estacionamiento",630000.0,2.0,2.0,59.0,1.0,23/07/2026,125661839,https://chilepropiedades.cl/ver-publicacion/arriendo-mensual/macul/departamento/los-platanos-3001/125661839,arriendo-mensual,departamento,15.424243826446409
Macul,"Macul, Gran vista, confort y excelente conectividad (176341)",450000.0,1.0,1.0,34.75,,23/07/2026,125633442,https://chilepropiedades.cl/ver-publicacion/arriendo-mensual/macul/departamento/gran-vista-confort-y-excelente-conectividad-176341/125633442,arriendo-mensual,departamento,11.017317018890292
Macul,"Macul, armando moock 3777",500000.0,2.0,2.0,57.0,1.0,23/07/2026,125631722,https://chilepropiedades.cl/ver-publicacion/arriendo-mensual/macul/departamento/armando-moock-3777/125631722,arriendo-mensual,departamento,12.241463354322546
Macul,"Macul, Depto 3d 2b 1e 1b macul (176572)",850000.0,3.0,2.0,90.0,1.0,23/07/2026,125631454,https://chilepropiedades.cl/ver-publicacion/arriendo-mensual/macul/departamento/depto-3d-2b-1e-1b-macul-176572/125631454,arriendo-mensual,departamento,20.81048770234833
Macul,"Macul, Avenida Américo Vespucio con Uno Oriente",399000.0,2.0,2.0,47.0,,23/07/2026,125629808,https://chilepropiedades.cl/ver-publicacion/arriendo-mensual/macul/departamento/avenida-americo-vespucio-con-uno-oriente/125629808,arriendo-mensual,departamento,9.768687756749392
Macul,"Macul, Avenida Quilin",460000.0,1.0,1.0,42.0,1.0,23/07/2026,125628458,https://chilepropiedades.cl/ver-publicacion/arriendo-mensual/macul/departamento/avenida-quilin/125628458,arriendo-mensual,departamento,11.262146285976742
Macul,"Macul, Padre Luis Querbes",380000.0,1.0,1.0,36.0,,23/07/2026,125628285,https://chilepropiedades.cl/ver-publicacion/arriendo-mensual/macul/departamento/padre-luis-querbes/125628285,arriendo-mensual,departamento,9.303512149285135
Macul,"Macul, arturo prat 4327",300000.0,1.0,1.0,32.0,,23/07/2026,123980044,https://chilepropiedades.cl/ver-publicacion/arriendo-mensual/macul/departamento/arturo-prat-4327/123980044,arriendo-mensual,departamento,7.344878012593528
Macul,"Macul, Metro macul",450000.0,2.0,2.0,52.0,,23/07/2026,125626475,https://chilepropiedades.cl/ver-publicacion/arriendo-mensual/macul/departamento/metro-macul/125626475,arriendo-mensual,departamento,11.017317018890292
Macul,"Macul, Hermoso departamento nuevo y amoblado en macul",460000.0,1.0,1.0,37.0,1.0,23/07/2026,125625635,https://chilepropiedades.cl/ver-publicacion/arriendo-mensual/macul/departamento/hermoso-departamento-nuevo-y-amoblado-en-macul/125625635,arriendo-mensual,departamento,11.262146285976742
Macul,"Macul, macul 3198",450000.0,2.0,2.0,52.0,,23/07/2026,125015027,https://chilepropiedades.cl/ver-publicacion/arriendo-mensual/macul/departamento/macul-3198/125015027,arriendo-mensual,departamento,11.017317018890292
Macul,"Macul, Camilo Ortuzar 4030",600000.0,3.0,2.0,73.0,1.0,23/07/2026,119736462,https://chilepropiedades.cl/ver-publicacion/arriendo-mensual/macul/departamento/camilo-ortuzar-4030/119736462,arriendo-mensual,departamento,14.689756025187055
Macul,"Macul, vicente huidobro con macul",539000.0,2.0,2.0,51.0,1.0,23/07/2026,125614959,https://chilepropiedades.cl/ver-publicacion/arriendo-mensual/macul/departamento/vicente-huidobro-con-macul/125614959,arriendo-mensual,departamento,13.196297495959705
Macul,"Macul, Av. Macul 3474",650000.0,2.0,2.0,57.0,1.0,22/07/2026,125170875,https://chilepropiedades.cl/ver-publicacion/arriendo-mensual/macul/departamento/av-macul-3474/125170875,arriendo-mensual,departamento,15.91390236061931
Macul,"Macul, Camino Agricola",370000.0,1.0,1.0,45.0,1.0,22/07/2026,108595254,https://chilepropiedades.cl/ver-publicacion/arriendo-mensual/macul/departamento/camino-agricola/108595254,arriendo-mensual,departamento,9.058682882198685
Macul,"Macul, Excelente Departamento Moderno a pasos de Metro (176374)",400000.0,1.0,1.0,40.0,,22/07/2026,125542410,https://chilepropiedades.cl/ver-publicacion/arriendo-mensual/macul/departamento/excelente-departamento-moderno-a-pasos-de-metro-176374/125542410,arriendo-mensual,departamento,9.793170683458037
Macul,"Macul, Exequiel Fernández",520000.0,2.0,2.0,62.0,1.0,21/07/2026,112653112,https://chilepropiedades.cl/ver-publicacion/arriendo-mensual/macul/departamento/exequiel-fernandez/112653112,arriendo-mensual,departamento,12.731121888495448
Macul,"Macul, armando moock 3777",500000.0,2.0,2.0,57.0,1.0,21/07/2026,125472861,https://chilepropiedades.cl/ver-publicacion/arriendo-mensual/macul/departamento/armando-moock-3777/125472861,arriendo-mensual,departamento,12.241463354322546
Macul,"Macul, Premio Nóbel 3295",620000.0,3.0,2.0,75.0,1.0,21/07/2026,125470867,https://chilepropiedades.cl/ver-publicacion/arriendo-mensual/macul/departamento/premio-nobel-3295/125470867,arriendo-mensual,departamento,15.179414559359957
Macul,"Macul, Los Plátanos",480000.0,1.0,1.0,37.0,1.0,21/07/2026,125443274,https://chilepropiedades.cl/ver-publicacion/arriendo-mensual/macul/departamento/los-platanos/125443274,arriendo-mensual,departamento,11.751804820149644
Macul,"Macul, Metro macul - padre luis querbes 6321",500000.0,2.0,1.0,44.0,,21/07/2026,125438949,https://chilepropiedades.cl/ver-publicacion/arriendo-mensual/macul/departamento/metro-macul-padre-luis-querbes-6321/125438949,arriendo-mensual,departamento,12.241463354322546
Macul,"Macul, Metro carlos valdovinos",500000.0,2.0,2.0,51.0,,21/07/2026,125436354,https://chilepropiedades.cl/ver-publicacion/arriendo-mensual/macul/departamento/metro-carlos-valdovinos/125436354,arriendo-mensual,departamento,12.241463354322546
Macul,"Macul, Linda vista, amplio departamento Macul c/ Quilin (176237)",490000.0,2.0,2.0,60.0,1.0,21/07/2026,125435294,https://chilepropiedades.cl/ver-publicacion/arriendo-mensual/macul/departamento/linda-vista-amplio-departamento-macul-c-quilin-176237/125435294,arriendo-mensual,departamento,11.996634087236096
Macul,"Macul, Exequiel Fernández",408447.9,2.0,2.0,69.0,1.0,21/07/2026,119880335,https://chilepropiedades.cl/ver-publicacion/arriendo-mensual/macul/departamento/exequiel-fernandez/119880335,arriendo-mensual,departamento,10.0
Macul,"Macul, Arriendo 2D, 1B, Est y Bod Metro Agricola (176172)",470000.0,2.0,1.0,50.0,1.0,21/07/2026,125428490,https://chilepropiedades.cl/ver-publicacion/arriendo-mensual/macul/departamento/arriendo-2d-1b-est-y-bod-metro-agricola-176172/125428490,arriendo-mensual,departamento,11.506975553063194
Macul,"Macul, Escuela Agrícola 1710, Macul",680000.0,4.0,3.0,94.0,1.0,21/07/2026,125423404,https://chilepropiedades.cl/ver-publicacion/arriendo-mensual/macul/departamento/escuela-agricola-1710-macul/125423404,arriendo-mensual,departamento,16.648390161878662
Macul,Exquisito Departamento a Estrenar de 1 Dormitorio con 1 Baño,390000.0,1.0,1.0,35.06,,21/07/2026,122860916,https://chilepropiedades.cl/ver-publicacion/arriendo-mensual/macul/departamento/padre-luis-querbes-6321/122860916,arriendo-mensual,departamento,9.548341416371587
Macul,"Macul, Metro camino agrícola",420000.0,1.0,1.0,39.0,,20/07/2026,125329485,https://chilepropiedades.cl/ver-publicacion/arriendo-mensual/macul/departamento/metro-camino-agricola/125329485,arriendo-mensual,departamento,10.282829217630939
Macul,"Macul, Avenida Padre Luis Querbes, Macul, Región Metropolitana de Santiago 7810000, Chile",570000.0,2.0,1.0,26.0,,20/07/2026,125289266,https://chilepropiedades.cl/ver-publicacion/arriendo-mensual/macul/departamento/avenida-padre-luis-querbes-macul-region-metropolitana-de-santiago-7810000-chile/125289266,arriendo-mensual,departamento,13.955268223927703
Macul,"Macul, los espinos",560000.0,3.0,2.0,,1.0,19/07/2026,115657821,https://chilepropiedades.cl/ver-publicacion/arriendo-mensual/macul/departamento/los-espinos/115657821,arriendo-mensual,departamento,13.710438956841251
Macul,"Macul, Sin aval!! 2 dorm 2 baños 1 est 1 bod",560000.0,2.0,2.0,56.0,1.0,19/07/2026,76159116,https://chilepropiedades.cl/ver-publicacion/arriendo-mensual/macul/departamento/sin-aval-2-dorm-2-banos-1-est-1-bod/76159116,arriendo-mensual,departamento,13.710438956841251
Macul,"Macul, Av. Macul 3474",650000.0,2.0,2.0,57.0,1.0,19/07/2026,125253313,https://chilepropiedades.cl/ver-publicacion/arriendo-mensual/macul/departamento/av-macul-3474/125253313,arriendo-mensual,departamento,15.91390236061931
Macul,"Macul, Camilo Ortúzar",480000.0,2.0,2.0,55.0,,18/07/2026,92629281,https://chilepropiedades.cl/ver-publicacion/arriendo-mensual/macul/departamento/camilo-ortuzar/92629281,arriendo-mensual,departamento,11.751804820149644
Macul,Arriendo Departamento 3 Dorm 2 Banos 1 Estac Frente a Mall Quilín,540000.0,3.0,2.0,70.0,1.0,18/07/2026,123891277,https://chilepropiedades.cl/ver-publicacion/arriendo-mensual/macul/departamento/ignacio-carrera-pinto-4971/123891277,arriendo-mensual,departamento,13.22078042266835
Macul,"Macul, Excelente Inversión en Pleno Centro (176017)",500000.0,2.0,2.0,60.0,1.0,18/07/2026,125175656,https://chilepropiedades.cl/ver-publicacion/arriendo-mensual/macul/departamento/excelente-inversion-en-pleno-centro-176017/125175656,arriendo-mensual,departamento,12.241463354322546
Macul,"Macul, Amplio Departamento con Excelente Vista (176064)",690000.0,2.0,2.0,58.0,1.0,18/07/2026,125174622,https://chilepropiedades.cl/ver-publicacion/arriendo-mensual/macul/departamento/amplio-departamento-con-excelente-vista-176064/125174622,arriendo-mensual,departamento,16.893219428965114
Macul,"Macul, Poeta Vicente Huidobro",480000.0,2.0,1.0,42.0,1.0,18/07/2026,125174066,https://chilepropiedades.cl/ver-publicacion/arriendo-mensual/macul/departamento/poeta-vicente-huidobro/125174066,arriendo-mensual,departamento,11.751804820149644
Macul,"Macul, Vicuña Mackenna",420000.0,1.0,1.0,40.0,,18/07/2026,125173824,https://chilepropiedades.cl/ver-publicacion/arriendo-mensual/macul/departamento/vicuna-mackenna/125173824,arriendo-mensual,departamento,10.282829217630939
Macul,"Macul, Av. Macul 3474",650000.0,2.0,2.0,57.0,1.0,18/07/2026,125170917,https://chilepropiedades.cl/ver-publicacion/arriendo-mensual/macul/departamento/av-macul-3474/125170917,arriendo-mensual,departamento,15.91390236061931
Macul,"Macul, Metro las torres",350000.0,1.0,1.0,35.0,10.0,17/07/2026,96289937,https://chilepropiedades.cl/ver-publicacion/arriendo-mensual/macul/departamento/metro-las-torres/96289937,arriendo-mensual,departamento,8.569024348025783
Macul,"Macul, Avenida Américo Vespucio",330000.0,1.0,1.0,36.0,,17/07/2026,125077653,https://chilepropiedades.cl/ver-publicacion/arriendo-mensual/macul/departamento/avenida-americo-vespucio/125077653,arriendo-mensual,departamento,8.079365813852881
Macul,"Macul, Cómodo departamento en Macul (175866)",435000.0,1.0,1.0,36.0,1.0,17/07/2026,125076126,https://chilepropiedades.cl/ver-publicacion/arriendo-mensual/macul/departamento/comodo-departamento-en-macul-175866/125076126,arriendo-mensual,departamento,10.650073118260615
Macul,"Macul, Parque mackenna",350000.0,,1.0,35.0,,17/07/2026,125074349,https://chilepropiedades.cl/ver-publicacion/arriendo-mensual/macul/departamento/parque-mackenna/125074349,arriendo-mensual,departamento,8.569024348025783
Macul,"Macul, Metro las torres",470000.0,2.0,2.0,60.0,,17/07/2026,125074243,https://chilepropiedades.cl/ver-publicacion/arriendo-mensual/macul/departamento/metro-las-torres/125074243,arriendo-mensual,departamento,11.506975553063194
Macul,"Macul, Missouri 3885, Macul",326758.32,1.0,1.0,,1.0,16/07/2026,125012770,https://chilepropiedades.cl/ver-publicacion/arriendo-mensual/macul/departamento/missouri-3885-macul/125012770,arriendo-mensual,departamento,8.0
Macul,"Dpto. en Macul, 1 Hab. + 1 Estac. + 1 Bod. (Cerca Estac. Metro).",450000.0,1.0,1.0,38.0,1.0,16/07/2026,125012528,https://chilepropiedades.cl/ver-publicacion/arriendo-mensual/macul/departamento/avenida-americo-vespucio-4455/125012528,arriendo-mensual,departamento,11.017317018890292
Macul,"Macul, Mayor abe 2800",600000.0,3.0,2.0,70.0,,16/07/2026,124998550,https://chilepropiedades.cl/ver-publicacion/arriendo-mensual/macul/departamento/mayor-abe-2800/124998550,arriendo-mensual,departamento,14.689756025187055
Macul,"Macul, Ideal para Inversión: Excelente Conectividad (175776)",550000.0,2.0,2.0,45.0,1.0,16/07/2026,124997862,https://chilepropiedades.cl/ver-publicacion/arriendo-mensual/macul/departamento/ideal-para-inversion-excelente-conectividad-175776/124997862,arriendo-mensual,departamento,13.465609689754801
Macul,"Macul, macul 3198",450000.0,2.0,2.0,52.0,,15/07/2026,124875983,https://chilepropiedades.cl/ver-publicacion/arriendo-mensual/macul/departamento/macul-3198/124875983,arriendo-mensual,departamento,11.017317018890292
Macul,"Macul, Quilín/ Macul",600000.0,2.0,2.0,64.0,1.0,15/07/2026,124871787,https://chilepropiedades.cl/ver-publicacion/arriendo-mensual/macul/departamento/quilin-macul/124871787,arriendo-mensual,departamento,14.689756025187055
Macul,"Macul, Camilo ortuzar",570000.0,3.0,2.0,72.0,1.0,15/07/2026,124870442,https://chilepropiedades.cl/ver-publicacion/arriendo-mensual/macul/departamento/camilo-ortuzar/124870442,arriendo-mensual,departamento,13.955268223927703
Macul,"Macul, Av. Macul / los olmos",680000.0,2.0,2.0,65.3,,15/07/2026,124870077,https://chilepropiedades.cl/ver-publicacion/arriendo-mensual/macul/departamento/av-macul-los-olmos/124870077,arriendo-mensual,departamento,16.648390161878662
Macul,"Macul, Vicuña Mackenna",390000.0,1.0,1.0,40.0,,15/07/2026,124866352,https://chilepropiedades.cl/ver-publicacion/arriendo-mensual/macul/departamento/vicuna-mackenna/124866352,arriendo-mensual,departamento,9.548341416371587
Macul,Departamento Nuevo en Arriendo. Comuna de Macul,360000.0,1.0,1.0,30.0,,15/07/2026,124866080,https://chilepropiedades.cl/ver-publicacion/arriendo-mensual/macul/departamento/missouri-3885/124866080,arriendo-mensual,departamento,8.813853615112233
Macul,"Macul, Los Clarines 3139, Macul, Región Metropolitana de Santiago 7810000, Chile",430000.0,2.0,1.0,60.0,,15/07/2026,124854825,https://chilepropiedades.cl/ver-publicacion/arriendo-mensual/macul/departamento/los-clarines-3139-macul-region-metropolitana-de-santiago-7810000-chile/124854825,arriendo-mensual,departamento,10.52765848471739
Macul,"Macul, Avenida macul",400000.0,1.0,1.0,37.0,,15/07/2026,84322363,https://chilepropiedades.cl/ver-publicacion/arriendo-mensual/macul/departamento/avenida-macul/84322363,arriendo-mensual,departamento,9.793170683458037
Macul,"Departamento Remodelado 2 D, 2 B Av Macul",480000.0,2.0,2.0,46.0,1.0,14/07/2026,124784014,https://chilepropiedades.cl/ver-publicacion/arriendo-mensual/macul/departamento/av-macul-2301/124784014,arriendo-mensual,departamento,11.751804820149644
Macul,"Macul, Oferta - rebajado - amoblado / laguna centro",380000.0,1.0,,45.0,,14/07/2026,50869722,https://chilepropiedades.cl/ver-publicacion/arriendo-mensual/macul/departamento/oferta-rebajado-amoblado-laguna-centro/50869722,arriendo-mensual,departamento,9.303512149285135
Macul,"Macul, Poeta Vicente Huidobro",450000.0,2.0,1.0,48.0,1.0,14/07/2026,124740312,https://chilepropiedades.cl/ver-publicacion/arriendo-mensual/macul/departamento/poeta-vicente-huidobro/124740312,arriendo-mensual,departamento,11.017317018890292
Macul,"Macul, Avenida Américo Vespucio",450000.0,2.0,2.0,52.0,,14/07/2026,124740085,https://chilepropiedades.cl/ver-publicacion/arriendo-mensual/macul/departamento/avenida-americo-vespucio/124740085,arriendo-mensual,departamento,11.017317018890292
Macul,"Macul, Avenida Macul",420000.0,1.0,1.0,39.0,,14/07/2026,124739779,https://chilepropiedades.cl/ver-publicacion/arriendo-mensual/macul/departamento/avenida-macul/124739779,arriendo-mensual,departamento,10.282829217630939
Macul,"Macul, Poeta Vicente Huidobro 3500",530000.0,2.0,2.0,60.0,1.0,14/07/2026,50584930,https://chilepropiedades.cl/ver-publicacion/arriendo-mensual/macul/departamento/poeta-vicente-huidobro-3500/50584930,arriendo-mensual,departamento,12.9759511555819
Macul,"Macul, Avenida Agricola",310000.0,1.0,1.0,32.0,,13/07/2026,124709748,https://chilepropiedades.cl/ver-publicacion/arriendo-mensual/macul/departamento/avenida-agricola/124709748,arriendo-mensual,departamento,7.5897072796799785
Macul,"Macul, Exequiel fernandez / pomaire",650000.0,2.0,2.0,70.0,,12/07/2026,103051764,https://chilepropiedades.cl/ver-publicacion/arriendo-mensual/macul/departamento/exequiel-fernandez-pomaire/103051764,arriendo-mensual,departamento,15.91390236061931
Macul,"Macul, A estrenar, a pasos de Metro E. Agrícola (175064)",450000.0,1.0,1.0,30.0,1.0,11/07/2026,124475839,https://chilepropiedades.cl/ver-publicacion/arriendo-mensual/macul/departamento/a-estrenar-a-pasos-de-metro-e-agricola-175064/124475839,arriendo-mensual,departamento,11.017317018890292
Macul,"Macul, Dpto 2d/2B estac y bodega , Macul. (60724)",520000.0,2.0,2.0,60.0,1.0,11/07/2026,65465907,https://chilepropiedades.cl/ver-publicacion/arriendo-mensual/macul/departamento/dpto-2d-2b-estac-y-bodega-macul-60724/65465907,arriendo-mensual,departamento,12.731121888495448
Macul,"Macul, 2d + 2b en arriendo macul",450000.0,2.0,2.0,50.0,1.0,11/07/2026,110366128,https://chilepropiedades.cl/ver-publicacion/arriendo-mensual/macul/departamento/2d-2b-en-arriendo-macul/110366128,arriendo-mensual,departamento,11.017317018890292
Macul,"Macul, Colegio san marcos, rodrigo de araya",450000.0,1.0,2.0,56.0,1.0,11/07/2026,121359117,https://chilepropiedades.cl/ver-publicacion/arriendo-mensual/macul/departamento/colegio-san-marcos-rodrigo-de-araya/121359117,arriendo-mensual,departamento,11.017317018890292
Macul,"Macul, Exequiel Fernández",408447.9,2.0,2.0,70.0,1.0,11/07/2026,121575434,https://chilepropiedades.cl/ver-publicacion/arriendo-mensual/macul/departamento/exequiel-fernandez/121575434,arriendo-mensual,departamento,10.0
Macul,"Macul, Avda. Macul",430000.0,2.0,2.0,58.0,,10/07/2026,124396345,https://chilepropiedades.cl/ver-publicacion/arriendo-mensual/macul/departamento/avda-macul/124396345,arriendo-mensual,departamento,10.52765848471739
Macul,"Macul, Avenida Quilin 107",380000.0,2.0,1.0,50.0,,10/07/2026,124385535,https://chilepropiedades.cl/ver-publicacion/arriendo-mensual/macul/departamento/avenida-quilin-107/124385535,arriendo-mensual,departamento,9.303512149285135
Macul,"Macul, Condominio Edificio Poeta Huidobro 3500",570000.0,2.0,2.0,58.76,2.0,10/07/2026,124382181,https://chilepropiedades.cl/ver-publicacion/arriendo-mensual/macul/departamento/condominio-edificio-poeta-huidobro-3500/124382181,arriendo-mensual,departamento,13.955268223927703
Macul,"Macul, Macul, Santa Cristina, Macul",400000.0,1.0,1.0,41.0,1.0,09/07/2026,12249703,https://chilepropiedades.cl/ver-publicacion/arriendo-mensual/macul/departamento/macul-santa-cristina-macul/12249703,arriendo-mensual,departamento,9.793170683458037
Macul,"Macul, 1 dorm 1 baño estacionamiento y bodega",430000.0,1.0,1.0,42.0,1.0,09/07/2026,81541069,https://chilepropiedades.cl/ver-publicacion/arriendo-mensual/macul/departamento/1-dorm-1-bano-estacionamiento-y-bodega/81541069,arriendo-mensual,departamento,10.52765848471739
Macul,"Macul, A pasos de av. Quilín y av. Macul, cercano a metro quilín",480000.0,2.0,1.0,46.41,1.0,09/07/2026,124291705,https://chilepropiedades.cl/ver-publicacion/arriendo-mensual/macul/departamento/a-pasos-de-av-quilin-y-av-macul-cercano-a-metro-quilin/124291705,arriendo-mensual,departamento,11.751804820149644
Macul,"Macul, Arriendo depto 2d1b con estac y bodega (174618)",490000.0,2.0,1.0,40.0,1.0,08/07/2026,124184195,https://chilepropiedades.cl/ver-publicacion/arriendo-mensual/macul/departamento/arriendo-depto-2d1b-con-estac-y-bodega-174618/124184195,arriendo-mensual,departamento,11.996634087236096
Macul,"Macul, Arriendo depto 1d1b con estac y bodega (174615)",420000.0,1.0,1.0,33.0,1.0,08/07/2026,124184170,https://chilepropiedades.cl/ver-publicacion/arriendo-mensual/macul/departamento/arriendo-depto-1d1b-con-estac-y-bodega-174615/124184170,arriendo-mensual,departamento,10.282829217630939
Macul,"Macul, Una Cuadra de Avenida Macul",550000.0,2.0,2.0,64.0,1.0,08/07/2026,124181705,https://chilepropiedades.cl/ver-publicacion/arriendo-mensual/macul/departamento/una-cuadra-de-avenida-macul/124181705,arriendo-mensual,departamento,13.465609689754801
Macul,"Macul, José pedro alessandri 2323",550000.0,2.0,2.0,57.0,1.0,08/07/2026,124180417,https://chilepropiedades.cl/ver-publicacion/arriendo-mensual/macul/departamento/jose-pedro-alessandri-2323/124180417,arriendo-mensual,departamento,13.465609689754801
Macul,"Macul, Macul, los platanos, 1d 1b",450000.0,1.0,1.0,37.0,1.0,08/07/2026,124176294,https://chilepropiedades.cl/ver-publicacion/arriendo-mensual/macul/departamento/macul-los-platanos-1d-1b/124176294,arriendo-mensual,departamento,11.017317018890292
Macul,"Macul, Vive el Confort en Tu Nuevo Hogar (174755)",450000.0,2.0,2.0,60.0,1.0,08/07/2026,124169743,https://chilepropiedades.cl/ver-publicacion/arriendo-mensual/macul/departamento/vive-el-confort-en-tu-nuevo-hogar-174755/124169743,arriendo-mensual,departamento,11.017317018890292
Macul,"Macul, Arriendo hermoso depto 1 d vespucio (110721)",350000.0,1.0,1.0,35.0,,08/07/2026,89947185,https://chilepropiedades.cl/ver-publicacion/arriendo-mensual/macul/departamento/arriendo-hermoso-depto-1-d-vespucio-110721/89947185,arriendo-mensual,departamento,8.569024348025783
Macul,"Macul, Premio Nobel/Los Platanos",600000.0,2.0,2.0,66.0,2.0,07/07/2026,124090330,https://chilepropiedades.cl/ver-publicacion/arriendo-mensual/macul/departamento/premio-nobel-los-platanos/124090330,arriendo-mensual,departamento,14.689756025187055
Macul,"Macul, Avenida Américo Vespucio",700000.0,2.0,2.0,59.0,1.0,07/07/2026,25631665,https://chilepropiedades.cl/ver-publicacion/arriendo-mensual/macul/departamento/avenida-americo-vespucio/25631665,arriendo-mensual,departamento,17.138048696051566
Macul,"Macul, Avenida Quilin",390000.0,1.0,1.0,36.0,,07/07/2026,124082802,https://chilepropiedades.cl/ver-publicacion/arriendo-mensual/macul/departamento/avenida-quilin/124082802,arriendo-mensual,departamento,9.548341416371587
Macul,"Macul, Avenida Américo Vespucio",400000.0,1.0,1.0,34.0,1.0,07/07/2026,124082770,https://chilepropiedades.cl/ver-publicacion/arriendo-mensual/macul/departamento/avenida-americo-vespucio/124082770,arriendo-mensual,departamento,9.793170683458037
Macul,"Macul, Avenida Quilin",350000.0,1.0,1.0,36.0,,07/07/2026,124082424,https://chilepropiedades.cl/ver-publicacion/arriendo-mensual/macul/departamento/avenida-quilin/124082424,arriendo-mensual,departamento,8.569024348025783
Macul,"Macul, Inversión Segura con Excelente Conectividad (174323)",600000.0,2.0,2.0,59.27,1.0,07/07/2026,124052079,https://chilepropiedades.cl/ver-publicacion/arriendo-mensual/macul/departamento/inversion-segura-con-excelente-conectividad-174323/124052079,arriendo-mensual,departamento,14.689756025187055
Macul,"Macul, Avenida departamental, metro macul",480000.0,1.0,1.0,40.41,1.0,06/07/2026,118830655,https://chilepropiedades.cl/ver-publicacion/arriendo-mensual/macul/departamento/avenida-departamental-metro-macul/118830655,arriendo-mensual,departamento,11.751804820149644
Macul,"Macul, Vicuña m. Av. Agricola y carlos casanueva metro agricola",408447.9,1.0,1.0,48.0,,06/07/2026,123932023,https://chilepropiedades.cl/ver-publicacion/arriendo-mensual/macul/departamento/vicuna-m-av-agricola-y-carlos-casanueva-metro-agricola/123932023,arriendo-mensual,departamento,10.0
Macul,Departamento en Arriendo en Macul,650000.0,2.0,2.0,80.0,1.0,06/07/2026,123928371,https://chilepropiedades.cl/ver-publicacion/arriendo-mensual/macul/departamento/av-macul-3500/123928371,arriendo-mensual,departamento,15.91390236061931
Macul,"Macul, Av macul 6335",400000.0,,1.0,49.43,,05/07/2026,123868712,https://chilepropiedades.cl/ver-publicacion/arriendo-mensual/macul/departamento/av-macul-6335/123868712,arriendo-mensual,departamento,9.793170683458037
Macul,"Macul, arturo prat 4327",300000.0,1.0,1.0,32.0,,05/07/2026,123788925,https://chilepropiedades.cl/ver-publicacion/arriendo-mensual/macul/departamento/arturo-prat-4327/123788925,arriendo-mensual,departamento,7.344878012593528
Macul,"Macul, Vista norte despejada, metro E. Agrícola (173978)",500000.0,2.0,2.0,75.0,1.0,04/07/2026,123781322,https://chilepropiedades.cl/ver-publicacion/arriendo-mensual/macul/departamento/vista-norte-despejada-metro-e-agricola-173978/123781322,arriendo-mensual,departamento,12.241463354322546
Macul,"Macul, Arriendo en Macul de Departamento (174128)",580000.0,2.0,2.0,5.285,1.0,04/07/2026,123773231,https://chilepropiedades.cl/ver-publicacion/arriendo-mensual/macul/departamento/arriendo-en-macul-de-departamento-174128/123773231,arriendo-mensual,departamento,14.200097491014153
Macul,"Macul, Los Clarines 3139",350000.0,2.0,1.0,58.0,,04/07/2026,119516927,https://chilepropiedades.cl/ver-publicacion/arriendo-mensual/macul/departamento/los-clarines-3139/119516927,arriendo-mensual,departamento,8.569024348025783
Macul,"Macul, Los Clarines 3139, Macul",410000.0,2.0,1.0,52.0,,04/07/2026,102843011,https://chilepropiedades.cl/ver-publicacion/arriendo-mensual/macul/departamento/los-clarines-3139-macul/102843011,arriendo-mensual,departamento,10.037999950544489
Macul,"Macul, Avenida Américo Vespucio 4641",450000.0,2.0,2.0,60.0,1.0,03/07/2026,119048453,https://chilepropiedades.cl/ver-publicacion/arriendo-mensual/macul/departamento/avenida-americo-vespucio-4641/119048453,arriendo-mensual,departamento,11.017317018890292
Macul,"Macul, Arriendo Depto nuevo a 1 Cuadra Metro Macul (169686)",400000.0,1.0,1.0,25.95,,03/07/2026,121505031,https://chilepropiedades.cl/ver-publicacion/arriendo-mensual/macul/departamento/arriendo-depto-nuevo-a-1-cuadra-metro-macul-169686/121505031,arriendo-mensual,departamento,9.793170683458037
Macul,"Macul, Exequiel Fernández 4200",410000.0,2.0,1.0,44.0,,03/07/2026,121230519,https://chilepropiedades.cl/ver-publicacion/arriendo-mensual/macul/departamento/exequiel-fernandez-4200/121230519,arriendo-mensual,departamento,10.037999950544489
Macul,"Macul, Padre Luis Querbes 6321, Macul, Region Metropolitana",370000.0,1.0,1.0,35.48,,03/07/2026,123687300,https://chilepropiedades.cl/ver-publicacion/arriendo-mensual/macul/departamento/padre-luis-querbes-6321-macul-region-metropolitana/123687300,arriendo-mensual,departamento,9.058682882198685
Macul,"Macul, Metro Rodrigo de Araya / Macul",440000.0,2.0,2.0,48.0,,02/07/2026,123617621,https://chilepropiedades.cl/ver-publicacion/arriendo-mensual/macul/departamento/metro-rodrigo-de-araya-macul/123617621,arriendo-mensual,departamento,10.77248775180384
Macul,"Macul, Exequiel Fernández 3738, Macul, Chile",550000.0,2.0,2.0,61.0,1.0,02/07/2026,123615482,https://chilepropiedades.cl/ver-publicacion/arriendo-mensual/macul/departamento/exequiel-fernandez-3738-macul-chile/123615482,arriendo-mensual,departamento,13.465609689754801
Macul,"Macul, Exequiel Fernández / Agrícola",520000.0,2.0,2.0,51.0,,02/07/2026,123614703,https://chilepropiedades.cl/ver-publicacion/arriendo-mensual/macul/departamento/exequiel-fernandez-agricola/123614703,arriendo-mensual,departamento,12.731121888495448
Macul,"Macul, Av. Macul 6305",420000.0,1.0,1.0,,1.0,02/07/2026,46084121,https://chilepropiedades.cl/ver-publicacion/arriendo-mensual/macul/departamento/av-macul-6305/46084121,arriendo-mensual,departamento,10.282829217630939
Macul,"Macul, Av. Escuela Agrícola 9999",300000.0,,1.0,28.0,,01/07/2026,113553401,https://chilepropiedades.cl/ver-publicacion/arriendo-mensual/macul/departamento/av-escuela-agricola-9999/113553401,arriendo-mensual,departamento,7.344878012593528
Macul,"Macul, Depto 2d 2b macul | piso 18, metro + estac. Y bodega",449292.69,2.0,2.0,63.21,,01/07/2026,123526656,https://chilepropiedades.cl/ver-publicacion/arriendo-mensual/macul/departamento/depto-2d-2b-macul-piso-18-metro-estac-y-bodega/123526656,arriendo-mensual,departamento,11.0
Macul,"Macul, Exequiel Fernandez 3858",380000.0,1.0,1.0,35.0,,01/07/2026,115677943,https://chilepropiedades.cl/ver-publicacion/arriendo-mensual/macul/departamento/exequiel-fernandez-3858/115677943,arriendo-mensual,departamento,9.303512149285135
Macul,"Macul, Metro Carlos Valdovinos",450000.0,1.0,1.0,39.0,1.0,30/06/2026,123460406,https://chilepropiedades.cl/ver-publicacion/arriendo-mensual/macul/departamento/metro-carlos-valdovinos/123460406,arriendo-mensual,departamento,11.017317018890292
Macul,"Macul, Exequiel Fernández 2302",550000.0,2.0,2.0,77.0,1.0,29/06/2026,123390105,https://chilepropiedades.cl/ver-publicacion/arriendo-mensual/macul/departamento/exequiel-fernandez-2302/123390105,arriendo-mensual,departamento,13.465609689754801
Macul,"Macul, Arriendo dpto Macul (173037)",700000.0,3.0,2.0,90.0,2.0,29/06/2026,123328083,https://chilepropiedades.cl/ver-publicacion/arriendo-mensual/macul/departamento/arriendo-dpto-macul-173037/123328083,arriendo-mensual,departamento,17.138048696051566
Macul,"Macul, Macul 2701",630000.0,3.0,2.0,84.0,1.0,28/06/2026,123229607,https://chilepropiedades.cl/ver-publicacion/arriendo-mensual/macul/departamento/macul-2701/123229607,arriendo-mensual,departamento,15.424243826446409
Macul,"Macul, Premio Nobel 3295",600000.0,3.0,2.0,75.0,1.0,26/06/2026,123034399,https://chilepropiedades.cl/ver-publicacion/arriendo-mensual/macul/departamento/premio-nobel-3295/123034399,arriendo-mensual,departamento,14.689756025187055
Macul,"Macul, Quilín 139",390000.0,1.0,1.0,38.0,,25/06/2026,123005626,https://chilepropiedades.cl/ver-publicacion/arriendo-mensual/macul/departamento/quilin-139/123005626,arriendo-mensual,departamento,9.548341416371587
Macul,"Macul, Macul 1D+1B + Bodega | Piscina, Gym y Cowork (172399)",430000.0,1.0,1.0,35.0,,25/06/2026,123002199,https://chilepropiedades.cl/ver-publicacion/arriendo-mensual/macul/departamento/macul-1d-1b-bodega-piscina-gym-y-cowork-172399/123002199,arriendo-mensual,departamento,10.52765848471739
Macul,"Macul, Metro quilin- av quilin (171747)",530000.0,2.0,2.0,57.0,1.0,25/06/2026,122956513,https://chilepropiedades.cl/ver-publicacion/arriendo-mensual/macul/departamento/metro-quilin-av-quilin-171747/122956513,arriendo-mensual,departamento,12.9759511555819
Macul,"Macul, Avenida Quilin",400000.0,1.0,1.0,40.0,,25/06/2026,122955526,https://chilepropiedades.cl/ver-publicacion/arriendo-mensual/macul/departamento/avenida-quilin/122955526,arriendo-mensual,departamento,9.793170683458037
Macul,"Macul, Depto. Nuevo en el corazón de Macul (172180)",430000.0,1.0,1.0,36.6,,25/06/2026,122934477,https://chilepropiedades.cl/ver-publicacion/arriendo-mensual/macul/departamento/depto-nuevo-en-el-corazon-de-macul-172180/122934477,arriendo-mensual,departamento,10.52765848471739
Macul,"Macul, Padre Luis Querbes 6321",615000.0,2.0,2.0,54.0,1.0,24/06/2026,122860015,https://chilepropiedades.cl/ver-publicacion/arriendo-mensual/macul/departamento/padre-luis-querbes-6321/122860015,arriendo-mensual,departamento,15.056999925816731
Macul,"Macul, Av Escuela agricola 1710, Condominio los Andes. Metro Camino Agricola",330000.0,1.0,1.0,31.0,,24/06/2026,85742833,https://chilepropiedades.cl/ver-publicacion/arriendo-mensual/macul/departamento/av-escuela-agricola-1710-condominio-los-andes-metro-camino-agricola/85742833,arriendo-mensual,departamento,8.079365813852881
Macul,"Macul, Américo vespucio 4641",450000.0,2.0,1.0,57.0,1.0,23/06/2026,112493364,https://chilepropiedades.cl/ver-publicacion/arriendo-mensual/macul/departamento/americo-vespucio-4641/112493364,arriendo-mensual,departamento,11.017317018890292
Macul,"Macul, Departamento mariposa dos dormitorios ideal para roomie",530000.0,2.0,2.0,55.0,,23/06/2026,122769800,https://chilepropiedades.cl/ver-publicacion/arriendo-mensual/macul/departamento/departamento-mariposa-dos-dormitorios-ideal-para-roomie/122769800,arriendo-mensual,departamento,12.9759511555819
Macul,"Macul, Vicuña Mackenna 3756",400000.0,2.0,1.0,64.0,,23/06/2026,122767731,https://chilepropiedades.cl/ver-publicacion/arriendo-mensual/macul/departamento/vicuna-mackenna-3756/122767731,arriendo-mensual,departamento,9.793170683458037
Macul,"Macul, Macul",750000.0,3.0,2.0,80.0,,23/06/2026,122759700,https://chilepropiedades.cl/ver-publicacion/arriendo-mensual/macul/departamento/macul/122759700,arriendo-mensual,departamento,18.362195031483818
Macul,"Macul, Avenida Quilin 107",330000.0,2.0,1.0,46.0,,23/06/2026,122756837,https://chilepropiedades.cl/ver-publicacion/arriendo-mensual/macul/departamento/avenida-quilin-107/122756837,arriendo-mensual,departamento,8.079365813852881
Macul,"Macul, Quilín con avenida macul",510000.0,2.0,2.0,62.0,,22/06/2026,122739045,https://chilepropiedades.cl/ver-publicacion/arriendo-mensual/macul/departamento/quilin-con-avenida-macul/122739045,arriendo-mensual,departamento,12.486292621408998
Macul,"Macul, Calle Poeta Vicente Huidobro Macul",580000.0,3.0,2.0,65.0,1.0,22/06/2026,122737160,https://chilepropiedades.cl/ver-publicacion/arriendo-mensual/macul/departamento/calle-poeta-vicente-huidobro-macul/122737160,arriendo-mensual,departamento,14.200097491014153
Macul,"Macul, Vicuña Mackenna 4192",450000.0,1.0,1.0,39.0,1.0,22/06/2026,122649760,https://chilepropiedades.cl/ver-publicacion/arriendo-mensual/macul/departamento/vicuna-mackenna-4192/122649760,arriendo-mensual,departamento,11.017317018890292
Macul,"Macul, Madreselvas",420000.0,1.0,1.0,42.0,,22/06/2026,122647687,https://chilepropiedades.cl/ver-publicacion/arriendo-mensual/macul/departamento/madreselvas/122647687,arriendo-mensual,departamento,10.282829217630939
Macul,"Macul, los olmos 3256",595000.0,3.0,2.0,70.0,1.0,21/06/2026,23145911,https://chilepropiedades.cl/ver-publicacion/arriendo-mensual/macul/departamento/los-olmos-3256/23145911,arriendo-mensual,departamento,14.56734139164383
Macul,"Macul, Avenida Américo Vespucio 4455, Macul, Región Metropolitana de Santiago 7810000, Chile",550000.0,2.0,2.0,60.0,1.0,21/06/2026,122590603,https://chilepropiedades.cl/ver-publicacion/arriendo-mensual/macul/departamento/avenida-americo-vespucio-4455-macul-region-metropolitana-de-santiago-7810000-chile/122590603,arriendo-mensual,departamento,13.465609689754801
Macul,"Macul, Dpto a 5 min del metro macul / estac/ bodega (171039)",420000.0,1.0,1.0,36.0,1.0,21/06/2026,122583915,https://chilepropiedades.cl/ver-publicacion/arriendo-mensual/macul/departamento/dpto-a-5-min-del-metro-macul-estac-bodega-171039/122583915,arriendo-mensual,departamento,10.282829217630939
Macul,"Macul, Depto NUEVO y amplio de 44 m2 , Bod, Metro (171095)",440000.0,1.0,1.0,36.0,,21/06/2026,122531602,https://chilepropiedades.cl/ver-publicacion/arriendo-mensual/macul/departamento/depto-nuevo-y-amplio-de-44-m2-bod-metro-171095/122531602,arriendo-mensual,departamento,10.77248775180384
Macul,"Macul, Vicuña Mackenna",367603.11,1.0,1.0,35.0,,20/06/2026,122529925,https://chilepropiedades.cl/ver-publicacion/arriendo-mensual/macul/departamento/vicuna-mackenna/122529925,arriendo-mensual,departamento,9.0
Macul,"Macul, Av. Américo Vespucio 4451, Macul",450000.0,2.0,2.0,65.0,1.0,20/06/2026,122507033,https://chilepropiedades.cl/ver-publicacion/arriendo-mensual/macul/departamento/av-americo-vespucio-4451-macul/122507033,arriendo-mensual,departamento,11.017317018890292
Macul,"Macul, Amplio renovado vista despejada 2d (171341)",470000.0,2.0,1.0,75.0,,20/06/2026,122506195,https://chilepropiedades.cl/ver-publicacion/arriendo-mensual/macul/departamento/amplio-renovado-vista-despejada-2d-171341/122506195,arriendo-mensual,departamento,11.506975553063194
Macul,"Macul, Sergio Vieira de Mello, Macul, Región Metropolitana de Santiago 7810000, Chile",410000.0,1.0,1.0,42.0,1.0,20/06/2026,122496710,https://chilepropiedades.cl/ver-publicacion/arriendo-mensual/macul/departamento/sergio-vieira-de-mello-macul-region-metropolitana-de-santiago-7810000-chile/122496710,arriendo-mensual,departamento,10.037999950544489
Macul,"Macul, Avenida Macul 2330, Macul, Región Metropolitana de Santiago 7810000, Chile",550000.0,2.0,2.0,8.0,1.0,20/06/2026,122491547,https://chilepropiedades.cl/ver-publicacion/arriendo-mensual/macul/departamento/avenida-macul-2330-macul-region-metropolitana-de-santiago-7810000-chile/122491547,arriendo-mensual,departamento,13.465609689754801
Macul,"Macul, Depto 2d + 2b - Laguna Centro Metro Carlos V. (171226)",520000.0,2.0,2.0,54.0,1.0,20/06/2026,122479500,https://chilepropiedades.cl/ver-publicacion/arriendo-mensual/macul/departamento/depto-2d-2b-laguna-centro-metro-carlos-v-171226/122479500,arriendo-mensual,departamento,12.731121888495448
Macul,"Macul, Avenida Quilin",200000.0,1.0,1.0,38.0,,19/06/2026,122411467,https://chilepropiedades.cl/ver-publicacion/arriendo-mensual/macul/departamento/avenida-quilin/122411467,arriendo-mensual,departamento,4.896585341729018
Macul,"Macul, Avenida quilin 123",400000.0,1.0,1.0,44.0,1.0,19/06/2026,122403671,https://chilepropiedades.cl/ver-publicacion/arriendo-mensual/macul/departamento/avenida-quilin-123/122403671,arriendo-mensual,departamento,9.793170683458037
Macul,"Macul, Avenida Quilin 139",350000.0,1.0,1.0,30.0,,19/06/2026,122401247,https://chilepropiedades.cl/ver-publicacion/arriendo-mensual/macul/departamento/avenida-quilin-139/122401247,arriendo-mensual,departamento,8.569024348025783
Macul,"Macul, Avenida Quilín",310000.0,1.0,1.0,35.0,,18/06/2026,34453716,https://chilepropiedades.cl/ver-publicacion/arriendo-mensual/macul/departamento/avenida-quilin/34453716,arriendo-mensual,departamento,7.5897072796799785
Macul,"Macul, Lindo depto 1d1b + est - metro macul",420000.0,1.0,1.0,42.0,,18/06/2026,122230210,https://chilepropiedades.cl/ver-publicacion/arriendo-mensual/macul/departamento/lindo-depto-1d1b-est-metro-macul/122230210,arriendo-mensual,departamento,10.282829217630939
Macul,"Macul, Los espinos",600000.0,2.0,2.0,67.0,1.0,18/06/2026,122219856,https://chilepropiedades.cl/ver-publicacion/arriendo-mensual/macul/departamento/los-espinos/122219856,arriendo-mensual,departamento,14.689756025187055
Macul,"Macul, Exequiel Fernández, Macul",720000.0,2.0,2.0,71.0,1.0,18/06/2026,119397072,https://chilepropiedades.cl/ver-publicacion/arriendo-mensual/macul/departamento/exequiel-fernandez-macul/119397072,arriendo-mensual,departamento,17.627707230224466
Macul,"Macul, Exequiel Fernández",750000.0,2.0,2.0,65.0,1.0,17/06/2026,119245222,https://chilepropiedades.cl/ver-publicacion/arriendo-mensual/macul/departamento/exequiel-fernandez/119245222,arriendo-mensual,departamento,18.362195031483818
Macul,"Macul, Santa cristina 3148",570000.0,2.0,2.0,64.0,,17/06/2026,122087626,https://chilepropiedades.cl/ver-publicacion/arriendo-mensual/macul/departamento/santa-cristina-3148/122087626,arriendo-mensual,departamento,13.955268223927703
Macul,"Macul, Avenida Escuela Agrícola 1710",300000.0,1.0,1.0,,,16/06/2026,121992031,https://chilepropiedades.cl/ver-publicacion/arriendo-mensual/macul/departamento/avenida-escuela-agricola-1710/121992031,arriendo-mensual,departamento,7.344878012593528
Macul,"Macul, Macul / maría iriarte",500000.0,3.0,2.0,65.0,1.0,15/06/2026,121847724,https://chilepropiedades.cl/ver-publicacion/arriendo-mensual/macul/departamento/macul-maria-iriarte/121847724,arriendo-mensual,departamento,12.241463354322546
Macul,"Macul, Avenida Macul 2470",560000.0,2.0,2.0,71.0,1.0,14/06/2026,121801285,https://chilepropiedades.cl/ver-publicacion/arriendo-mensual/macul/departamento/avenida-macul-2470/121801285,arriendo-mensual,departamento,13.710438956841251
Macul,"Macul, Madreselvas 3020",400000.0,1.0,1.0,45.0,,14/06/2026,121794800,https://chilepropiedades.cl/ver-publicacion/arriendo-mensual/macul/departamento/madreselvas-3020/121794800,arriendo-mensual,departamento,9.793170683458037
Macul,"Macul, Condominio laguna centro",430000.0,2.0,1.0,52.0,1.0,13/06/2026,121709746,https://chilepropiedades.cl/ver-publicacion/arriendo-mensual/macul/departamento/condominio-laguna-centro/121709746,arriendo-mensual,departamento,10.52765848471739
Macul,"Macul, Oportunidad de Inversión en el Centro (169927)",600000.0,2.0,2.0,65.0,1.0,13/06/2026,121703408,https://chilepropiedades.cl/ver-publicacion/arriendo-mensual/macul/departamento/oportunidad-de-inversion-en-el-centro-169927/121703408,arriendo-mensual,departamento,14.689756025187055
Macul,"Macul, Avenida Américo Vespucio 4451",420000.0,2.0,2.0,44.0,,12/06/2026,121261488,https://chilepropiedades.cl/ver-publicacion/arriendo-mensual/macul/departamento/avenida-americo-vespucio-4451/121261488,arriendo-mensual,departamento,10.282829217630939
Macul,"Macul, Gregorio de la Fuente",700000.0,2.0,2.0,70.0,1.0,12/06/2026,121574302,https://chilepropiedades.cl/ver-publicacion/arriendo-mensual/macul/departamento/gregorio-de-la-fuente/121574302,arriendo-mensual,departamento,17.138048696051566
Macul,"Macul, Exequiel Fernández",449292.69,1.0,1.0,35.0,1.0,12/06/2026,121574151,https://chilepropiedades.cl/ver-publicacion/arriendo-mensual/macul/departamento/exequiel-fernandez/121574151,arriendo-mensual,departamento,11.0
Macul,"Macul, Metro agricola",399990.0,1.0,1.0,42.0,,12/06/2026,121538487,https://chilepropiedades.cl/ver-publicacion/arriendo-mensual/macul/departamento/metro-agricola/121538487,arriendo-mensual,departamento,9.792925854190951
Macul,"Macul, Depto. Nuevo a pasos del Metro Macul (169087)",550000.0,2.0,2.0,51.0,1.0,12/06/2026,121518906,https://chilepropiedades.cl/ver-publicacion/arriendo-mensual/macul/departamento/depto-nuevo-a-pasos-del-metro-macul-169087/121518906,arriendo-mensual,departamento,13.465609689754801
Macul,"Macul, Amplio Dpto 1D1B (169418)",414000.0,1.0,1.0,34.0,,11/06/2026,121473360,https://chilepropiedades.cl/ver-publicacion/arriendo-mensual/macul/departamento/amplio-dpto-1d1b-169418/121473360,arriendo-mensual,departamento,10.135931657379068
Macul,"Macul, Ideal para Inversión y Rentabilidad (169134)",560000.0,2.0,2.0,65.0,1.0,11/06/2026,121435265,https://chilepropiedades.cl/ver-publicacion/arriendo-mensual/macul/departamento/ideal-para-inversion-y-rentabilidad-169134/121435265,arriendo-mensual,departamento,13.710438956841251
Macul,"Macul, Lindo depto en arriendo 2 ambientes est/ bodega $ 400 macul",400000.0,1.0,1.0,35.0,,11/06/2026,21430925,https://chilepropiedades.cl/ver-publicacion/arriendo-mensual/macul/departamento/lindo-depto-en-arriendo-2-ambientes-est-bodega-400-macul/21430925,arriendo-mensual,departamento,9.793170683458037
Macul,"Macul, Macul / Quilín",390000.0,1.0,1.0,41.0,1.0,11/06/2026,30047448,https://chilepropiedades.cl/ver-publicacion/arriendo-mensual/macul/departamento/macul-quilin/30047448,arriendo-mensual,departamento,9.548341416371587
Macul,"Macul, Armando mock 3777",580000.0,2.0,2.0,57.0,1.0,10/06/2026,85165613,https://chilepropiedades.cl/ver-publicacion/arriendo-mensual/macul/departamento/armando-mock-3777/85165613,arriendo-mensual,departamento,14.200097491014153
Macul,"Macul, Armando Moock 3727",495000.0,2.0,2.0,61.0,,10/06/2026,121167216,https://chilepropiedades.cl/ver-publicacion/arriendo-mensual/macul/departamento/armando-moock-3727/121167216,arriendo-mensual,departamento,12.11904872077932
Macul,"Macul, .",380000.0,1.0,1.0,37.0,,09/06/2026,121203004,https://chilepropiedades.cl/ver-publicacion/arriendo-mensual/macul/departamento/sin-direccion/121203004,arriendo-mensual,departamento,9.303512149285135
Macul,"Macul, Quilín/ Macul",410000.0,1.0,1.0,40.0,1.0,09/06/2026,121193612,https://chilepropiedades.cl/ver-publicacion/arriendo-mensual/macul/departamento/quilin-macul/121193612,arriendo-mensual,departamento,10.037999950544489
Macul,"Macul, Avenida Quilin 107",280000.0,1.0,1.0,35.0,,09/06/2026,121183011,https://chilepropiedades.cl/ver-publicacion/arriendo-mensual/macul/departamento/avenida-quilin-107/121183011,arriendo-mensual,departamento,6.855219478420626
Macul,"Macul, Américo Vespucio con Uno Oriente",490000.0,2.0,2.0,47.0,,08/06/2026,121099658,https://chilepropiedades.cl/ver-publicacion/arriendo-mensual/macul/departamento/americo-vespucio-con-uno-oriente/121099658,arriendo-mensual,departamento,11.996634087236096
Macul,"Macul, Casi nuevo, 1estacionamiento (168631)",430000.0,1.0,1.0,36.0,1.0,06/06/2026,120944836,https://chilepropiedades.cl/ver-publicacion/arriendo-mensual/macul/departamento/casi-nuevo-1estacionamiento-168631/120944836,arriendo-mensual,departamento,10.52765848471739
Macul,"Macul, Escuela Camino Agrícola 1710",320000.0,1.0,1.0,41.6,,06/06/2026,120914233,https://chilepropiedades.cl/ver-publicacion/arriendo-mensual/macul/departamento/escuela-camino-agricola-1710/120914233,arriendo-mensual,departamento,7.834536546766429
Macul,"Macul, Depto Macul 2D+2B | Gran Balcón + Est y Bod (2159)",580000.0,2.0,2.0,50.0,1.0,04/06/2026,27684927,https://chilepropiedades.cl/ver-publicacion/arriendo-mensual/macul/departamento/depto-macul-2d-2b-gran-balcon-est-y-bod-2159/27684927,arriendo-mensual,departamento,14.200097491014153
Macul,"Macul, Macul / Coipue",500000.0,2.0,2.0,49.0,1.0,03/06/2026,120581137,https://chilepropiedades.cl/ver-publicacion/arriendo-mensual/macul/departamento/macul-coipue/120581137,arriendo-mensual,departamento,12.241463354322546
Macul,"Macul, Los Clarines",450000.0,1.0,1.0,37.0,1.0,03/06/2026,37975716,https://chilepropiedades.cl/ver-publicacion/arriendo-mensual/macul/departamento/los-clarines/37975716,arriendo-mensual,departamento,11.017317018890292
Macul,"Macul, Los Clarines 3050",560000.0,2.0,2.0,52.85,1.0,02/06/2026,120408404,https://chilepropiedades.cl/ver-publicacion/arriendo-mensual/macul/departamento/los-clarines-3050/120408404,arriendo-mensual,departamento,13.710438956841251
Macul,"Macul, Poeta Vicente Huidobro",600000.0,2.0,1.0,55.0,,01/06/2026,120329336,https://chilepropiedades.cl/ver-publicacion/arriendo-mensual/macul/departamento/poeta-vicente-huidobro/120329336,arriendo-mensual,departamento,14.689756025187055
Macul,"Macul, Se arrienda lindo departamento de 1 dormitorio en macul",380000.0,1.0,1.0,42.8,,30/05/2026,120146618,https://chilepropiedades.cl/ver-publicacion/arriendo-mensual/macul/departamento/se-arrienda-lindo-departamento-de-1-dormitorio-en-macul/120146618,arriendo-mensual,departamento,9.303512149285135
Macul,"Macul, Excelente Conectividad y Diseño Actual (167488)",350000.0,1.0,1.0,35.0,,30/05/2026,120140724,https://chilepropiedades.cl/ver-publicacion/arriendo-mensual/macul/departamento/excelente-conectividad-y-diseno-actual-167488/120140724,arriendo-mensual,departamento,8.569024348025783
Macul,"Macul, camino escuela agricola 1710",400000.0,2.0,1.0,4.0,,28/05/2026,119958057,https://chilepropiedades.cl/ver-publicacion/arriendo-mensual/macul/departamento/camino-escuela-agricola-1710/119958057,arriendo-mensual,departamento,9.793170683458037
Macul,"Macul, Macul",240000.0,1.0,1.0,51.0,1.0,27/05/2026,119854441,https://chilepropiedades.cl/ver-publicacion/arriendo-mensual/macul/departamento/macul/119854441,arriendo-mensual,departamento,5.875902410074822
Macul,"Macul, Macul/luis valenzuela aris",540000.0,2.0,2.0,75.0,1.0,26/05/2026,119694337,https://chilepropiedades.cl/ver-publicacion/arriendo-mensual/macul/departamento/macul-luis-valenzuela-aris/119694337,arriendo-mensual,departamento,13.22078042266835
Macul,"Macul, Oferta por 3 meses!!!!! (165978)",520000.0,2.0,2.0,60.0,1.0,26/05/2026,119687899,https://chilepropiedades.cl/ver-publicacion/arriendo-mensual/macul/departamento/oferta-por-3-meses-165978/119687899,arriendo-mensual,departamento,12.731121888495448
Macul,"Macul, Quijote 4988",100000000.0,3.0,1.0,58.0,1.0,25/05/2026,6657499,https://chilepropiedades.cl/ver-publicacion/arriendo-mensual/macul/departamento/quijote-4988/6657499,arriendo-mensual,departamento,2448.292670864509
Macul,"Macul, Los Plátanos",620000.0,2.0,2.0,67.0,1.0,24/05/2026,119471892,https://chilepropiedades.cl/ver-publicacion/arriendo-mensual/macul/departamento/los-platanos/119471892,arriendo-mensual,departamento,15.179414559359957
Macul,"Macul, Camilo Ortuzar 4030",600000.0,3.0,2.0,73.0,1.0,24/05/2026,119469657,https://chilepropiedades.cl/ver-publicacion/arriendo-mensual/macul/departamento/camilo-ortuzar-4030/119469657,arriendo-mensual,departamento,14.689756025187055
Macul,"Macul, Avenida macul 3700",500000.0,2.0,1.0,75.0,1.0,21/05/2026,119212388,https://chilepropiedades.cl/ver-publicacion/arriendo-mensual/macul/departamento/avenida-macul-3700/119212388,arriendo-mensual,departamento,12.241463354322546
Macul,"Macul, Juan Mitjans 105",315000.0,,1.0,29.0,,21/05/2026,119190602,https://chilepropiedades.cl/ver-publicacion/arriendo-mensual/macul/departamento/juan-mitjans-105/119190602,arriendo-mensual,departamento,7.712121913223204
Macul,"Macul, 50% dcto! macul vicuña mackenna 1d+1b+bod. Nuevo (164967)",420000.0,1.0,1.0,30.0,,20/05/2026,119094763,https://chilepropiedades.cl/ver-publicacion/arriendo-mensual/macul/departamento/50-dcto-macul-vicuna-mackenna-1d-1b-bod-nuevo-164967/119094763,arriendo-mensual,departamento,10.282829217630939
Macul,"Macul, Av. Macul, Quilín",530000.0,2.0,2.0,70.0,1.0,20/05/2026,79764321,https://chilepropiedades.cl/ver-publicacion/arriendo-mensual/macul/departamento/av-macul-quilin/79764321,arriendo-mensual,departamento,12.9759511555819
Macul,"Macul, Los Clarines",580000.0,2.0,2.0,52.0,1.0,19/05/2026,119020812,https://chilepropiedades.cl/ver-publicacion/arriendo-mensual/macul/departamento/los-clarines/119020812,arriendo-mensual,departamento,14.200097491014153
Macul,"Macul, Avenida macul con monseñor carlos casanueva",530000.0,2.0,1.0,65.0,1.0,19/05/2026,118981403,https://chilepropiedades.cl/ver-publicacion/arriendo-mensual/macul/departamento/avenida-macul-con-monsenor-carlos-casanueva/118981403,arriendo-mensual,departamento,12.9759511555819
Macul,"Macul, Los platanos con exequiel fernandez",600000.0,2.0,2.0,67.0,1.0,17/05/2026,118830573,https://chilepropiedades.cl/ver-publicacion/arriendo-mensual/macul/departamento/los-platanos-con-exequiel-fernandez/118830573,arriendo-mensual,departamento,14.689756025187055
Macul,"Macul, Arriendo depto 2d macul",400000.0,2.0,1.0,52.0,,17/05/2026,118828725,https://chilepropiedades.cl/ver-publicacion/arriendo-mensual/macul/departamento/arriendo-depto-2d-macul/118828725,arriendo-mensual,departamento,9.793170683458037
Macul,"Macul, Avenida Américo Vespucio",550000.0,2.0,2.0,60.0,1.0,16/05/2026,118753340,https://chilepropiedades.cl/ver-publicacion/arriendo-mensual/macul/departamento/avenida-americo-vespucio/118753340,arriendo-mensual,departamento,13.465609689754801
Macul,"Macul, Avenida macul",580000.0,2.0,3.0,69.0,1.0,16/05/2026,118725370,https://chilepropiedades.cl/ver-publicacion/arriendo-mensual/macul/departamento/avenida-macul/118725370,arriendo-mensual,departamento,14.200097491014153
Macul,"Macul, Premio Nobel # 3235",650000.0,2.0,2.0,71.92,1.0,14/05/2026,118496532,https://chilepropiedades.cl/ver-publicacion/arriendo-mensual/macul/departamento/premio-nobel-3235/118496532,arriendo-mensual,departamento,15.91390236061931
Macul,"Macul, Avenida Rodrigo de Araya",500000.0,1.0,1.0,41.0,1.0,12/05/2026,118307577,https://chilepropiedades.cl/ver-publicacion/arriendo-mensual/macul/departamento/avenida-rodrigo-de-araya/118307577,arriendo-mensual,departamento,12.241463354322546
Macul,"Macul, Pedro de Valdivia / Los Industriales",600000.0,2.0,2.0,64.0,,11/05/2026,118213659,https://chilepropiedades.cl/ver-publicacion/arriendo-mensual/macul/departamento/pedro-de-valdivia-los-industriales/118213659,arriendo-mensual,departamento,14.689756025187055
Macul,"Macul, metro camino agrícola, avenida vicuña Mackenna.",350000.0,1.0,1.0,33.0,,08/05/2026,117971232,https://chilepropiedades.cl/ver-publicacion/arriendo-mensual/macul/departamento/metro-camino-agricola-avenida-vicuna-mackenna/117971232,arriendo-mensual,departamento,8.569024348025783
Macul,"Macul, Avenida Américo Vespucio",360000.0,1.0,1.0,38.0,,06/05/2026,10059231,https://chilepropiedades.cl/ver-publicacion/arriendo-mensual/macul/departamento/avenida-americo-vespucio/10059231,arriendo-mensual,departamento,8.813853615112233
Macul,"Macul, Vicuña mackenna 4192, macul",420000.0,1.0,1.0,39.0,,02/05/2026,117472700,https://chilepropiedades.cl/ver-publicacion/arriendo-mensual/macul/departamento/vicuna-mackenna-4192-macul/117472700,arriendo-mensual,departamento,10.282829217630939
Macul,"Macul, avenida macul 3700",500000.0,2.0,1.0,,1.0,30/04/2026,117293037,https://chilepropiedades.cl/ver-publicacion/arriendo-mensual/macul/departamento/avenida-macul-3700/117293037,arriendo-mensual,departamento,12.241463354322546
Macul,"Macul, Exequiel fernández 2324",520000.0,2.0,2.0,50.0,1.0,28/04/2026,117018291,https://chilepropiedades.cl/ver-publicacion/arriendo-mensual/macul/departamento/exequiel-fernandez-2324/117018291,arriendo-mensual,departamento,12.731121888495448
Macul,"Macul, Metro Las Torres",500000.0,2.0,2.0,54.22,1.0,24/04/2026,116651411,https://chilepropiedades.cl/ver-publicacion/arriendo-mensual/macul/departamento/metro-las-torres/116651411,arriendo-mensual,departamento,12.241463354322546
Macul,"Macul, Quilín 4931, metro quilín, macul",320000.0,1.0,1.0,30.0,,23/04/2026,116539018,https://chilepropiedades.cl/ver-publicacion/arriendo-mensual/macul/departamento/quilin-4931-metro-quilin-macul/116539018,arriendo-mensual,departamento,7.834536546766429
Macul,"Macul, Premio Nobel 3450",599988.0,2.0,1.0,80.0,1.0,21/04/2026,116360873,https://chilepropiedades.cl/ver-publicacion/arriendo-mensual/macul/departamento/premio-nobel-3450/116360873,arriendo-mensual,departamento,14.689462230066551
Macul,"Macul, Se arrienda dept. Metro macul (158886)",540000.0,2.0,2.0,64.0,1.0,17/04/2026,115971203,https://chilepropiedades.cl/ver-publicacion/arriendo-mensual/macul/departamento/se-arrienda-dept-metro-macul-158886/115971203,arriendo-mensual,departamento,13.22078042266835
Macul,"Macul, Cómodo dpto amoblado 1D1B corazón de Macul (159064)",450000.0,1.0,1.0,35.09,,17/04/2026,115943796,https://chilepropiedades.cl/ver-publicacion/arriendo-mensual/macul/departamento/comodo-dpto-amoblado-1d1b-corazon-de-macul-159064/115943796,arriendo-mensual,departamento,11.017317018890292
Macul,"Macul, Las codornices y macul",400000.0,1.0,1.0,34.0,,17/04/2026,115892284,https://chilepropiedades.cl/ver-publicacion/arriendo-mensual/macul/departamento/las-codornices-y-macul/115892284,arriendo-mensual,departamento,9.793170683458037
Macul,"Macul, Vespucio 4451",550000.0,2.0,2.0,60.0,1.0,15/04/2026,115677420,https://chilepropiedades.cl/ver-publicacion/arriendo-mensual/macul/departamento/vespucio-4451/115677420,arriendo-mensual,departamento,13.465609689754801
Macul,"Macul, Macul // Quilin",490000.0,2.0,1.0,50.0,1.0,15/04/2026,115654728,https://chilepropiedades.cl/ver-publicacion/arriendo-mensual/macul/departamento/macul-quilin/115654728,arriendo-mensual,departamento,11.996634087236096
Macul,"Macul, Macul 2701",500000.0,2.0,2.0,69.0,,11/04/2026,115324148,https://chilepropiedades.cl/ver-publicacion/arriendo-mensual/macul/departamento/macul-2701/115324148,arriendo-mensual,departamento,12.241463354322546
Macul,"Macul, Av.S.Vieira de mello 6310",470000.0,2.0,2.0,52.0,1.0,09/04/2026,115083722,https://chilepropiedades.cl/ver-publicacion/arriendo-mensual/macul/departamento/av-s-vieira-de-mello-6310/115083722,arriendo-mensual,departamento,11.506975553063194
Macul,"Macul, Calle Juan Mitjans 105, Macul. Metro Rodrigo de Araya",323000.0,1.0,1.0,28.0,,04/04/2026,22544515,https://chilepropiedades.cl/ver-publicacion/arriendo-mensual/macul/departamento/calle-juan-mitjans-105-macul-metro-rodrigo-de-araya/22544515,arriendo-mensual,departamento,7.907985326892365
Macul,"Macul, Juan Mitjans a pasos del metro Rodrigo de Araya, Macul",427000.0,1.0,1.0,40.0,,04/04/2026,21157297,https://chilepropiedades.cl/ver-publicacion/arriendo-mensual/macul/departamento/juan-mitjans-a-pasos-del-metro-rodrigo-de-araya-macul/21157297,arriendo-mensual,departamento,10.454209704591454
Macul,"Macul, Luis Valenzuela Aris 3220",470000.0,2.0,2.0,58.0,,04/04/2026,114509517,https://chilepropiedades.cl/ver-publicacion/arriendo-mensual/macul/departamento/luis-valenzuela-aris-3220/114509517,arriendo-mensual,departamento,11.506975553063194
Macul,"Macul, Inversión Segura con Alta Plusvalía (156025)",550000.0,3.0,2.0,55.0,1.0,03/04/2026,114437646,https://chilepropiedades.cl/ver-publicacion/arriendo-mensual/macul/departamento/inversion-segura-con-alta-plusvalia-156025/114437646,arriendo-mensual,departamento,13.465609689754801
Macul,"Macul, Arriendo Dpto 2D 2B //Metro Macul",399000.0,2.0,2.0,52.0,,23/03/2026,113278310,https://chilepropiedades.cl/ver-publicacion/arriendo-mensual/macul/departamento/arriendo-dpto-2d-2b-metro-macul/113278310,arriendo-mensual,departamento,9.768687756749392
Macul,"Macul, Santa cristina 3007",600000.0,2.0,2.0,61.0,,15/03/2026,112574974,https://chilepropiedades.cl/ver-publicacion/arriendo-mensual/macul/departamento/santa-cristina-3007/112574974,arriendo-mensual,departamento,14.689756025187055
Macul,"Macul, Américo Vespucio 4451",340000.0,1.0,1.0,38.0,,06/03/2026,111761851,https://chilepropiedades.cl/ver-publicacion/arriendo-mensual/macul/departamento/americo-vespucio-4451/111761851,arriendo-mensual,departamento,8.324195080939331
Macul,"Macul, Avenida Quilín 3127",470000.0,2.0,2.0,58.0,,06/02/2026,109069242,https://chilepropiedades.cl/ver-publicacion/arriendo-mensual/macul/departamento/avenida-quilin-3127/109069242,arriendo-mensual,departamento,11.506975553063194
Macul,"Macul, Armando Moock 3777",580000.0,2.0,2.0,62.0,1.0,31/01/2026,108536464,https://chilepropiedades.cl/ver-publicacion/arriendo-mensual/macul/departamento/armando-moock-3777/108536464,arriendo-mensual,departamento,14.200097491014153
Macul,"Macul, Se arrienda depto amoblado 1 d av vicuña mack (142769)",400000.0,1.0,1.0,37.19,,24/01/2026,107893117,https://chilepropiedades.cl/ver-publicacion/arriendo-mensual/macul/departamento/se-arrienda-depto-amoblado-1-d-av-vicuna-mack-142769/107893117,arriendo-mensual,departamento,9.793170683458037
Macul,"Macul, Escuela Camino Agrícola 1710",330000.0,1.0,1.0,41.6,,17/01/2026,107294322,https://chilepropiedades.cl/ver-publicacion/arriendo-mensual/macul/departamento/escuela-camino-agricola-1710/107294322,arriendo-mensual,departamento,8.079365813852881
Macul,"Macul, Luminoso Departamento Ideal para Inversión (140572)",9677.0,1.0,1.0,35.12,,13/01/2026,106881380,https://chilepropiedades.cl/ver-publicacion/arriendo-mensual/macul/departamento/luminoso-departamento-ideal-para-inversion-140572/106881380,arriendo-mensual,departamento,0.23692128175955857
Macul,"Macul, Arriendo depto nuevo mariposa en av quilin (125605)",490137.48,2.0,2.0,52.0,,24/10/2025,98015125,https://chilepropiedades.cl/ver-publicacion/arriendo-mensual/macul/departamento/arriendo-depto-nuevo-mariposa-en-av-quilin-125605/98015125,arriendo-mensual,departamento,12.0
Macul,"Macul, Gregorio de la fuente",590000.0,2.0,2.0,60.0,1.0,27/08/2025,92298092,https://chilepropiedades.cl/ver-publicacion/arriendo-mensual/macul/departamento/gregorio-de-la-fuente/92298092,arriendo-mensual,departamento,14.444926758100605
Macul,"Macul, Vicuña Mackenna 3756",400000.0,1.0,1.0,41.0,,20/08/2025,91537717,https://chilepropiedades.cl/ver-publicacion/arriendo-mensual/macul/departamento/vicuna-mackenna-3756/91537717,arriendo-mensual,departamento,9.793170683458037
Macul,"Macul, avenida macul 3700",571827.06,2.0,1.0,72.0,1.0,27/12/2024,70336645,https://chilepropiedades.cl/ver-publicacion/arriendo-mensual/macul/departamento/avenida-macul-3700/70336645,arriendo-mensual,departamento,14.0
Macul,"Macul, Metro Las Torres",430000.0,2.0,2.0,55.0,1.0,12/06/2024,20775420,https://chilepropiedades.cl/ver-publicacion/arriendo-mensual/macul/departamento/metro-las-torres/20775420,arriendo-mensual,departamento,10.52765848471739
Macul,"Macul, Premio nobel / los platanos",540000.0,2.0,2.0,66.0,2.0,11/06/2024,12960141,https://chilepropiedades.cl/ver-publicacion/arriendo-mensual/macul/departamento/premio-nobel-los-platanos/12960141,arriendo-mensual,departamento,13.22078042266835
La Florida,"La Florida, Juan Pineda / Metro Vicente Valdes",370000.0,1.0,1.0,43.0,,25/07/2026,120197210,https://chilepropiedades.cl/ver-publicacion/arriendo-mensual/la-florida/departamento/juan-pineda-metro-vicente-valdes/120197210,arriendo-mensual,departamento,9.058682882198685
La Florida,Avenida la Florida 10269,650000.0,3.0,2.0,78.0,1.0,24/07/2026,124710517,https://chilepropiedades.cl/ver-publicacion/arriendo-mensual/la-florida/departamento/avenida-la-florida-10269/124710517,arriendo-mensual,departamento,15.91390236061931
La Florida,Arriendo de Departamentos Edificios Multifamily,355000.0,1.0,1.0,33.0,,22/07/2026,125572182,https://chilepropiedades.cl/ver-publicacion/arriendo-mensual/la-florida/departamento/avenida-vicuna-mackenna-7630/125572182,arriendo-mensual,departamento,8.691438981569007
La Florida,"Departamento, Condominio, Tobalaba 7377",480000.0,2.0,2.0,62.0,1.0,21/07/2026,125443969,https://chilepropiedades.cl/ver-publicacion/arriendo-mensual/la-florida/departamento/avenida-tobalaba-7377/125443969,arriendo-mensual,departamento,11.751804820149644
La Florida,Arrienda Hermoso y Nuevo Departamento en el Corazon de la Florida,530000.0,2.0,1.0,56.0,1.0,20/07/2026,125343868,https://chilepropiedades.cl/ver-publicacion/arriendo-mensual/la-florida/departamento/ines-de-suarez-7000/125343868,arriendo-mensual,departamento,12.9759511555819
La Florida,La Florida Av Santa Amalia,550000.0,2.0,2.0,80.0,1.0,14/07/2026,124717874,https://chilepropiedades.cl/ver-publicacion/arriendo-mensual/la-florida/departamento/santa-amalia-3544/124717874,arriendo-mensual,departamento,13.465609689754801
La Florida,"La Florida, Av. Departamental 1475",340000.0,1.0,1.0,37.21,,11/07/2026,119909226,https://chilepropiedades.cl/ver-publicacion/arriendo-mensual/la-florida/departamento/av-departamental-1475/119909226,arriendo-mensual,departamento,8.324195080939331
La Florida,"La Florida, Avenida Departamental 1475",400000.0,2.0,2.0,54.79,,11/07/2026,116700782,https://chilepropiedades.cl/ver-publicacion/arriendo-mensual/la-florida/departamento/avenida-departamental-1475/116700782,arriendo-mensual,departamento,9.793170683458037
La Florida,Arriendo Departamento Trato Directo con Dueño la Florida,420000.0,1.0,1.0,32.0,,02/07/2026,123626703,https://chilepropiedades.cl/ver-publicacion/arriendo-mensual/la-florida/departamento/baltazar-7487/123626703,arriendo-mensual,departamento,10.282829217630939
La Florida,"La Florida, Vicuña Mackenna 6100",400000.0,1.0,1.0,50.0,1.0,30/06/2026,3599849,https://chilepropiedades.cl/ver-publicacion/arriendo-mensual/la-florida/departamento/vicuna-mackenna-6100/3599849,arriendo-mensual,departamento,9.793170683458037
La Florida,"La Florida, Avenida La Florida 10397",410000.0,2.0,2.0,50.0,1.0,23/06/2026,115283585,https://chilepropiedades.cl/ver-publicacion/arriendo-mensual/la-florida/departamento/avenida-la-florida-10397/115283585,arriendo-mensual,departamento,10.037999950544489
La Florida,"La Florida, Calle Pudeto 6908",340000.0,1.0,1.0,35.0,,22/06/2026,122729280,https://chilepropiedades.cl/ver-publicacion/arriendo-mensual/la-florida/departamento/calle-pudeto-6908/122729280,arriendo-mensual,departamento,8.324195080939331
La Florida,"La Florida, Colombia 7300",490000.0,3.0,2.0,80.0,,18/06/2026,122280541,https://chilepropiedades.cl/ver-publicacion/arriendo-mensual/la-florida/departamento/colombia-7300/122280541,arriendo-mensual,departamento,11.996634087236096
La Florida,"La Florida, Rodriguez Velasco 10",370000.0,1.0,1.0,36.0,,15/06/2026,87342939,https://chilepropiedades.cl/ver-publicacion/arriendo-mensual/la-florida/departamento/rodriguez-velasco-10/87342939,arriendo-mensual,departamento,9.058682882198685
La Florida,"La Florida, Av. La Florida 9423",470000.0,2.0,2.0,62.0,,12/06/2026,87900738,https://chilepropiedades.cl/ver-publicacion/arriendo-mensual/la-florida/departamento/av-la-florida-9423/87900738,arriendo-mensual,departamento,11.506975553063194
La Florida,"La Florida, Vicuña Mackenna 8570",430000.0,2.0,1.0,47.0,1.0,01/06/2026,6558879,https://chilepropiedades.cl/ver-publicacion/arriendo-mensual/la-florida/departamento/vicuna-mackenna-8570/6558879,arriendo-mensual,departamento,10.52765848471739
La Florida,"La Florida, Av. La Florida 10671",450000.0,2.0,2.0,55.0,1.0,27/05/2026,116701468,https://chilepropiedades.cl/ver-publicacion/arriendo-mensual/la-florida/departamento/av-la-florida-10671/116701468,arriendo-mensual,departamento,11.017317018890292
La Florida,"La Florida, Av. Departamental 1475",410000.0,2.0,2.0,54.79,1.0,27/05/2026,119908705,https://chilepropiedades.cl/ver-publicacion/arriendo-mensual/la-florida/departamento/av-departamental-1475/119908705,arriendo-mensual,departamento,10.037999950544489
La Florida,"La Florida, Colombia",650000.0,2.0,2.0,64.4,1.0,27/05/2026,103923876,https://chilepropiedades.cl/ver-publicacion/arriendo-mensual/la-florida/departamento/colombia/103923876,arriendo-mensual,departamento,15.91390236061931
La Florida,"La Florida, Dpto 1 D + 1 Estacionamiento Vicente Valdes (176835)",380000.0,1.0,1.0,37.0,1.0,26/07/2026,125897568,https://chilepropiedades.cl/ver-publicacion/arriendo-mensual/la-florida/departamento/dpto-1-d-1-estacionamiento-vicente-valdes-176835/125897568,arriendo-mensual,departamento,9.303512149285135
La Florida,"La Florida, San Esteban",408447.9,3.0,1.0,52.0,2.0,26/07/2026,125892454,https://chilepropiedades.cl/ver-publicacion/arriendo-mensual/la-florida/departamento/san-esteban/125892454,arriendo-mensual,departamento,10.0
La Florida,"La Florida, Pichidegua",420000.0,1.0,1.0,32.0,1.0,26/07/2026,125892439,https://chilepropiedades.cl/ver-publicacion/arriendo-mensual/la-florida/departamento/pichidegua/125892439,arriendo-mensual,departamento,10.282829217630939
La Florida,"La Florida, Depto. 44m2, 2d, 1b. La florida",420000.0,2.0,1.0,44.0,1.0,26/07/2026,125888460,https://chilepropiedades.cl/ver-publicacion/arriendo-mensual/la-florida/departamento/depto-44m2-2d-1b-la-florida/125888460,arriendo-mensual,departamento,10.282829217630939
La Florida,"La Florida, Quincho en terraza (176852)",620000.0,1.0,1.0,41.0,1.0,26/07/2026,125883381,https://chilepropiedades.cl/ver-publicacion/arriendo-mensual/la-florida/departamento/quincho-en-terraza-176852/125883381,arriendo-mensual,departamento,15.179414559359957
La Florida,"La Florida, Pudeto 6908, La Florida, Región Metropolitana de Santiago 8240000, Chile",320000.0,1.0,1.0,28.0,,26/07/2026,125881809,https://chilepropiedades.cl/ver-publicacion/arriendo-mensual/la-florida/departamento/pudeto-6908-la-florida-region-metropolitana-de-santiago-8240000-chile/125881809,arriendo-mensual,departamento,7.834536546766429
La Florida,"La Florida, Bello departamento (176772)",600000.0,2.0,2.0,70.0,1.0,26/07/2026,125881239,https://chilepropiedades.cl/ver-publicacion/arriendo-mensual/la-florida/departamento/bello-departamento-176772/125881239,arriendo-mensual,departamento,14.689756025187055
La Florida,Departamento en Arriendo la Florida,360000.0,1.0,1.0,43.0,,25/07/2026,124648833,https://chilepropiedades.cl/ver-publicacion/arriendo-mensual/la-florida/departamento/av-vicuna-mackenna/124648833,arriendo-mensual,departamento,8.813853615112233
La Florida,"La Florida, Lía Aguirre 384",320000.0,1.0,1.0,,,25/07/2026,125815862,https://chilepropiedades.cl/ver-publicacion/arriendo-mensual/la-florida/departamento/lia-aguirre-384/125815862,arriendo-mensual,departamento,7.834536546766429
La Florida,"La Florida, Lía Aguirre 384",320000.0,1.0,1.0,33.0,,25/07/2026,125815837,https://chilepropiedades.cl/ver-publicacion/arriendo-mensual/la-florida/departamento/lia-aguirre-384/125815837,arriendo-mensual,departamento,7.834536546766429
La Florida,"La Florida, Lía Aguirre 384",320000.0,1.0,1.0,,,25/07/2026,125815813,https://chilepropiedades.cl/ver-publicacion/arriendo-mensual/la-florida/departamento/lia-aguirre-384/125815813,arriendo-mensual,departamento,7.834536546766429
La Florida,"La Florida, Metro Vicente Valdes",500000.0,2.0,1.0,50.0,1.0,25/07/2026,125812036,https://chilepropiedades.cl/ver-publicacion/arriendo-mensual/la-florida/departamento/metro-vicente-valdes/125812036,arriendo-mensual,departamento,12.241463354322546
La Florida,"La Florida, Avenida Departamental",550000.0,2.0,2.0,56.0,1.0,25/07/2026,125807192,https://chilepropiedades.cl/ver-publicacion/arriendo-mensual/la-florida/departamento/avenida-departamental/125807192,arriendo-mensual,departamento,13.465609689754801
La Florida,"La Florida, Avenida Vicuña Mackenna Poniente",224000.0,1.0,1.0,26.0,,25/07/2026,125807096,https://chilepropiedades.cl/ver-publicacion/arriendo-mensual/la-florida/departamento/avenida-vicuna-mackenna-poniente/125807096,arriendo-mensual,departamento,5.4841755827365
La Florida,"La Florida, Avenida Vicuña Mackenna Oriente",252000.0,1.0,1.0,33.0,,25/07/2026,125807069,https://chilepropiedades.cl/ver-publicacion/arriendo-mensual/la-florida/departamento/avenida-vicuna-mackenna-oriente/125807069,arriendo-mensual,departamento,6.1696975305785635
La Florida,"La Florida, Avenida Vicuña Mackenna",520000.0,2.0,2.0,57.0,1.0,25/07/2026,125806874,https://chilepropiedades.cl/ver-publicacion/arriendo-mensual/la-florida/departamento/avenida-vicuna-mackenna/125806874,arriendo-mensual,departamento,12.731121888495448
La Florida,"La Florida, Comodo departamento dos dormitoriois dos baños comuna la florida",480000.0,2.0,2.0,,,25/07/2026,125803027,https://chilepropiedades.cl/ver-publicacion/arriendo-mensual/la-florida/departamento/comodo-departamento-dos-dormitoriois-dos-banos-comuna-la-florida/125803027,arriendo-mensual,departamento,11.751804820149644
La Florida,"La Florida, Comodo departamento dos dormitoriois dos baños comuna la florida",480000.0,2.0,2.0,,,25/07/2026,125803009,https://chilepropiedades.cl/ver-publicacion/arriendo-mensual/la-florida/departamento/comodo-departamento-dos-dormitoriois-dos-banos-comuna-la-florida/125803009,arriendo-mensual,departamento,11.751804820149644
La Florida,"La Florida, Exequiel Fernandez",390000.0,1.0,1.0,40.0,,25/07/2026,124727501,https://chilepropiedades.cl/ver-publicacion/arriendo-mensual/la-florida/departamento/exequiel-fernandez/124727501,arriendo-mensual,departamento,9.548341416371587
La Florida,"La Florida, Exequiel Fernandez",390000.0,1.0,1.0,40.0,,25/07/2026,125801102,https://chilepropiedades.cl/ver-publicacion/arriendo-mensual/la-florida/departamento/exequiel-fernandez/125801102,arriendo-mensual,departamento,9.548341416371587
La Florida,"La Florida, palena 3375, la florida",470000.0,3.0,2.0,68.0,1.0,25/07/2026,125800433,https://chilepropiedades.cl/ver-publicacion/arriendo-mensual/la-florida/departamento/palena-3375-la-florida/125800433,arriendo-mensual,departamento,11.506975553063194
La Florida,"La Florida, Calle Pudeto",320000.0,1.0,1.0,27.0,,24/07/2026,125723375,https://chilepropiedades.cl/ver-publicacion/arriendo-mensual/la-florida/departamento/calle-pudeto/125723375,arriendo-mensual,departamento,7.834536546766429
La Florida,"La Florida, Avenida la forida con san jorge",400000.0,2.0,1.0,48.0,,24/07/2026,125721505,https://chilepropiedades.cl/ver-publicacion/arriendo-mensual/la-florida/departamento/avenida-la-forida-con-san-jorge/125721505,arriendo-mensual,departamento,9.793170683458037
La Florida,"La Florida, Avenida la florida con san jorge",410000.0,2.0,2.0,53.0,,24/07/2026,125721486,https://chilepropiedades.cl/ver-publicacion/arriendo-mensual/la-florida/departamento/avenida-la-florida-con-san-jorge/125721486,arriendo-mensual,departamento,10.037999950544489
La Florida,"La Florida, Avenida la florida con san jorge",430000.0,3.0,1.0,51.0,,24/07/2026,125721467,https://chilepropiedades.cl/ver-publicacion/arriendo-mensual/la-florida/departamento/avenida-la-florida-con-san-jorge/125721467,arriendo-mensual,departamento,10.52765848471739
La Florida,"La Florida, Arauco 1247, La Florida, Región Metropolitana de Santiago 8240000, Chile",210000.0,,1.0,22.0,,24/07/2026,122494510,https://chilepropiedades.cl/ver-publicacion/arriendo-mensual/la-florida/departamento/arauco-1247-la-florida-region-metropolitana-de-santiago-8240000-chile/122494510,arriendo-mensual,departamento,5.141414608815469
La Florida,"La Florida, San amalia",550000.0,3.0,2.0,67.0,1.0,24/07/2026,37215866,https://chilepropiedades.cl/ver-publicacion/arriendo-mensual/la-florida/departamento/san-amalia/37215866,arriendo-mensual,departamento,13.465609689754801
La Florida,"La Florida, Arriendo departamento 1 dorm a pasos de metro vicente valdes",350000.0,1.0,1.0,34.0,,24/07/2026,125718250,https://chilepropiedades.cl/ver-publicacion/arriendo-mensual/la-florida/departamento/arriendo-departamento-1-dorm-a-pasos-de-metro-vicente-valdes/125718250,arriendo-mensual,departamento,8.569024348025783
La Florida,"La Florida, Arriendo dpto. Con estacionamiento y bodega metro mirador",400000.0,1.0,1.0,38.0,,24/07/2026,125715782,https://chilepropiedades.cl/ver-publicacion/arriendo-mensual/la-florida/departamento/arriendo-dpto-con-estacionamiento-y-bodega-metro-mirador/125715782,arriendo-mensual,departamento,9.793170683458037
La Florida,"La Florida, Vic mackenna oriente 7492",310000.0,1.0,1.0,38.0,1.0,24/07/2026,125713524,https://chilepropiedades.cl/ver-publicacion/arriendo-mensual/la-florida/departamento/vic-mackenna-oriente-7492/125713524,arriendo-mensual,departamento,7.5897072796799785
La Florida,Departamento con Gastos Comunes Incluidos 2D 2B,500000.0,2.0,2.0,55.0,1.0,24/07/2026,125662752,https://chilepropiedades.cl/ver-publicacion/arriendo-mensual/la-florida/departamento/froilan-lagos-sepulveda-1360/125662752,arriendo-mensual,departamento,12.241463354322546
La Florida,"La Florida, Estación Metro Mirador",330000.0,1.0,1.0,38.0,,23/07/2026,66130225,https://chilepropiedades.cl/ver-publicacion/arriendo-mensual/la-florida/departamento/estacion-metro-mirador/66130225,arriendo-mensual,departamento,8.079365813852881
La Florida,Departamento a Estrenar con Cierre en Terraza,385000.0,1.0,1.0,38.0,,23/07/2026,118062209,https://chilepropiedades.cl/ver-publicacion/arriendo-mensual/la-florida/departamento/av-americo-vespucio-6630/118062209,arriendo-mensual,departamento,9.42592678282836
La Florida,"La Florida, Calle las acacias 7700 la florida dpto 2d+2b+estacionamento",420000.0,2.0,2.0,56.0,1.0,23/07/2026,125635924,https://chilepropiedades.cl/ver-publicacion/arriendo-mensual/la-florida/departamento/calle-las-acacias-7700-la-florida-dpto-2d-2b-estacionamento/125635924,arriendo-mensual,departamento,10.282829217630939
La Florida,"La Florida, Lía Aguirre 384",320000.0,1.0,1.0,3.344,,23/07/2026,82633531,https://chilepropiedades.cl/ver-publicacion/arriendo-mensual/la-florida/departamento/lia-aguirre-384/82633531,arriendo-mensual,departamento,7.834536546766429
La Florida,"La Florida, Estacionamiento (176496)",455000.0,2.0,1.0,45.0,1.0,23/07/2026,125632029,https://chilepropiedades.cl/ver-publicacion/arriendo-mensual/la-florida/departamento/estacionamiento-176496/125632029,arriendo-mensual,departamento,11.139731652433516
La Florida,"La Florida, Vicuña mackenna",450000.0,2.0,1.0,60.0,,23/07/2026,125630962,https://chilepropiedades.cl/ver-publicacion/arriendo-mensual/la-florida/departamento/vicuna-mackenna/125630962,arriendo-mensual,departamento,11.017317018890292
La Florida,"La Florida, Santa Amalia 3500, La Florida, Región Metropolitana de Santiago 8240000, Chile",600000.0,3.0,2.0,72.0,1.0,23/07/2026,125630516,https://chilepropiedades.cl/ver-publicacion/arriendo-mensual/la-florida/departamento/santa-amalia-3500-la-florida-region-metropolitana-de-santiago-8240000-chile/125630516,arriendo-mensual,departamento,14.689756025187055
La Florida,"La Florida, Vicuña Mackenna Poniente",360000.0,1.0,1.0,33.98,,23/07/2026,125617307,https://chilepropiedades.cl/ver-publicacion/arriendo-mensual/la-florida/departamento/vicuna-mackenna-poniente/125617307,arriendo-mensual,departamento,8.813853615112233
La Florida,"La Florida, Cómodo Hogar Ideal para Inversión (176559)",430000.0,2.0,1.0,45.0,1.0,23/07/2026,125615473,https://chilepropiedades.cl/ver-publicacion/arriendo-mensual/la-florida/departamento/comodo-hogar-ideal-para-inversion-176559/125615473,arriendo-mensual,departamento,10.52765848471739
La Florida,"La Florida, walker martinez 3350",550000.0,,,65.0,1.0,23/07/2026,123980114,https://chilepropiedades.cl/ver-publicacion/arriendo-mensual/la-florida/departamento/walker-martinez-3350/123980114,arriendo-mensual,departamento,13.465609689754801
La Florida,"La Florida, Vicuña mackenna 8833",470000.0,2.0,2.0,65.0,1.0,23/07/2026,122632788,https://chilepropiedades.cl/ver-publicacion/arriendo-mensual/la-florida/departamento/vicuna-mackenna-8833/122632788,arriendo-mensual,departamento,11.506975553063194
La Florida,"La Florida, Las acacias 7800",335000.0,1.0,1.0,42.0,,22/07/2026,124382479,https://chilepropiedades.cl/ver-publicacion/arriendo-mensual/la-florida/departamento/las-acacias-7800/124382479,arriendo-mensual,departamento,8.201780447396105
La Florida,"La Florida, av walker martinez 1600",460000.0,2.0,2.0,60.0,1.0,22/07/2026,125006256,https://chilepropiedades.cl/ver-publicacion/arriendo-mensual/la-florida/departamento/av-walker-martinez-1600/125006256,arriendo-mensual,departamento,11.262146285976742
La Florida,"La Florida, Vespucio/Froilán Roa",440000.0,2.0,2.0,64.0,1.0,22/07/2026,125543006,https://chilepropiedades.cl/ver-publicacion/arriendo-mensual/la-florida/departamento/vespucio-froilan-roa/125543006,arriendo-mensual,departamento,10.77248775180384
La Florida,"La Florida, Froilán Roa",340000.0,1.0,1.0,35.0,,22/07/2026,84643923,https://chilepropiedades.cl/ver-publicacion/arriendo-mensual/la-florida/departamento/froilan-roa/84643923,arriendo-mensual,departamento,8.324195080939331
La Florida,Lindo Departamento la Florida-Mall Vespucio (Con/Sin Estacionam),450000.0,2.0,2.0,54.8,1.0,22/07/2026,125484388,https://chilepropiedades.cl/ver-publicacion/arriendo-mensual/la-florida/departamento/lago-pirihueico-froilan-roa-con-vespucio/125484388,arriendo-mensual,departamento,11.017317018890292
La Florida,"La Florida, Nueva Uno 6476",310000.0,,1.0,28.0,,21/07/2026,125482326,https://chilepropiedades.cl/ver-publicacion/arriendo-mensual/la-florida/departamento/nueva-uno-6476/125482326,arriendo-mensual,departamento,7.5897072796799785
La Florida,"La Florida, Lía Aguirre 384",320000.0,1.0,1.0,32.0,,21/07/2026,125482300,https://chilepropiedades.cl/ver-publicacion/arriendo-mensual/la-florida/departamento/lia-aguirre-384/125482300,arriendo-mensual,departamento,7.834536546766429
La Florida,"La Florida, Vicuña Mackenna Oriente, Metro Mirador",290000.0,1.0,1.0,45.0,,21/07/2026,103526979,https://chilepropiedades.cl/ver-publicacion/arriendo-mensual/la-florida/departamento/vicuna-mackenna-oriente-metro-mirador/103526979,arriendo-mensual,departamento,7.100048745507077
La Florida,"La Florida, 5 dias sin costo para tu cambio",340000.0,1.0,1.0,39.0,,21/07/2026,125468190,https://chilepropiedades.cl/ver-publicacion/arriendo-mensual/la-florida/departamento/5-dias-sin-costo-para-tu-cambio/125468190,arriendo-mensual,departamento,8.324195080939331
La Florida,"La Florida, Avenida Vicuña Mackenna Oriente",350000.0,1.0,1.0,24.0,,21/07/2026,125443144,https://chilepropiedades.cl/ver-publicacion/arriendo-mensual/la-florida/departamento/avenida-vicuna-mackenna-oriente/125443144,arriendo-mensual,departamento,8.569024348025783
La Florida,"La Florida, Avenida Vicuña Mackenna Oriente",350000.0,1.0,1.0,24.0,,21/07/2026,125443116,https://chilepropiedades.cl/ver-publicacion/arriendo-mensual/la-florida/departamento/avenida-vicuna-mackenna-oriente/125443116,arriendo-mensual,departamento,8.569024348025783
La Florida,Departamento en Colombia con Vicente Valdes,385000.0,1.0,1.0,47.0,1.0,21/07/2026,124399465,https://chilepropiedades.cl/ver-publicacion/arriendo-mensual/la-florida/departamento/colombia/124399465,arriendo-mensual,departamento,9.42592678282836
La Florida,"La Florida, Dpto 2d2b + est + bod. 14 vic. Mackenna",350000.0,2.0,2.0,53.0,1.0,21/07/2026,44410583,https://chilepropiedades.cl/ver-publicacion/arriendo-mensual/la-florida/departamento/dpto-2d2b-est-bod-14-vic-mackenna/44410583,arriendo-mensual,departamento,8.569024348025783
La Florida,"La Florida, Vic mackenna oriente 7492",310000.0,1.0,1.0,38.0,1.0,21/07/2026,125422537,https://chilepropiedades.cl/ver-publicacion/arriendo-mensual/la-florida/departamento/vic-mackenna-oriente-7492/125422537,arriendo-mensual,departamento,7.5897072796799785
La Florida,"La Florida, Alonso de Ercilla 7698",370000.0,1.0,1.0,37.0,,21/07/2026,125422316,https://chilepropiedades.cl/ver-publicacion/arriendo-mensual/la-florida/departamento/alonso-de-ercilla-7698/125422316,arriendo-mensual,departamento,9.058682882198685
La Florida,"La Florida, Luminoso Hogar Ideal para Inversión (176255)",550000.0,3.0,1.0,70.0,1.0,21/07/2026,125422246,https://chilepropiedades.cl/ver-publicacion/arriendo-mensual/la-florida/departamento/luminoso-hogar-ideal-para-inversion-176255/125422246,arriendo-mensual,departamento,13.465609689754801
La Florida,"La Florida, Avenida Vicuña Mackenna Oriente",222000.0,1.0,1.0,32.0,,20/07/2026,122411366,https://chilepropiedades.cl/ver-publicacion/arriendo-mensual/la-florida/departamento/avenida-vicuna-mackenna-oriente/122411366,arriendo-mensual,departamento,5.435209729319211
La Florida,"La Florida, Metro bellavista - vicuña mackenna 6790",340000.0,1.0,1.0,30.0,,20/07/2026,104327758,https://chilepropiedades.cl/ver-publicacion/arriendo-mensual/la-florida/departamento/metro-bellavista-vicuna-mackenna-6790/104327758,arriendo-mensual,departamento,8.324195080939331
La Florida,"La Florida, MAP - Se Arrienda hermoso y amplio Dpto de 87m2 3H,2B,1E, en La Florida.",750000.0,3.0,2.0,87.0,1.0,20/07/2026,125337475,https://chilepropiedades.cl/ver-publicacion/arriendo-mensual/la-florida/departamento/map-se-arrienda-hermoso-y-amplio-dpto-de-87m2-3h-2b-1e-en-la-florida/125337475,arriendo-mensual,departamento,18.362195031483818
La Florida,"La Florida, Depto. 2D + 2B+1E, $630.000 (176141)",630000.0,2.0,2.0,58.0,1.0,20/07/2026,125332524,https://chilepropiedades.cl/ver-publicacion/arriendo-mensual/la-florida/departamento/depto-2d-2b-1e-630-000-176141/125332524,arriendo-mensual,departamento,15.424243826446409
La Florida,"Departamento la Florida, Metro Vicente Valdés",370000.0,1.0,1.0,45.0,,19/07/2026,122021154,https://chilepropiedades.cl/ver-publicacion/arriendo-mensual/la-florida/departamento/avenida-vicuna-mackenna-poniente-7735/122021154,arriendo-mensual,departamento,9.058682882198685
La Florida,"La Florida, Froilan lagos sepulveda",350000.0,1.0,1.0,35.05,,18/07/2026,125182072,https://chilepropiedades.cl/ver-publicacion/arriendo-mensual/la-florida/departamento/froilan-lagos-sepulveda/125182072,arriendo-mensual,departamento,8.569024348025783
La Florida,"La Florida, Calle colombia a pasos de walkers martínez",430000.0,1.0,1.0,40.0,1.0,18/07/2026,125173377,https://chilepropiedades.cl/ver-publicacion/arriendo-mensual/la-florida/departamento/calle-colombia-a-pasos-de-walkers-martinez/125173377,arriendo-mensual,departamento,10.52765848471739
La Florida,"La Florida, Walker martinez / avda. La florida",500000.0,2.0,2.0,60.0,1.0,18/07/2026,120710157,https://chilepropiedades.cl/ver-publicacion/arriendo-mensual/la-florida/departamento/walker-martinez-avda-la-florida/120710157,arriendo-mensual,departamento,12.241463354322546
La Florida,"La Florida, Lía Aguirre",400000.0,1.0,1.0,32.0,1.0,18/07/2026,76246213,https://chilepropiedades.cl/ver-publicacion/arriendo-mensual/la-florida/departamento/lia-aguirre/76246213,arriendo-mensual,departamento,9.793170683458037
La Florida,"La Florida, Vicente valdes",440000.0,1.0,1.0,37.0,1.0,18/07/2026,125169572,https://chilepropiedades.cl/ver-publicacion/arriendo-mensual/la-florida/departamento/vicente-valdes/125169572,arriendo-mensual,departamento,10.77248775180384
La Florida,"La Florida, Vicuña mackenna 8835",595000.0,3.0,2.0,95.0,1.0,18/07/2026,125164662,https://chilepropiedades.cl/ver-publicacion/arriendo-mensual/la-florida/departamento/vicuna-mackenna-8835/125164662,arriendo-mensual,departamento,14.56734139164383
La Florida,"La Florida, Santa amalia",450000.0,4.0,1.0,70.0,,18/07/2026,125164397,https://chilepropiedades.cl/ver-publicacion/arriendo-mensual/la-florida/departamento/santa-amalia/125164397,arriendo-mensual,departamento,11.017317018890292
La Florida,"La Florida, .",630000.0,1.0,1.0,45.0,,18/07/2026,125123811,https://chilepropiedades.cl/ver-publicacion/arriendo-mensual/la-florida/departamento/sin-direccion/125123811,arriendo-mensual,departamento,15.424243826446409
La Florida,"La Florida, Metro bella vista la florida",370000.0,2.0,1.0,45.0,,17/07/2026,125074277,https://chilepropiedades.cl/ver-publicacion/arriendo-mensual/la-florida/departamento/metro-bella-vista-la-florida/125074277,arriendo-mensual,departamento,9.058682882198685
La Florida,"La Florida, Walker martinez con av mexico",430000.0,2.0,1.0,60.0,1.0,16/07/2026,125010798,https://chilepropiedades.cl/ver-publicacion/arriendo-mensual/la-florida/departamento/walker-martinez-con-av-mexico/125010798,arriendo-mensual,departamento,10.52765848471739
La Florida,"La Florida, Barcelona / Vicuña Mackenna Oriente",490000.0,2.0,2.0,58.0,1.0,16/07/2026,36116503,https://chilepropiedades.cl/ver-publicacion/arriendo-mensual/la-florida/departamento/barcelona-vicuna-mackenna-oriente/36116503,arriendo-mensual,departamento,11.996634087236096
La Florida,"La Florida, Vicuña Mackenna",175000.0,1.0,1.0,32.0,,16/07/2026,125007524,https://chilepropiedades.cl/ver-publicacion/arriendo-mensual/la-florida/departamento/vicuna-mackenna/125007524,arriendo-mensual,departamento,4.2845121740128915
La Florida,"La Florida, Vicuña Mackenna",175000.0,1.0,1.0,33.0,,16/07/2026,125007500,https://chilepropiedades.cl/ver-publicacion/arriendo-mensual/la-florida/departamento/vicuna-mackenna/125007500,arriendo-mensual,departamento,4.2845121740128915
La Florida,"La Florida, Froilan roa 6333",360000.0,1.0,1.0,40.0,,16/07/2026,124997910,https://chilepropiedades.cl/ver-publicacion/arriendo-mensual/la-florida/departamento/froilan-roa-6333/124997910,arriendo-mensual,departamento,8.813853615112233
La Florida,"La Florida, Froilán Lagos Sepúlveda",520000.0,2.0,2.0,65.0,1.0,15/07/2026,29027523,https://chilepropiedades.cl/ver-publicacion/arriendo-mensual/la-florida/departamento/froilan-lagos-sepulveda/29027523,arriendo-mensual,departamento,12.731121888495448
La Florida,"La Florida, Froilán Lagos Sepúlveda",150000.0,1.0,1.0,25.0,,15/07/2026,124866459,https://chilepropiedades.cl/ver-publicacion/arriendo-mensual/la-florida/departamento/froilan-lagos-sepulveda/124866459,arriendo-mensual,departamento,3.672439006296764
La Florida,"La Florida, Froilán Lagos Sepúlveda",150000.0,1.0,1.0,25.0,,15/07/2026,124866395,https://chilepropiedades.cl/ver-publicacion/arriendo-mensual/la-florida/departamento/froilan-lagos-sepulveda/124866395,arriendo-mensual,departamento,3.672439006296764
La Florida,"La Florida, Hospital la florida",550000.0,2.0,2.0,52.0,1.0,15/07/2026,124865974,https://chilepropiedades.cl/ver-publicacion/arriendo-mensual/la-florida/departamento/hospital-la-florida/124865974,arriendo-mensual,departamento,13.465609689754801
La Florida,"La Florida, Punta Arenas, La Florida, Región Metropolitana de Santiago, Chile",650000.0,2.0,2.0,50.0,1.0,15/07/2026,124864047,https://chilepropiedades.cl/ver-publicacion/arriendo-mensual/la-florida/departamento/punta-arenas-la-florida-region-metropolitana-de-santiago-chile/124864047,arriendo-mensual,departamento,15.91390236061931
La Florida,"La Florida, av walker martinez 1600",460000.0,2.0,2.0,60.0,1.0,15/07/2026,124862523,https://chilepropiedades.cl/ver-publicacion/arriendo-mensual/la-florida/departamento/av-walker-martinez-1600/124862523,arriendo-mensual,departamento,11.262146285976742
La Florida,"La Florida, Oferta! arriendo de $440.000 x 3 meses y al 4to mes $470.00”",440000.0,2.0,1.0,42.0,,15/07/2026,124073384,https://chilepropiedades.cl/ver-publicacion/arriendo-mensual/la-florida/departamento/oferta-arriendo-de-440-000-x-3-meses-y-al-4to-mes-470-00/124073384,arriendo-mensual,departamento,10.77248775180384
La Florida,"La Florida, Inglaterra 59",465000.0,2.0,2.0,58.0,,15/07/2026,124857182,https://chilepropiedades.cl/ver-publicacion/arriendo-mensual/la-florida/departamento/inglaterra-59/124857182,arriendo-mensual,departamento,11.384560919519968
La Florida,"La Florida, Vive la Comodidad en Tu Nuevo Hogar (175663)",320000.0,2.0,1.0,48.0,,15/07/2026,124857084,https://chilepropiedades.cl/ver-publicacion/arriendo-mensual/la-florida/departamento/vive-la-comodidad-en-tu-nuevo-hogar-175663/124857084,arriendo-mensual,departamento,7.834536546766429
La Florida,"La Florida, Metro Vicente Valdés - 2 Dormitorios",430000.0,2.0,1.0,46.0,1.0,15/07/2026,124837024,https://chilepropiedades.cl/ver-publicacion/arriendo-mensual/la-florida/departamento/metro-vicente-valdes-2-dormitorios/124837024,arriendo-mensual,departamento,10.52765848471739
La Florida,"La Florida, Froilan Lagos / Hospital La Florida",450000.0,1.0,1.0,39.0,1.0,14/07/2026,124745176,https://chilepropiedades.cl/ver-publicacion/arriendo-mensual/la-florida/departamento/froilan-lagos-hospital-la-florida/124745176,arriendo-mensual,departamento,11.017317018890292
La Florida,"La Florida, Avenida Vicuña Mackenna Poniente",360000.0,1.0,1.0,38.0,,14/07/2026,124740048,https://chilepropiedades.cl/ver-publicacion/arriendo-mensual/la-florida/departamento/avenida-vicuna-mackenna-poniente/124740048,arriendo-mensual,departamento,8.813853615112233
La Florida,"La Florida, Vicuña Mackenna",224000.0,1.0,1.0,23.0,,14/07/2026,124739941,https://chilepropiedades.cl/ver-publicacion/arriendo-mensual/la-florida/departamento/vicuna-mackenna/124739941,arriendo-mensual,departamento,5.4841755827365
La Florida,"La Florida, Vicuña Mackenna",224000.0,1.0,1.0,23.0,,14/07/2026,124739918,https://chilepropiedades.cl/ver-publicacion/arriendo-mensual/la-florida/departamento/vicuna-mackenna/124739918,arriendo-mensual,departamento,5.4841755827365
La Florida,"La Florida, la florida",320000.0,1.0,1.0,40.0,,14/07/2026,124738719,https://chilepropiedades.cl/ver-publicacion/arriendo-mensual/la-florida/departamento/la-florida/124738719,arriendo-mensual,departamento,7.834536546766429
La Florida,"La Florida, Vicuña Mackenna",404800.0,2.0,1.0,55.0,,14/07/2026,10670210,https://chilepropiedades.cl/ver-publicacion/arriendo-mensual/la-florida/departamento/vicuna-mackenna/10670210,arriendo-mensual,departamento,9.910688731659533
La Florida,"La Florida, Moderno depto de un dormitorio en arriendo (175260)",360000.0,1.0,1.0,29.33,,14/07/2026,124726808,https://chilepropiedades.cl/ver-publicacion/arriendo-mensual/la-florida/departamento/moderno-depto-de-un-dormitorio-en-arriendo-175260/124726808,arriendo-mensual,departamento,8.813853615112233
La Florida,"La Florida, Avenida Walker Martínez 3142, La Florida, Santiago Metropolitan Region 8240000, Chile",850000.0,3.0,2.0,89.0,1.0,14/07/2026,124725939,https://chilepropiedades.cl/ver-publicacion/arriendo-mensual/la-florida/departamento/avenida-walker-martinez-3142-la-florida-santiago-metropolitan-region-8240000-chile/124725939,arriendo-mensual,departamento,20.81048770234833
La Florida,"La Florida, Arriendo departamento en calle millaray cercano a metro mirador!! excelente ubicacion",420000.0,1.0,1.0,41.0,,14/07/2026,124725708,https://chilepropiedades.cl/ver-publicacion/arriendo-mensual/la-florida/departamento/arriendo-departamento-en-calle-millaray-cercano-a-metro-mirador-excelente-ubicacion/124725708,arriendo-mensual,departamento,10.282829217630939
La Florida,"La Florida, AV. La Florida / Walker Martinez",430000.0,2.0,1.0,50.0,1.0,14/07/2026,124725337,https://chilepropiedades.cl/ver-publicacion/arriendo-mensual/la-florida/departamento/av-la-florida-walker-martinez/124725337,arriendo-mensual,departamento,10.52765848471739
La Florida,"Home Studio Amplio con Terraza Frente Mall Cenco Florida,",280000.0,1.0,1.0,25.0,,13/07/2026,124717527,https://chilepropiedades.cl/ver-publicacion/arriendo-mensual/la-florida/departamento/avenida-vicuna-mackenna-6101/124717527,arriendo-mensual,departamento,6.855219478420626
La Florida,"La Florida, Nueva Uno 6476",380000.0,1.0,1.0,,1.0,13/07/2026,124715703,https://chilepropiedades.cl/ver-publicacion/arriendo-mensual/la-florida/departamento/nueva-uno-6476/124715703,arriendo-mensual,departamento,9.303512149285135
La Florida,Departamento en Condominio Mirador Azul,400000.0,2.0,1.0,47.0,,13/07/2026,124438877,https://chilepropiedades.cl/ver-publicacion/arriendo-mensual/la-florida/departamento/avenida-vicuna-mackenna-poniente-6299/124438877,arriendo-mensual,departamento,9.793170683458037
La Florida,"La Florida, Walker Martinez 1600 La Florida",460000.0,2.0,2.0,60.0,1.0,13/07/2026,124704434,https://chilepropiedades.cl/ver-publicacion/arriendo-mensual/la-florida/departamento/walker-martinez-1600-la-florida/124704434,arriendo-mensual,departamento,11.262146285976742
La Florida,"La Florida, Arriendo 2D 2B La Florida (162856)",680000.0,3.0,2.0,81.0,1.0,13/07/2026,117966718,https://chilepropiedades.cl/ver-publicacion/arriendo-mensual/la-florida/departamento/arriendo-2d-2b-la-florida-162856/117966718,arriendo-mensual,departamento,16.648390161878662
La Florida,"La Florida, Vicuña Mackenna Poniente con Paso El Roble",460000.0,2.0,1.0,48.0,,13/07/2026,112170175,https://chilepropiedades.cl/ver-publicacion/arriendo-mensual/la-florida/departamento/vicuna-mackenna-poniente-con-paso-el-roble/112170175,arriendo-mensual,departamento,11.262146285976742
La Florida,"La Florida, Vicuña mackenna 115400",600000.0,3.0,2.0,80.0,1.0,13/07/2026,35599468,https://chilepropiedades.cl/ver-publicacion/arriendo-mensual/la-florida/departamento/vicuna-mackenna-115400/35599468,arriendo-mensual,departamento,14.689756025187055
La Florida,"La Florida, Walker Martinez 815",360000.0,1.0,1.0,42.0,,13/07/2026,115345870,https://chilepropiedades.cl/ver-publicacion/arriendo-mensual/la-florida/departamento/walker-martinez-815/115345870,arriendo-mensual,departamento,8.813853615112233
La Florida,Arriendo Departamento Nuevo en la Florida 2D 2B,700000.0,2.0,2.0,55.0,1.0,12/07/2026,124542957,https://chilepropiedades.cl/ver-publicacion/arriendo-mensual/la-florida/departamento/geronimo-de-alderete-396/124542957,arriendo-mensual,departamento,17.138048696051566
La Florida,"La Florida, geronimo de alderete 208",532000.0,2.0,2.0,60.0,,12/07/2026,124488392,https://chilepropiedades.cl/ver-publicacion/arriendo-mensual/la-florida/departamento/geronimo-de-alderete-208/124488392,arriendo-mensual,departamento,13.02491700899919
La Florida,"La Florida, Vicuña Mackenna",228000.0,1.0,1.0,32.0,,11/07/2026,124483001,https://chilepropiedades.cl/ver-publicacion/arriendo-mensual/la-florida/departamento/vicuna-mackenna/124483001,arriendo-mensual,departamento,5.582107289571081
La Florida,"La Florida, Vicuña Mackenna",228000.0,1.0,1.0,32.0,,11/07/2026,124482974,https://chilepropiedades.cl/ver-publicacion/arriendo-mensual/la-florida/departamento/vicuna-mackenna/124482974,arriendo-mensual,departamento,5.582107289571081
La Florida,"La Florida, Departamento a pasos de metro los quillayes (175106)",500000.0,3.0,2.0,58.0,1.0,11/07/2026,124482039,https://chilepropiedades.cl/ver-publicacion/arriendo-mensual/la-florida/departamento/departamento-a-pasos-de-metro-los-quillayes-175106/124482039,arriendo-mensual,departamento,12.241463354322546
La Florida,"La Florida, Cercano a josé miguel carrera con vicuña mackenna",365000.0,2.0,1.0,49.0,,11/07/2026,124481737,https://chilepropiedades.cl/ver-publicacion/arriendo-mensual/la-florida/departamento/cercano-a-jose-miguel-carrera-con-vicuna-mackenna/124481737,arriendo-mensual,departamento,8.936268248655459
La Florida,"La Florida, Depto de 3D + 1B con Est, frente a metro (174848)",530000.0,3.0,1.0,67.0,1.0,11/07/2026,124473573,https://chilepropiedades.cl/ver-publicacion/arriendo-mensual/la-florida/departamento/depto-de-3d-1b-con-est-frente-a-metro-174848/124473573,arriendo-mensual,departamento,12.9759511555819
La Florida,"La Florida, Hermoso depto 2D/2B Y Est - Metro V. Valdes (174908)",500000.0,2.0,2.0,51.0,1.0,11/07/2026,124455700,https://chilepropiedades.cl/ver-publicacion/arriendo-mensual/la-florida/departamento/hermoso-depto-2d-2b-y-est-metro-v-valdes-174908/124455700,arriendo-mensual,departamento,12.241463354322546
La Florida,"La Florida, Depto. 3D 1B 1 Estacionamiento (175042)",450000.0,3.0,1.0,52.0,1.0,11/07/2026,124451323,https://chilepropiedades.cl/ver-publicacion/arriendo-mensual/la-florida/departamento/depto-3d-1b-1-estacionamiento-175042/124451323,arriendo-mensual,departamento,11.017317018890292
La Florida,"La Florida, Cercano a mall bellavista la florida",550000.0,2.0,2.0,53.15,,11/07/2026,114087681,https://chilepropiedades.cl/ver-publicacion/arriendo-mensual/la-florida/departamento/cercano-a-mall-bellavista-la-florida/114087681,arriendo-mensual,departamento,13.465609689754801
La Florida,"La Florida, Inés de Suárez",530000.0,2.0,1.0,56.0,1.0,10/07/2026,124392379,https://chilepropiedades.cl/ver-publicacion/arriendo-mensual/la-florida/departamento/ines-de-suarez/124392379,arriendo-mensual,departamento,12.9759511555819
La Florida,"La Florida, La florida",300000.0,1.0,1.0,43.0,,10/07/2026,124391223,https://chilepropiedades.cl/ver-publicacion/arriendo-mensual/la-florida/departamento/la-florida/124391223,arriendo-mensual,departamento,7.344878012593528
La Florida,"La Florida, La florida",300000.0,2.0,1.0,59.0,,10/07/2026,124391189,https://chilepropiedades.cl/ver-publicacion/arriendo-mensual/la-florida/departamento/la-florida/124391189,arriendo-mensual,departamento,7.344878012593528
La Florida,"La Florida, Vicuña mackenna los pioneros metro rojas magallanes",750000.0,3.0,2.0,67.0,1.0,10/07/2026,124383596,https://chilepropiedades.cl/ver-publicacion/arriendo-mensual/la-florida/departamento/vicuna-mackenna-los-pioneros-metro-rojas-magallanes/124383596,arriendo-mensual,departamento,18.362195031483818
La Florida,"La Florida, Av. La Florida 10397",205000.0,2.0,1.0,50.0,1.0,10/07/2026,124382886,https://chilepropiedades.cl/ver-publicacion/arriendo-mensual/la-florida/departamento/av-la-florida-10397/124382886,arriendo-mensual,departamento,5.018999975272244
La Florida,"La Florida, Av. La Florida 10397",205000.0,2.0,1.0,44.0,,10/07/2026,124382686,https://chilepropiedades.cl/ver-publicacion/arriendo-mensual/la-florida/departamento/av-la-florida-10397/124382686,arriendo-mensual,departamento,5.018999975272244
La Florida,"La Florida, Patio Oulet La Florida",510000.0,2.0,2.0,64.0,1.0,09/07/2026,90596039,https://chilepropiedades.cl/ver-publicacion/arriendo-mensual/la-florida/departamento/patio-oulet-la-florida/90596039,arriendo-mensual,departamento,12.486292621408998
La Florida,"La Florida, Impecable departamento en privilegiada ubicacion",570000.0,3.0,2.0,76.0,,09/07/2026,124297260,https://chilepropiedades.cl/ver-publicacion/arriendo-mensual/la-florida/departamento/impecable-departamento-en-privilegiada-ubicacion/124297260,arriendo-mensual,departamento,13.955268223927703
La Florida,"La Florida, Calle 2 con vicuña mackenna",430000.0,1.0,1.0,44.0,,09/07/2026,124294732,https://chilepropiedades.cl/ver-publicacion/arriendo-mensual/la-florida/departamento/calle-2-con-vicuna-mackenna/124294732,arriendo-mensual,departamento,10.52765848471739
La Florida,"La Florida, Mirador",360000.0,1.0,1.0,35.0,,09/07/2026,124290364,https://chilepropiedades.cl/ver-publicacion/arriendo-mensual/la-florida/departamento/mirador/124290364,arriendo-mensual,departamento,8.813853615112233
La Florida,"La Florida, Metro mirador",520000.0,2.0,2.0,60.0,,08/07/2026,124182122,https://chilepropiedades.cl/ver-publicacion/arriendo-mensual/la-florida/departamento/metro-mirador/124182122,arriendo-mensual,departamento,12.731121888495448
La Florida,"La Florida, Lía Aguirre 95",330000.0,1.0,1.0,39.0,,08/07/2026,37871976,https://chilepropiedades.cl/ver-publicacion/arriendo-mensual/la-florida/departamento/lia-aguirre-95/37871976,arriendo-mensual,departamento,8.079365813852881
La Florida,"La Florida, Froilán Lagos Sepúlveda",225000.0,2.0,2.0,54.0,1.0,08/07/2026,124177304,https://chilepropiedades.cl/ver-publicacion/arriendo-mensual/la-florida/departamento/froilan-lagos-sepulveda/124177304,arriendo-mensual,departamento,5.508658509445146
La Florida,"La Florida, Froilán Lagos Sepúlveda",308000.0,1.0,1.0,25.0,,08/07/2026,124177266,https://chilepropiedades.cl/ver-publicacion/arriendo-mensual/la-florida/departamento/froilan-lagos-sepulveda/124177266,arriendo-mensual,departamento,7.540741426262689
La Florida,"La Florida, Froilán Lagos Sepúlveda",308000.0,1.0,1.0,25.0,,08/07/2026,124177235,https://chilepropiedades.cl/ver-publicacion/arriendo-mensual/la-florida/departamento/froilan-lagos-sepulveda/124177235,arriendo-mensual,departamento,7.540741426262689
La Florida,"La Florida, Av. Vicuña mackenna / mirador azúl",400000.0,1.0,1.0,36.0,1.0,08/07/2026,72496879,https://chilepropiedades.cl/ver-publicacion/arriendo-mensual/la-florida/departamento/av-vicuna-mackenna-mirador-azul/72496879,arriendo-mensual,departamento,9.793170683458037
La Florida,Arriendo Homestudio la Florida,360000.0,1.0,1.0,36.0,1.0,07/07/2026,124153023,https://chilepropiedades.cl/ver-publicacion/arriendo-mensual/la-florida/departamento/colombia-7771/124153023,arriendo-mensual,departamento,8.813853615112233
La Florida,"La Florida, Nueva Uno 6476",340000.0,1.0,1.0,,,07/07/2026,124150304,https://chilepropiedades.cl/ver-publicacion/arriendo-mensual/la-florida/departamento/nueva-uno-6476/124150304,arriendo-mensual,departamento,8.324195080939331
La Florida,"La Florida, Vicuña Mackenna Poniente 7244",310000.0,,1.0,27.0,,07/07/2026,124150260,https://chilepropiedades.cl/ver-publicacion/arriendo-mensual/la-florida/departamento/vicuna-mackenna-poniente-7244/124150260,arriendo-mensual,departamento,7.5897072796799785
La Florida,"La Florida, Lia Aguirre 155",340000.0,1.0,1.0,32.0,,07/07/2026,59191791,https://chilepropiedades.cl/ver-publicacion/arriendo-mensual/la-florida/departamento/lia-aguirre-155/59191791,arriendo-mensual,departamento,8.324195080939331
La Florida,"La Florida, Avenida La Florida",480000.0,2.0,2.0,62.0,1.0,07/07/2026,124083600,https://chilepropiedades.cl/ver-publicacion/arriendo-mensual/la-florida/departamento/avenida-la-florida/124083600,arriendo-mensual,departamento,11.751804820149644
La Florida,"La Florida, Amplio y soleado (174476)",450000.0,2.0,2.0,60.0,1.0,07/07/2026,124074326,https://chilepropiedades.cl/ver-publicacion/arriendo-mensual/la-florida/departamento/amplio-y-soleado-174476/124074326,arriendo-mensual,departamento,11.017317018890292
La Florida,"La Florida, Comodidad y vista: 4D2B con estacionamiento (174400)",700000.0,4.0,2.0,78.0,1.0,07/07/2026,124069814,https://chilepropiedades.cl/ver-publicacion/arriendo-mensual/la-florida/departamento/comodidad-y-vista-4d2b-con-estacionamiento-174400/124069814,arriendo-mensual,departamento,17.138048696051566
La Florida,"La Florida, Serafin Zamora 22",320000.0,,1.0,25.0,1.0,07/07/2026,45727120,https://chilepropiedades.cl/ver-publicacion/arriendo-mensual/la-florida/departamento/serafin-zamora-22/45727120,arriendo-mensual,departamento,7.834536546766429
La Florida,"La Florida, Calle Dos N° 33 esquina Vicuña Makenna, la Florida",580000.0,2.0,2.0,54.46,,07/07/2026,23916440,https://chilepropiedades.cl/ver-publicacion/arriendo-mensual/la-florida/departamento/calle-dos-n-33-esquina-vicuna-makenna-la-florida/23916440,arriendo-mensual,departamento,14.200097491014153
La Florida,"La Florida, Arauco 1247, La Florida, Región Metropolitana de Santiago 8240000, Chile",260000.0,1.0,1.0,28.0,,07/07/2026,122494469,https://chilepropiedades.cl/ver-publicacion/arriendo-mensual/la-florida/departamento/arauco-1247-la-florida-region-metropolitana-de-santiago-8240000-chile/122494469,arriendo-mensual,departamento,6.365560944247724
La Florida,Acogedor Departamento en Arriendo 2D+2B,420000.0,2.0,2.0,56.52,,06/07/2026,123986399,https://chilepropiedades.cl/ver-publicacion/arriendo-mensual/la-florida/departamento/av-diego-portales-1073/123986399,arriendo-mensual,departamento,10.282829217630939
La Florida,"La Florida, Santa Julia 465, La Florida, Región Metropolitana de Santiago 8240000, Chile",347000.0,1.0,1.0,28.0,,06/07/2026,122494434,https://chilepropiedades.cl/ver-publicacion/arriendo-mensual/la-florida/departamento/santa-julia-465-la-florida-region-metropolitana-de-santiago-8240000-chile/122494434,arriendo-mensual,departamento,8.495575567899847
La Florida,"La Florida, Nva uno",280000.0,1.0,1.0,40.0,,06/07/2026,123978237,https://chilepropiedades.cl/ver-publicacion/arriendo-mensual/la-florida/departamento/nva-uno/123978237,arriendo-mensual,departamento,6.855219478420626
La Florida,"La Florida, Avenida Diego Portales",480000.0,3.0,2.0,56.0,1.0,05/07/2026,6130835,https://chilepropiedades.cl/ver-publicacion/arriendo-mensual/la-florida/departamento/avenida-diego-portales/6130835,arriendo-mensual,departamento,11.751804820149644
La Florida,"La Florida, Viña del Mar",380000.0,2.0,1.0,55.0,,05/07/2026,121194761,https://chilepropiedades.cl/ver-publicacion/arriendo-mensual/la-florida/departamento/vina-del-mar/121194761,arriendo-mensual,departamento,9.303512149285135
La Florida,"La Florida, Froilán Lagos Sepúlveda 1500B, La Florida",440000.0,2.0,1.0,60.0,1.0,05/07/2026,48827216,https://chilepropiedades.cl/ver-publicacion/arriendo-mensual/la-florida/departamento/froilan-lagos-sepulveda-1500b-la-florida/48827216,arriendo-mensual,departamento,10.77248775180384
La Florida,"La Florida, Lia Aguirre / Vicuña Mackena",460000.0,2.0,2.0,55.0,,05/07/2026,123891024,https://chilepropiedades.cl/ver-publicacion/arriendo-mensual/la-florida/departamento/lia-aguirre-vicuna-mackena/123891024,arriendo-mensual,departamento,11.262146285976742
La Florida,"La Florida, walker martinez 3350",550000.0,,,65.0,1.0,05/07/2026,123788643,https://chilepropiedades.cl/ver-publicacion/arriendo-mensual/la-florida/departamento/walker-martinez-3350/123788643,arriendo-mensual,departamento,13.465609689754801
La Florida,"La Florida, Departamento en Arriendo en Vicente Valdés. (173578)",550000.0,2.0,2.0,58.0,1.0,04/07/2026,123787274,https://chilepropiedades.cl/ver-publicacion/arriendo-mensual/la-florida/departamento/departamento-en-arriendo-en-vicente-valdes-173578/123787274,arriendo-mensual,departamento,13.465609689754801
La Florida,"La Florida, Arriendo departamento 2 dormitorio la florida (173696)",440000.0,2.0,1.0,45.0,,04/07/2026,123780027,https://chilepropiedades.cl/ver-publicacion/arriendo-mensual/la-florida/departamento/arriendo-departamento-2-dormitorio-la-florida-173696/123780027,arriendo-mensual,departamento,10.77248775180384
La Florida,"La Florida, Froilán Lagos Sepúlveda",385000.0,2.0,2.0,53.0,1.0,04/07/2026,122835462,https://chilepropiedades.cl/ver-publicacion/arriendo-mensual/la-florida/departamento/froilan-lagos-sepulveda/122835462,arriendo-mensual,departamento,9.42592678282836
La Florida,"La Florida, Metro Mirador",480000.0,2.0,1.0,55.0,1.0,04/07/2026,123741742,https://chilepropiedades.cl/ver-publicacion/arriendo-mensual/la-florida/departamento/metro-mirador/123741742,arriendo-mensual,departamento,11.751804820149644
La Florida,"La Florida, ines de suarez",500000.0,2.0,1.0,52.0,1.0,04/07/2026,44548015,https://chilepropiedades.cl/ver-publicacion/arriendo-mensual/la-florida/departamento/ines-de-suarez/44548015,arriendo-mensual,departamento,12.241463354322546
La Florida,"La Florida, Avenida Vicuña Mackenna",550000.0,1.0,1.0,41.0,1.0,04/07/2026,123135764,https://chilepropiedades.cl/ver-publicacion/arriendo-mensual/la-florida/departamento/avenida-vicuna-mackenna/123135764,arriendo-mensual,departamento,13.465609689754801
La Florida,"La Florida, Departamento/San Jose de la Estrella 370 (97267)",390000.0,2.0,,53.0,,03/07/2026,82381367,https://chilepropiedades.cl/ver-publicacion/arriendo-mensual/la-florida/departamento/departamento-san-jose-de-la-estrella-370-97267/82381367,arriendo-mensual,departamento,9.548341416371587
La Florida,"La Florida, El Platino 141",390000.0,2.0,2.0,56.0,,03/07/2026,39009738,https://chilepropiedades.cl/ver-publicacion/arriendo-mensual/la-florida/departamento/el-platino-141/39009738,arriendo-mensual,departamento,9.548341416371587
La Florida,"La Florida, El Platino 141",320000.0,1.0,1.0,36.0,,03/07/2026,39007753,https://chilepropiedades.cl/ver-publicacion/arriendo-mensual/la-florida/departamento/el-platino-141/39007753,arriendo-mensual,departamento,7.834536546766429
La Florida,"La Florida, Okinawa 6930",385000.0,1.0,1.0,34.0,,03/07/2026,122134660,https://chilepropiedades.cl/ver-publicacion/arriendo-mensual/la-florida/departamento/okinawa-6930/122134660,arriendo-mensual,departamento,9.42592678282836
La Florida,"La Florida, Camino del Monte / Alto de Macul",750000.0,2.0,2.0,80.0,1.0,03/07/2026,123683692,https://chilepropiedades.cl/ver-publicacion/arriendo-mensual/la-florida/departamento/camino-del-monte-alto-de-macul/123683692,arriendo-mensual,departamento,18.362195031483818
La Florida,"La Florida, Walker martinez 1165 dpto nuevo a estrenar",520000.0,2.0,2.0,61.0,,03/07/2026,118893887,https://chilepropiedades.cl/ver-publicacion/arriendo-mensual/la-florida/departamento/walker-martinez-1165-dpto-nuevo-a-estrenar/118893887,arriendo-mensual,departamento,12.731121888495448
La Florida,"La Florida, Arriendo depto la florida 2d+1b+0est+1bod 41m2 metro v.Válde",390000.0,2.0,1.0,41.0,,03/07/2026,120332197,https://chilepropiedades.cl/ver-publicacion/arriendo-mensual/la-florida/departamento/arriendo-depto-la-florida-2d-1b-0est-1bod-41m2-metro-v-valde/120332197,arriendo-mensual,departamento,9.548341416371587
La Florida,"La Florida, Av. La florida",750000.0,3.0,2.0,93.0,,02/07/2026,85659812,https://chilepropiedades.cl/ver-publicacion/arriendo-mensual/la-florida/departamento/av-la-florida/85659812,arriendo-mensual,departamento,18.362195031483818
La Florida,"La Florida, Málaga",500000.0,3.0,1.0,65.0,1.0,02/07/2026,113146789,https://chilepropiedades.cl/ver-publicacion/arriendo-mensual/la-florida/departamento/malaga/113146789,arriendo-mensual,departamento,12.241463354322546
La Florida,"La Florida, Metro Vicente Valdes",600000.0,3.0,2.0,78.0,60.0,02/07/2026,123623504,https://chilepropiedades.cl/ver-publicacion/arriendo-mensual/la-florida/departamento/metro-vicente-valdes/123623504,arriendo-mensual,departamento,14.689756025187055
La Florida,"La Florida, Santa victoria 9448 la florida.",450000.0,2.0,2.0,58.0,1.0,02/07/2026,123606192,https://chilepropiedades.cl/ver-publicacion/arriendo-mensual/la-florida/departamento/santa-victoria-9448-la-florida/123606192,arriendo-mensual,departamento,11.017317018890292
La Florida,"La Florida, Vicuña Mackenna con Enrique Olivares",670000.0,3.0,2.0,70.0,1.0,02/07/2026,123604898,https://chilepropiedades.cl/ver-publicacion/arriendo-mensual/la-florida/departamento/vicuna-mackenna-con-enrique-olivares/123604898,arriendo-mensual,departamento,16.40356089479221
La Florida,"La Florida, Avenida Américo Vespucio 6630",400000.0,2.0,1.0,44.0,,02/07/2026,123595277,https://chilepropiedades.cl/ver-publicacion/arriendo-mensual/la-florida/departamento/avenida-americo-vespucio-6630/123595277,arriendo-mensual,departamento,9.793170683458037
La Florida,"La Florida, Vicuña Mackenna Poniente 5862",410000.0,2.0,2.0,50.0,1.0,01/07/2026,120552268,https://chilepropiedades.cl/ver-publicacion/arriendo-mensual/la-florida/departamento/vicuna-mackenna-poniente-5862/120552268,arriendo-mensual,departamento,10.037999950544489
La Florida,"La Florida, Vicente Valdés 87",550000.0,3.0,2.0,82.75,1.0,01/07/2026,68086826,https://chilepropiedades.cl/ver-publicacion/arriendo-mensual/la-florida/departamento/vicente-valdes-87/68086826,arriendo-mensual,departamento,13.465609689754801
La Florida,"La Florida, Llanquihue 6920",350000.0,1.0,1.0,39.5,1.0,01/07/2026,123595021,https://chilepropiedades.cl/ver-publicacion/arriendo-mensual/la-florida/departamento/llanquihue-6920/123595021,arriendo-mensual,departamento,8.569024348025783
La Florida,"La Florida, Gerónimo de Alderete 1800",650000.0,2.0,2.0,53.0,1.0,01/07/2026,123541068,https://chilepropiedades.cl/ver-publicacion/arriendo-mensual/la-florida/departamento/geronimo-de-alderete-1800/123541068,arriendo-mensual,departamento,15.91390236061931
La Florida,"La Florida, Lía Aguirre",343000.0,2.0,1.0,44.0,1.0,01/07/2026,71716179,https://chilepropiedades.cl/ver-publicacion/arriendo-mensual/la-florida/departamento/lia-aguirre/71716179,arriendo-mensual,departamento,8.397643861065268
La Florida,"La Florida, Vicuña Mackenna 8658",500000.0,1.0,1.0,42.0,1.0,01/07/2026,123522633,https://chilepropiedades.cl/ver-publicacion/arriendo-mensual/la-florida/departamento/vicuna-mackenna-8658/123522633,arriendo-mensual,departamento,12.241463354322546
La Florida,"La Florida, .",480000.0,3.0,1.0,48.0,,01/07/2026,123513777,https://chilepropiedades.cl/ver-publicacion/arriendo-mensual/la-florida/departamento/sin-direccion/123513777,arriendo-mensual,departamento,11.751804820149644
La Florida,"La Florida, Vicuña Mackenna Oriente # 5957",420000.0,2.0,1.0,48.0,,30/06/2026,116665169,https://chilepropiedades.cl/ver-publicacion/arriendo-mensual/la-florida/departamento/vicuna-mackenna-oriente-5957/116665169,arriendo-mensual,departamento,10.282829217630939
La Florida,"La Florida, Lago Pirihueico",450000.0,2.0,2.0,55.0,1.0,30/06/2026,6284131,https://chilepropiedades.cl/ver-publicacion/arriendo-mensual/la-florida/departamento/lago-pirihueico/6284131,arriendo-mensual,departamento,11.017317018890292
La Florida,"La Florida, Santa Amalia 555, La Florida, Región Metropolitana de Santiago 8240000, Chile",460000.0,3.0,1.0,55.0,,30/06/2026,123449365,https://chilepropiedades.cl/ver-publicacion/arriendo-mensual/la-florida/departamento/santa-amalia-555-la-florida-region-metropolitana-de-santiago-8240000-chile/123449365,arriendo-mensual,departamento,11.262146285976742
La Florida,"La Florida, Av. Vicuña Mackenna 7244",360000.0,1.0,1.0,26.0,,29/06/2026,72425561,https://chilepropiedades.cl/ver-publicacion/arriendo-mensual/la-florida/estudio/av-vicuna-mackenna-7244/72425561,arriendo-mensual,departamento,8.813853615112233
La Florida,"La Florida, Dcto 1er mes: dpto 1d+1b+est. En la florida (173014)",430000.0,1.0,1.0,31.0,1.0,29/06/2026,123329466,https://chilepropiedades.cl/ver-publicacion/arriendo-mensual/la-florida/departamento/dcto-1er-mes-dpto-1d-1b-est-en-la-florida-173014/123329466,arriendo-mensual,departamento,10.52765848471739
La Florida,"La Florida, Metro Mirador",570000.0,2.0,2.0,54.0,1.0,27/06/2026,92695681,https://chilepropiedades.cl/ver-publicacion/arriendo-mensual/la-florida/departamento/metro-mirador/92695681,arriendo-mensual,departamento,13.955268223927703
La Florida,"La Florida, Froilán Roa",400000.0,1.0,1.0,33.0,1.0,27/06/2026,123135795,https://chilepropiedades.cl/ver-publicacion/arriendo-mensual/la-florida/departamento/froilan-roa/123135795,arriendo-mensual,departamento,9.793170683458037
La Florida,"La Florida, Pudeto 6900",550000.0,1.0,1.0,33.41,,27/06/2026,123133366,https://chilepropiedades.cl/ver-publicacion/arriendo-mensual/la-florida/departamento/pudeto-6900/123133366,arriendo-mensual,departamento,13.465609689754801
La Florida,"La Florida, Conectividad total en un entorno vibrante (172634)",380000.0,1.0,1.0,35.0,1.0,27/06/2026,123127869,https://chilepropiedades.cl/ver-publicacion/arriendo-mensual/la-florida/departamento/conectividad-total-en-un-entorno-vibrante-172634/123127869,arriendo-mensual,departamento,9.303512149285135
La Florida,"La Florida, Dpto 1 dormitorio Metro Macul.,La florida. (76642)",300000.0,1.0,1.0,30.0,,26/06/2026,70465397,https://chilepropiedades.cl/ver-publicacion/arriendo-mensual/la-florida/departamento/dpto-1-dormitorio-metro-macul-la-florida-76642/70465397,arriendo-mensual,departamento,7.344878012593528
La Florida,"La Florida, Calle Santa Victoria",480000.0,2.0,2.0,59.0,,26/06/2026,96947684,https://chilepropiedades.cl/ver-publicacion/arriendo-mensual/la-florida/departamento/calle-santa-victoria/96947684,arriendo-mensual,departamento,11.751804820149644
La Florida,"La Florida, Metro bellavista de la florida",360000.0,1.0,1.0,39.0,,26/06/2026,123023406,https://chilepropiedades.cl/ver-publicacion/arriendo-mensual/la-florida/departamento/metro-bellavista-de-la-florida/123023406,arriendo-mensual,departamento,8.813853615112233
La Florida,"La Florida, Metro mirador",450000.0,2.0,1.0,66.0,,26/06/2026,123018563,https://chilepropiedades.cl/ver-publicacion/arriendo-mensual/la-florida/departamento/metro-mirador/123018563,arriendo-mensual,departamento,11.017317018890292
La Florida,"La Florida, San jorge con av. La florida",450000.0,2.0,2.0,61.0,,26/06/2026,123017939,https://chilepropiedades.cl/ver-publicacion/arriendo-mensual/la-florida/departamento/san-jorge-con-av-la-florida/123017939,arriendo-mensual,departamento,11.017317018890292
La Florida,"La Florida, Zona Privilegiada (171765)",530000.0,2.0,1.0,,1.0,25/06/2026,122993730,https://chilepropiedades.cl/ver-publicacion/arriendo-mensual/la-florida/departamento/zona-privilegiada-171765/122993730,arriendo-mensual,departamento,12.9759511555819
La Florida,"La Florida, Oferta 2 meses / 2dor/2bañ/1est-lado metro (172040)",490000.0,2.0,2.0,46.0,1.0,25/06/2026,122957175,https://chilepropiedades.cl/ver-publicacion/arriendo-mensual/la-florida/departamento/oferta-2-meses-2dor-2ban-1est-lado-metro-172040/122957175,arriendo-mensual,departamento,11.996634087236096
La Florida,"La Florida, Vicuña Mackenna",266000.0,1.0,1.0,35.0,,25/06/2026,122955983,https://chilepropiedades.cl/ver-publicacion/arriendo-mensual/la-florida/departamento/vicuna-mackenna/122955983,arriendo-mensual,departamento,6.512458504499595
La Florida,"La Florida, Vicuña Mackenna",266000.0,1.0,1.0,32.0,,25/06/2026,122955967,https://chilepropiedades.cl/ver-publicacion/arriendo-mensual/la-florida/departamento/vicuna-mackenna/122955967,arriendo-mensual,departamento,6.512458504499595
La Florida,"La Florida, Las acacias 7800",335000.0,1.0,1.0,42.0,,24/06/2026,122852005,https://chilepropiedades.cl/ver-publicacion/arriendo-mensual/la-florida/departamento/las-acacias-7800/122852005,arriendo-mensual,departamento,8.201780447396105
La Florida,"La Florida, Lía Aguirre",340000.0,1.0,1.0,,,24/06/2026,122687227,https://chilepropiedades.cl/ver-publicacion/arriendo-mensual/la-florida/departamento/lia-aguirre/122687227,arriendo-mensual,departamento,8.324195080939331
La Florida,"La Florida, Gerónimo de Alderete 396",390000.0,1.0,1.0,38.0,,24/06/2026,122843416,https://chilepropiedades.cl/ver-publicacion/arriendo-mensual/la-florida/departamento/geronimo-de-alderete-396/122843416,arriendo-mensual,departamento,9.548341416371587
La Florida,"La Florida, Froilán Lagos Sepúlveda",385000.0,2.0,2.0,55.0,1.0,24/06/2026,122835430,https://chilepropiedades.cl/ver-publicacion/arriendo-mensual/la-florida/departamento/froilan-lagos-sepulveda/122835430,arriendo-mensual,departamento,9.42592678282836
La Florida,"La Florida, Froilán Lagos Sepúlveda",250000.0,2.0,2.0,56.0,1.0,24/06/2026,122835061,https://chilepropiedades.cl/ver-publicacion/arriendo-mensual/la-florida/departamento/froilan-lagos-sepulveda/122835061,arriendo-mensual,departamento,6.120731677161273
La Florida,"La Florida, Avenida Vicuña Mackenna Poniente",185000.0,1.0,1.0,35.0,,24/06/2026,122834988,https://chilepropiedades.cl/ver-publicacion/arriendo-mensual/la-florida/departamento/avenida-vicuna-mackenna-poniente/122834988,arriendo-mensual,departamento,4.5293414410993424
La Florida,"La Florida, Avenida Américo Vespucio 6630, La Florida, Santiago Metropolitan Region 8240000, Chile",420000.0,1.0,1.0,31.0,1.0,24/06/2026,122823614,https://chilepropiedades.cl/ver-publicacion/arriendo-mensual/la-florida/departamento/avenida-americo-vespucio-6630-la-florida-santiago-metropolitan-region-8240000-chile/122823614,arriendo-mensual,departamento,10.282829217630939
La Florida,"La Florida, Avenida Vicuña Mackenna Poniente 6896, La Florida, Santiago Metropolitan Region 8240000, Chile",350000.0,1.0,1.0,33.0,,24/06/2026,122823517,https://chilepropiedades.cl/ver-publicacion/arriendo-mensual/la-florida/departamento/avenida-vicuna-mackenna-poniente-6896-la-florida-santiago-metropolitan-region-8240000-chile/122823517,arriendo-mensual,departamento,8.569024348025783
La Florida,"La Florida, A pasos de metro mirador y mall cenco florida",550000.0,2.0,2.0,50.0,1.0,24/06/2026,122820068,https://chilepropiedades.cl/ver-publicacion/arriendo-mensual/la-florida/departamento/a-pasos-de-metro-mirador-y-mall-cenco-florida/122820068,arriendo-mensual,departamento,13.465609689754801
La Florida,"La Florida, Lia Aguirre 155",360000.0,1.0,1.0,30.0,,24/06/2026,57958122,https://chilepropiedades.cl/ver-publicacion/arriendo-mensual/la-florida/departamento/lia-aguirre-155/57958122,arriendo-mensual,departamento,8.813853615112233
La Florida,"La Florida, Vicente Valdés 87",650000.0,3.0,2.0,80.0,1.0,23/06/2026,118073211,https://chilepropiedades.cl/ver-publicacion/arriendo-mensual/la-florida/departamento/vicente-valdes-87/118073211,arriendo-mensual,departamento,15.91390236061931
La Florida,"La Florida, Bellavista 7150",499000.0,2.0,1.0,45.0,,21/06/2026,122594427,https://chilepropiedades.cl/ver-publicacion/arriendo-mensual/la-florida/departamento/bellavista-7150/122594427,arriendo-mensual,departamento,12.216980427613901
La Florida,"La Florida, Av. La Florida con San Jorge",340000.0,1.0,1.0,37.0,,21/06/2026,35811077,https://chilepropiedades.cl/ver-publicacion/arriendo-mensual/la-florida/departamento/av-la-florida-con-san-jorge/35811077,arriendo-mensual,departamento,8.324195080939331
La Florida,"La Florida, Serafin Zamora 22",370000.0,1.0,1.0,35.0,,20/06/2026,68064934,https://chilepropiedades.cl/ver-publicacion/arriendo-mensual/la-florida/departamento/serafin-zamora-22/68064934,arriendo-mensual,departamento,9.058682882198685
La Florida,"La Florida, Nueva Uno 6476, La Florida, Región Metropolitana de Santiago 8240000, Chile",280000.0,1.0,1.0,40.0,,20/06/2026,122528579,https://chilepropiedades.cl/ver-publicacion/arriendo-mensual/la-florida/departamento/nueva-uno-6476-la-florida-region-metropolitana-de-santiago-8240000-chile/122528579,arriendo-mensual,departamento,6.855219478420626
La Florida,"La Florida, Departamento en La Florida (2D+2B) (171470)",480000.0,2.0,2.0,51.0,1.0,20/06/2026,122505241,https://chilepropiedades.cl/ver-publicacion/arriendo-mensual/la-florida/departamento/departamento-en-la-florida-2d-2b-171470/122505241,arriendo-mensual,departamento,11.751804820149644
La Florida,"La Florida, Avenida Trinidad Oriente 1533, La Florida, Región Metropolitana de Santiago 8240000, Chile",400000.0,1.0,1.0,30.0,,20/06/2026,122492022,https://chilepropiedades.cl/ver-publicacion/arriendo-mensual/la-florida/departamento/avenida-trinidad-oriente-1533-la-florida-region-metropolitana-de-santiago-8240000-chile/122492022,arriendo-mensual,departamento,9.793170683458037
La Florida,"La Florida, La Concepción, La Florida, Región Metropolitana de Santiago 8240000, Chile",400000.0,1.0,1.0,40.0,,20/06/2026,122485178,https://chilepropiedades.cl/ver-publicacion/arriendo-mensual/la-florida/departamento/la-concepcion-la-florida-region-metropolitana-de-santiago-8240000-chile/122485178,arriendo-mensual,departamento,9.793170683458037
La Florida,"La Florida, Departamento en arriendo / lo caña alto macul (167687)",630000.0,1.0,1.0,55.0,1.0,20/06/2026,122480523,https://chilepropiedades.cl/ver-publicacion/arriendo-mensual/la-florida/departamento/departamento-en-arriendo-lo-cana-alto-macul-167687/122480523,arriendo-mensual,departamento,15.424243826446409
La Florida,"La Florida, Arriendo departamento 1 ambiente (171180)",430000.0,1.0,1.0,54.0,1.0,20/06/2026,122480204,https://chilepropiedades.cl/ver-publicacion/arriendo-mensual/la-florida/departamento/arriendo-departamento-1-ambiente-171180/122480204,arriendo-mensual,departamento,10.52765848471739
La Florida,"La Florida, Vicuña makenna con américo vespucio",380000.0,1.0,1.0,40.0,,19/06/2026,122418393,https://chilepropiedades.cl/ver-publicacion/arriendo-mensual/la-florida/departamento/vicuna-makenna-con-americo-vespucio/122418393,arriendo-mensual,departamento,9.303512149285135
La Florida,"La Florida, Mirador Azul",700000.0,2.0,2.0,69.0,1.0,18/06/2026,122226533,https://chilepropiedades.cl/ver-publicacion/arriendo-mensual/la-florida/departamento/mirador-azul/122226533,arriendo-mensual,departamento,17.138048696051566
La Florida,"La Florida, Vicuña Mackenna",245000.0,1.0,1.0,35.0,,18/06/2026,122226399,https://chilepropiedades.cl/ver-publicacion/arriendo-mensual/la-florida/departamento/vicuna-mackenna/122226399,arriendo-mensual,departamento,5.998317043618048
La Florida,"La Florida, Vicuña Mackenna",245000.0,1.0,1.0,35.0,,18/06/2026,122226372,https://chilepropiedades.cl/ver-publicacion/arriendo-mensual/la-florida/departamento/vicuna-mackenna/122226372,arriendo-mensual,departamento,5.998317043618048
La Florida,"La Florida, Froilan roa con av departamental",340000.0,1.0,1.0,28.0,,18/06/2026,122225896,https://chilepropiedades.cl/ver-publicacion/arriendo-mensual/la-florida/departamento/froilan-roa-con-av-departamental/122225896,arriendo-mensual,departamento,8.324195080939331
La Florida,"La Florida, Lago pirihueico",315000.0,1.0,1.0,40.0,,18/06/2026,122225362,https://chilepropiedades.cl/ver-publicacion/arriendo-mensual/la-florida/departamento/lago-pirihueico/122225362,arriendo-mensual,departamento,7.712121913223204
La Florida,"La Florida, Av. La Florida 10269",540000.0,3.0,1.0,64.0,1.0,17/06/2026,122187486,https://chilepropiedades.cl/ver-publicacion/arriendo-mensual/la-florida/departamento/av-la-florida-10269/122187486,arriendo-mensual,departamento,13.22078042266835
La Florida,"La Florida, 2D Excelente estado (6377)",390000.0,2.0,1.0,38.0,,17/06/2026,122109068,https://chilepropiedades.cl/ver-publicacion/arriendo-mensual/la-florida/departamento/2d-excelente-estado-6377/122109068,arriendo-mensual,departamento,9.548341416371587
La Florida,"La Florida, Departamento arriendo 1d/1b. Calle nueva, la florida",340000.0,1.0,1.0,37.0,,17/06/2026,122103986,https://chilepropiedades.cl/ver-publicacion/arriendo-mensual/la-florida/departamento/departamento-arriendo-1d-1b-calle-nueva-la-florida/122103986,arriendo-mensual,departamento,8.324195080939331
La Florida,"La Florida, Colombia con vicente valdés",570000.0,3.0,2.0,70.0,1.0,17/06/2026,122101263,https://chilepropiedades.cl/ver-publicacion/arriendo-mensual/la-florida/departamento/colombia-con-vicente-valdes/122101263,arriendo-mensual,departamento,13.955268223927703
La Florida,"La Florida, 2 dorm Est-Bg hospital de La Florida (11992)",450000.0,2.0,1.0,36.0,1.0,16/06/2026,76175201,https://chilepropiedades.cl/ver-publicacion/arriendo-mensual/la-florida/departamento/2-dorm-est-bg-hospital-de-la-florida-11992/76175201,arriendo-mensual,departamento,11.017317018890292
La Florida,"La Florida, Cerca al Mall | Semi-nuevo | Petfriendly (161439)",300000.0,1.0,1.0,36.0,,16/06/2026,117261703,https://chilepropiedades.cl/ver-publicacion/arriendo-mensual/la-florida/departamento/cerca-al-mall-semi-nuevo-petfriendly-161439/117261703,arriendo-mensual,departamento,7.344878012593528
La Florida,"La Florida, Mirador Azul 475",550000.0,2.0,2.0,47.0,1.0,16/06/2026,121989618,https://chilepropiedades.cl/ver-publicacion/arriendo-mensual/la-florida/departamento/mirador-azul-475/121989618,arriendo-mensual,departamento,13.465609689754801
La Florida,"La Florida, Calle Pudeto 6908",530000.0,2.0,2.0,52.0,1.0,15/06/2026,120828061,https://chilepropiedades.cl/ver-publicacion/arriendo-mensual/la-florida/departamento/calle-pudeto-6908/120828061,arriendo-mensual,departamento,12.9759511555819
La Florida,"La Florida, Av la florida - j miguel carrera c estacionam (170259)",510000.0,3.0,2.0,60.0,1.0,14/06/2026,121800329,https://chilepropiedades.cl/ver-publicacion/arriendo-mensual/la-florida/departamento/av-la-florida-j-miguel-carrera-c-estacionam-170259/121800329,arriendo-mensual,departamento,12.486292621408998
La Florida,"La Florida, Frente hospital la florida",550000.0,2.0,2.0,52.0,1.0,13/06/2026,121728523,https://chilepropiedades.cl/ver-publicacion/arriendo-mensual/la-florida/departamento/frente-hospital-la-florida/121728523,arriendo-mensual,departamento,13.465609689754801
La Florida,"La Florida, Froilán Lagos Sepúlveda 1500",380000.0,2.0,1.0,46.0,,13/06/2026,121657296,https://chilepropiedades.cl/ver-publicacion/arriendo-mensual/la-florida/departamento/froilan-lagos-sepulveda-1500/121657296,arriendo-mensual,departamento,9.303512149285135
La Florida,"La Florida, Colombia 8756",530000.0,2.0,2.0,59.0,,12/06/2026,117071011,https://chilepropiedades.cl/ver-publicacion/arriendo-mensual/la-florida/departamento/colombia-8756/117071011,arriendo-mensual,departamento,12.9759511555819
La Florida,"La Florida, Av. La Florida 9423",470000.0,2.0,2.0,62.0,,12/06/2026,75034754,https://chilepropiedades.cl/ver-publicacion/arriendo-mensual/la-florida/departamento/av-la-florida-9423/75034754,arriendo-mensual,departamento,11.506975553063194
La Florida,"La Florida, Avenida La Florida 9423",470000.0,2.0,2.0,62.0,,12/06/2026,75069873,https://chilepropiedades.cl/ver-publicacion/arriendo-mensual/la-florida/departamento/avenida-la-florida-9423/75069873,arriendo-mensual,departamento,11.506975553063194
La Florida,"La Florida, Avenida La Florida",470000.0,2.0,2.0,62.0,,12/06/2026,118520084,https://chilepropiedades.cl/ver-publicacion/arriendo-mensual/la-florida/departamento/avenida-la-florida/118520084,arriendo-mensual,departamento,11.506975553063194
La Florida,"La Florida, Departamento 2D+2B+1E+Bod. (169072)",600000.0,2.0,2.0,60.0,1.0,12/06/2026,121544380,https://chilepropiedades.cl/ver-publicacion/arriendo-mensual/la-florida/departamento/departamento-2d-2b-1e-bod-169072/121544380,arriendo-mensual,departamento,14.689756025187055
La Florida,"La Florida, Departamento a Pasos Metro Bellavista (169706)",750000.0,3.0,2.0,88.0,1.0,12/06/2026,121511666,https://chilepropiedades.cl/ver-publicacion/arriendo-mensual/la-florida/departamento/departamento-a-pasos-metro-bellavista-169706/121511666,arriendo-mensual,departamento,18.362195031483818
La Florida,"La Florida, Metro rojas magallanes",430000.0,2.0,1.0,49.0,1.0,12/06/2026,121508298,https://chilepropiedades.cl/ver-publicacion/arriendo-mensual/la-florida/departamento/metro-rojas-magallanes/121508298,arriendo-mensual,departamento,10.52765848471739
La Florida,"La Florida, Mirador del parque",440000.0,2.0,2.0,42.0,1.0,12/06/2026,63702969,https://chilepropiedades.cl/ver-publicacion/arriendo-mensual/la-florida/departamento/mirador-del-parque/63702969,arriendo-mensual,departamento,10.77248775180384
La Florida,"La Florida, Andalién 7270",450000.0,2.0,2.0,80.0,1.0,11/06/2026,112749752,https://chilepropiedades.cl/ver-publicacion/arriendo-mensual/la-florida/departamento/andalien-7270/112749752,arriendo-mensual,departamento,11.017317018890292
La Florida,"La Florida, Remodelado depto 2D/1B Salida Metro Santa Julia (168244)",390000.0,2.0,1.0,45.0,,11/06/2026,121470126,https://chilepropiedades.cl/ver-publicacion/arriendo-mensual/la-florida/departamento/remodelado-depto-2d-1b-salida-metro-santa-julia-168244/121470126,arriendo-mensual,departamento,9.548341416371587
La Florida,"La Florida, Amplio depto con patio 3d/2b",920000.0,3.0,2.0,105.0,,11/06/2026,101949418,https://chilepropiedades.cl/ver-publicacion/arriendo-mensual/la-florida/departamento/amplio-depto-con-patio-3d-2b/101949418,arriendo-mensual,departamento,22.524292571953485
La Florida,"La Florida, Bellavista",182500.0,1.0,1.0,34.0,,10/06/2026,95737099,https://chilepropiedades.cl/ver-publicacion/arriendo-mensual/la-florida/departamento/bellavista/95737099,arriendo-mensual,departamento,4.4681341243277295
La Florida,"La Florida, Paso El Roble 50",370000.0,1.0,1.0,37.0,,10/06/2026,121324663,https://chilepropiedades.cl/ver-publicacion/arriendo-mensual/la-florida/departamento/paso-el-roble-50/121324663,arriendo-mensual,departamento,9.058682882198685
La Florida,"La Florida, Walker Martínez",580000.0,3.0,2.0,70.0,1.0,10/06/2026,57728528,https://chilepropiedades.cl/ver-publicacion/arriendo-mensual/la-florida/departamento/walker-martinez/57728528,arriendo-mensual,departamento,14.200097491014153
La Florida,"La Florida, Los Maitenes - Vicuña Mackenna",400000.0,1.0,1.0,29.0,,09/06/2026,121209761,https://chilepropiedades.cl/ver-publicacion/arriendo-mensual/la-florida/departamento/los-maitenes-vicuna-mackenna/121209761,arriendo-mensual,departamento,9.793170683458037
La Florida,"La Florida, Vicuña mackenna 8833",470000.0,2.0,2.0,65.0,1.0,09/06/2026,121197088,https://chilepropiedades.cl/ver-publicacion/arriendo-mensual/la-florida/departamento/vicuna-mackenna-8833/121197088,arriendo-mensual,departamento,11.506975553063194
La Florida,"La Florida, Froilán Roa",400000.0,1.0,1.0,36.0,,09/06/2026,71563868,https://chilepropiedades.cl/ver-publicacion/arriendo-mensual/la-florida/departamento/froilan-roa/71563868,arriendo-mensual,departamento,9.793170683458037
La Florida,"La Florida, Av la florida con Walker Martinez",580000.0,3.0,2.0,72.0,2.0,08/06/2026,121104550,https://chilepropiedades.cl/ver-publicacion/arriendo-mensual/la-florida/departamento/av-la-florida-con-walker-martinez/121104550,arriendo-mensual,departamento,14.200097491014153
La Florida,"La Florida, Espacioso Depto con excelente conectividad (168998)",500000.0,2.0,1.0,70.0,1.0,08/06/2026,121080671,https://chilepropiedades.cl/ver-publicacion/arriendo-mensual/la-florida/departamento/espacioso-depto-con-excelente-conectividad-168998/121080671,arriendo-mensual,departamento,12.241463354322546
La Florida,"La Florida, Walker Martínez",350000.0,1.0,1.0,35.0,1.0,08/06/2026,59906004,https://chilepropiedades.cl/ver-publicacion/arriendo-mensual/la-florida/departamento/walker-martinez/59906004,arriendo-mensual,departamento,8.569024348025783
La Florida,"La Florida, Cercano a colombia con gerónimo de alderete",490000.0,3.0,2.0,70.0,1.0,06/06/2026,120925091,https://chilepropiedades.cl/ver-publicacion/arriendo-mensual/la-florida/departamento/cercano-a-colombia-con-geronimo-de-alderete/120925091,arriendo-mensual,departamento,11.996634087236096
La Florida,"La Florida, Avenida Vicuña Mackenna Poniente",175000.0,1.0,1.0,36.0,,06/06/2026,120904271,https://chilepropiedades.cl/ver-publicacion/arriendo-mensual/la-florida/departamento/avenida-vicuna-mackenna-poniente/120904271,arriendo-mensual,departamento,4.2845121740128915
La Florida,"La Florida, Vicuña Mackenna",175000.0,1.0,1.0,36.0,,06/06/2026,120904244,https://chilepropiedades.cl/ver-publicacion/arriendo-mensual/la-florida/departamento/vicuna-mackenna/120904244,arriendo-mensual,departamento,4.2845121740128915
La Florida,"La Florida, Cercano a mall plaza vespucio, florida center",400000.0,2.0,1.0,45.0,,05/06/2026,120829394,https://chilepropiedades.cl/ver-publicacion/arriendo-mensual/la-florida/departamento/cercano-a-mall-plaza-vespucio-florida-center/120829394,arriendo-mensual,departamento,9.793170683458037
La Florida,"La Florida, Depto vista despejada Metro Florida Center (168488)",500000.0,2.0,2.0,63.0,1.0,05/06/2026,120829277,https://chilepropiedades.cl/ver-publicacion/arriendo-mensual/la-florida/departamento/depto-vista-despejada-metro-florida-center-168488/120829277,arriendo-mensual,departamento,12.241463354322546
La Florida,"La Florida, Froilán Lagos 1360",325000.0,1.0,1.0,27.0,,05/06/2026,120827175,https://chilepropiedades.cl/ver-publicacion/arriendo-mensual/la-florida/departamento/froilan-lagos-1360/120827175,arriendo-mensual,departamento,7.956951180309655
La Florida,"La Florida, Arrienda dpto nuevo 2d2b, est y bod, amoblado (168436)",500000.0,2.0,2.0,62.0,1.0,05/06/2026,120809708,https://chilepropiedades.cl/ver-publicacion/arriendo-mensual/la-florida/departamento/arrienda-dpto-nuevo-2d2b-est-y-bod-amoblado-168436/120809708,arriendo-mensual,departamento,12.241463354322546
La Florida,"La Florida, Metro macul",520000.0,,2.0,55.0,,04/06/2026,120731005,https://chilepropiedades.cl/ver-publicacion/arriendo-mensual/la-florida/departamento/metro-macul/120731005,arriendo-mensual,departamento,12.731121888495448
La Florida,"La Florida, Arrienda tu dpto nuevo 1d1b, est y bodega (168217)",400000.0,1.0,1.0,38.0,1.0,04/06/2026,120674529,https://chilepropiedades.cl/ver-publicacion/arriendo-mensual/la-florida/departamento/arrienda-tu-dpto-nuevo-1d1b-est-y-bodega-168217/120674529,arriendo-mensual,departamento,9.793170683458037
La Florida,"La Florida, Lía Aguirre",290000.0,1.0,1.0,35.0,,04/06/2026,77445911,https://chilepropiedades.cl/ver-publicacion/arriendo-mensual/la-florida/departamento/lia-aguirre/77445911,arriendo-mensual,departamento,7.100048745507077
La Florida,"La Florida, Arrienda dpto Nuevo, 1D1B sin est ni bod (168019)",300000.0,1.0,1.0,34.0,,03/06/2026,120559360,https://chilepropiedades.cl/ver-publicacion/arriendo-mensual/la-florida/departamento/arrienda-dpto-nuevo-1d1b-sin-est-ni-bod-168019/120559360,arriendo-mensual,departamento,7.344878012593528
La Florida,"La Florida, Arrienda tu dpto nuevo 1D1B (168015)",320000.0,1.0,1.0,34.0,,03/06/2026,120559347,https://chilepropiedades.cl/ver-publicacion/arriendo-mensual/la-florida/departamento/arrienda-tu-dpto-nuevo-1d1b-168015/120559347,arriendo-mensual,departamento,7.834536546766429
La Florida,"La Florida, Arrienda home studio nuevo, sin est sin bod (168012)",280000.0,1.0,1.0,34.0,,03/06/2026,120559327,https://chilepropiedades.cl/ver-publicacion/arriendo-mensual/la-florida/departamento/arrienda-home-studio-nuevo-sin-est-sin-bod-168012/120559327,arriendo-mensual,departamento,6.855219478420626
La Florida,"La Florida, La Florida / Santa Ines",575000.0,2.0,2.0,66.0,1.0,02/06/2026,120454738,https://chilepropiedades.cl/ver-publicacion/arriendo-mensual/la-florida/departamento/la-florida-santa-ines/120454738,arriendo-mensual,departamento,14.077682857470927
La Florida,"La Florida, Froilán Lagos Sepúlveda / Froilán Roa",400000.0,1.0,1.0,37.0,1.0,01/06/2026,120387239,https://chilepropiedades.cl/ver-publicacion/arriendo-mensual/la-florida/departamento/froilan-lagos-sepulveda-froilan-roa/120387239,arriendo-mensual,departamento,9.793170683458037
La Florida,"La Florida, Frente al colegio alcantara de la cordillera la florida",530000.0,2.0,2.0,70.0,1.0,01/06/2026,120368263,https://chilepropiedades.cl/ver-publicacion/arriendo-mensual/la-florida/departamento/frente-al-colegio-alcantara-de-la-cordillera-la-florida/120368263,arriendo-mensual,departamento,12.9759511555819
La Florida,"La Florida, Avenida walker martinez 1165",520000.0,2.0,2.0,68.0,1.0,01/06/2026,120368230,https://chilepropiedades.cl/ver-publicacion/arriendo-mensual/la-florida/departamento/avenida-walker-martinez-1165/120368230,arriendo-mensual,departamento,12.731121888495448
La Florida,"La Florida, Arriendo frente a metro rojas magallanes",560000.0,2.0,2.0,56.0,,31/05/2026,120238489,https://chilepropiedades.cl/ver-publicacion/arriendo-mensual/la-florida/departamento/arriendo-frente-a-metro-rojas-magallanes/120238489,arriendo-mensual,departamento,13.710438956841251
La Florida,"La Florida, walker martinez 3350, la florida",600000.0,3.0,2.0,70.0,1.0,30/05/2026,120162454,https://chilepropiedades.cl/ver-publicacion/arriendo-mensual/la-florida/departamento/walker-martinez-3350-la-florida/120162454,arriendo-mensual,departamento,14.689756025187055
La Florida,"La Florida, A pasos del mall plaza vespucio y metro bella vista l5",380000.0,1.0,1.0,39.0,,29/05/2026,111651531,https://chilepropiedades.cl/ver-publicacion/arriendo-mensual/la-florida/departamento/a-pasos-del-mall-plaza-vespucio-y-metro-bella-vista-l5/111651531,arriendo-mensual,departamento,9.303512149285135
La Florida,"La Florida, Trinidad Oriente / Av. Camilo Enriquez",400000.0,1.0,1.0,40.0,,29/05/2026,120041851,https://chilepropiedades.cl/ver-publicacion/arriendo-mensual/la-florida/departamento/trinidad-oriente-av-camilo-enriquez/120041851,arriendo-mensual,departamento,9.793170683458037
La Florida,"La Florida, Santa victoria 9448",470000.0,2.0,2.0,57.0,,29/05/2026,120037302,https://chilepropiedades.cl/ver-publicacion/arriendo-mensual/la-florida/departamento/santa-victoria-9448/120037302,arriendo-mensual,departamento,11.506975553063194
La Florida,"La Florida, La concepcion",700000.0,2.0,2.0,100.0,,28/05/2026,119950887,https://chilepropiedades.cl/ver-publicacion/arriendo-mensual/la-florida/departamento/la-concepcion/119950887,arriendo-mensual,departamento,17.138048696051566
La Florida,"La Florida, Inversión Segura con Gran Conectividad (166361)",430000.0,3.0,1.0,56.0,,27/05/2026,119846574,https://chilepropiedades.cl/ver-publicacion/arriendo-mensual/la-florida/departamento/inversion-segura-con-gran-conectividad-166361/119846574,arriendo-mensual,departamento,10.52765848471739
La Florida,"La Florida, Froilán lagos sepúlveda 1500, edificio tres lagos",460000.0,2.0,1.0,48.0,1.0,27/05/2026,119805673,https://chilepropiedades.cl/ver-publicacion/arriendo-mensual/la-florida/departamento/froilan-lagos-sepulveda-1500-edificio-tres-lagos/119805673,arriendo-mensual,departamento,11.262146285976742
La Florida,"La Florida, Metro bellavista de la florida",326758.32,1.0,1.0,36.23,,26/05/2026,50152008,https://chilepropiedades.cl/ver-publicacion/arriendo-mensual/la-florida/departamento/metro-bellavista-de-la-florida/50152008,arriendo-mensual,departamento,8.0
La Florida,"La Florida, San jorge con av. La florida",490000.0,2.0,2.0,61.0,1.0,26/05/2026,80940880,https://chilepropiedades.cl/ver-publicacion/arriendo-mensual/la-florida/departamento/san-jorge-con-av-la-florida/80940880,arriendo-mensual,departamento,11.996634087236096
La Florida,"La Florida, Walker Martinez 288",490000.0,2.0,2.0,45.0,1.0,26/05/2026,119720106,https://chilepropiedades.cl/ver-publicacion/arriendo-mensual/la-florida/departamento/walker-martinez-288/119720106,arriendo-mensual,departamento,11.996634087236096
La Florida,"La Florida, Av. La florida",520000.0,3.0,1.0,,1.0,25/05/2026,118016021,https://chilepropiedades.cl/ver-publicacion/arriendo-mensual/la-florida/departamento/av-la-florida/118016021,arriendo-mensual,departamento,12.731121888495448
La Florida,"La Florida, Pasaje Llanquihue",350000.0,1.0,1.0,47.0,,23/05/2026,119406056,https://chilepropiedades.cl/ver-publicacion/arriendo-mensual/la-florida/departamento/pasaje-llanquihue/119406056,arriendo-mensual,departamento,8.569024348025783
La Florida,"La Florida, Walker Martínez 1100",480000.0,2.0,2.0,54.0,1.0,22/05/2026,36126615,https://chilepropiedades.cl/ver-publicacion/arriendo-mensual/la-florida/departamento/walker-martinez-1100/36126615,arriendo-mensual,departamento,11.751804820149644
La Florida,"La Florida, Av. Vicuña Mackenna Poniente 7244",300000.0,1.0,1.0,28.0,,21/05/2026,119208773,https://chilepropiedades.cl/ver-publicacion/arriendo-mensual/la-florida/departamento/av-vicuna-mackenna-poniente-7244/119208773,arriendo-mensual,departamento,7.344878012593528
La Florida,"La Florida, Avenida Vicuña Mackenna",530000.0,2.0,2.0,62.0,,21/05/2026,82313262,https://chilepropiedades.cl/ver-publicacion/arriendo-mensual/la-florida/departamento/avenida-vicuna-mackenna/82313262,arriendo-mensual,departamento,12.9759511555819
La Florida,"La Florida, Vicuña Mackenna Poniente 6689",429000.0,1.0,1.0,35.0,,20/05/2026,119119548,https://chilepropiedades.cl/ver-publicacion/arriendo-mensual/la-florida/departamento/vicuna-mackenna-poniente-6689/119119548,arriendo-mensual,departamento,10.503175558008744
La Florida,"La Florida, Vicuña Mackenna Poniente 6689",429000.0,1.0,1.0,35.0,,20/05/2026,119119520,https://chilepropiedades.cl/ver-publicacion/arriendo-mensual/la-florida/departamento/vicuna-mackenna-poniente-6689/119119520,arriendo-mensual,departamento,10.503175558008744
La Florida,"La Florida, Parque brasil",520000.0,3.0,2.0,62.0,,20/05/2026,119094057,https://chilepropiedades.cl/ver-publicacion/arriendo-mensual/la-florida/departamento/parque-brasil/119094057,arriendo-mensual,departamento,12.731121888495448
La Florida,"La Florida, Froilán Roa",380000.0,1.0,1.0,33.0,,19/05/2026,119020024,https://chilepropiedades.cl/ver-publicacion/arriendo-mensual/la-florida/departamento/froilan-roa/119020024,arriendo-mensual,departamento,9.303512149285135
La Florida,"La Florida, Lía Aguirre 155",490000.0,2.0,1.0,,,18/05/2026,115351420,https://chilepropiedades.cl/ver-publicacion/arriendo-mensual/la-florida/departamento/lia-aguirre-155/115351420,arriendo-mensual,departamento,11.996634087236096
La Florida,"La Florida, Froilán Roa",250000.0,2.0,2.0,57.0,1.0,18/05/2026,115900374,https://chilepropiedades.cl/ver-publicacion/arriendo-mensual/la-florida/departamento/froilan-roa/115900374,arriendo-mensual,departamento,6.120731677161273
La Florida,"La Florida, Av,.Vicuña Mackenna Poniente/Millaray",610000.0,2.0,2.0,52.73,1.0,18/05/2026,118902476,https://chilepropiedades.cl/ver-publicacion/arriendo-mensual/la-florida/departamento/av-vicuna-mackenna-poniente-millaray/118902476,arriendo-mensual,departamento,14.934585292273507
La Florida,"La Florida, Walker martinez 1165 dpto nuevo estilo mariposa",520000.0,2.0,2.0,66.0,1.0,18/05/2026,118893823,https://chilepropiedades.cl/ver-publicacion/arriendo-mensual/la-florida/departamento/walker-martinez-1165-dpto-nuevo-estilo-mariposa/118893823,arriendo-mensual,departamento,12.731121888495448
La Florida,"La Florida, Froilán Roa",360000.0,1.0,1.0,35.0,,16/05/2026,79930127,https://chilepropiedades.cl/ver-publicacion/arriendo-mensual/la-florida/departamento/froilan-roa/79930127,arriendo-mensual,departamento,8.813853615112233
La Florida,"La Florida, Froilán Lagos Sepúlveda",295000.0,2.0,2.0,54.0,1.0,16/05/2026,118753205,https://chilepropiedades.cl/ver-publicacion/arriendo-mensual/la-florida/departamento/froilan-lagos-sepulveda/118753205,arriendo-mensual,departamento,7.222463379050303
La Florida,"La Florida, Las Acacias",330000.0,1.0,1.0,43.0,,15/05/2026,17415926,https://chilepropiedades.cl/ver-publicacion/arriendo-mensual/la-florida/departamento/las-acacias/17415926,arriendo-mensual,departamento,8.079365813852881
La Florida,"La Florida, Avenida Vicuña Mackenna",370000.0,1.0,1.0,34.0,,13/05/2026,118412327,https://chilepropiedades.cl/ver-publicacion/arriendo-mensual/la-florida/departamento/avenida-vicuna-mackenna/118412327,arriendo-mensual,departamento,9.058682882198685
La Florida,"La Florida, Arriendo depto 1 dorm 1 baño estacionamiento (104465)",430000.0,1.0,1.0,54.0,1.0,09/05/2026,87326787,https://chilepropiedades.cl/ver-publicacion/arriendo-mensual/la-florida/departamento/arriendo-depto-1-dorm-1-bano-estacionamiento-104465/87326787,arriendo-mensual,departamento,10.52765848471739
La Florida,"La Florida, El Blanco 58",310000.0,,1.0,,,09/05/2026,118056960,https://chilepropiedades.cl/ver-publicacion/arriendo-mensual/la-florida/departamento/el-blanco-58/118056960,arriendo-mensual,departamento,7.5897072796799785
La Florida,"La Florida, Froilán Roa",510000.0,1.0,1.0,45.0,1.0,09/05/2026,118055690,https://chilepropiedades.cl/ver-publicacion/arriendo-mensual/la-florida/departamento/froilan-roa/118055690,arriendo-mensual,departamento,12.486292621408998
La Florida,"La Florida, Espectacular Depto. amoblado, ubic. estratég. (163039)",600000.0,2.0,1.0,38.0,1.0,09/05/2026,118027483,https://chilepropiedades.cl/ver-publicacion/arriendo-mensual/la-florida/departamento/espectacular-depto-amoblado-ubic-estrateg-163039/118027483,arriendo-mensual,departamento,14.689756025187055
La Florida,"La Florida, Av. Vicuña Mackenna 5862",450000.0,3.0,2.0,65.0,1.0,08/05/2026,14800161,https://chilepropiedades.cl/ver-publicacion/arriendo-mensual/la-florida/departamento/av-vicuna-mackenna-5862/14800161,arriendo-mensual,departamento,11.017317018890292
La Florida,"La Florida, Metro bellavista de la florida",408447.9,2.0,2.0,45.0,,08/05/2026,85174882,https://chilepropiedades.cl/ver-publicacion/arriendo-mensual/la-florida/departamento/metro-bellavista-de-la-florida/85174882,arriendo-mensual,departamento,10.0
La Florida,"La Florida, Metro rojas magallanes",600000.0,3.0,2.0,70.0,,05/05/2026,116786658,https://chilepropiedades.cl/ver-publicacion/arriendo-mensual/la-florida/departamento/metro-rojas-magallanes/116786658,arriendo-mensual,departamento,14.689756025187055
La Florida,"La Florida, Walker martínez 980",320000.0,2.0,1.0,48.0,,05/05/2026,117719993,https://chilepropiedades.cl/ver-publicacion/arriendo-mensual/la-florida/departamento/walker-martinez-980/117719993,arriendo-mensual,departamento,7.834536546766429
La Florida,"La Florida, Inglaterra",360000.0,1.0,1.0,36.0,,05/05/2026,64301178,https://chilepropiedades.cl/ver-publicacion/arriendo-mensual/la-florida/departamento/inglaterra/64301178,arriendo-mensual,departamento,8.813853615112233
La Florida,"La Florida, Vicuña mackenna esq. Millalongo",400000.0,1.0,1.0,32.0,,04/05/2026,61064136,https://chilepropiedades.cl/ver-publicacion/arriendo-mensual/la-florida/departamento/vicuna-mackenna-esq-millalongo/61064136,arriendo-mensual,departamento,9.793170683458037
La Florida,"La Florida, Arriendo DP excelente ubicación/conectividad (161129)",390000.0,1.0,1.0,34.0,,30/04/2026,117360543,https://chilepropiedades.cl/ver-publicacion/arriendo-mensual/la-florida/departamento/arriendo-dp-excelente-ubicacion-conectividad-161129/117360543,arriendo-mensual,departamento,9.548341416371587
La Florida,"La Florida, Garantia 2 cuotas | Amoblado | +3 meses (161444)",300000.0,1.0,1.0,36.0,,30/04/2026,117261720,https://chilepropiedades.cl/ver-publicacion/arriendo-mensual/la-florida/departamento/garantia-2-cuotas-amoblado-3-meses-161444/117261720,arriendo-mensual,departamento,7.344878012593528
La Florida,"La Florida, Metro mirador, arriendo 1d moderno depto (161410)",360000.0,1.0,1.0,35.0,,30/04/2026,117259337,https://chilepropiedades.cl/ver-publicacion/arriendo-mensual/la-florida/departamento/metro-mirador-arriendo-1d-moderno-depto-161410/117259337,arriendo-mensual,departamento,8.813853615112233
La Florida,"La Florida, Calle nueva",600000.0,2.0,2.0,69.0,,25/04/2026,116798035,https://chilepropiedades.cl/ver-publicacion/arriendo-mensual/la-florida/departamento/calle-nueva/116798035,arriendo-mensual,departamento,14.689756025187055
La Florida,"La Florida, El Blanco 58",300000.0,,1.0,,,24/04/2026,72587430,https://chilepropiedades.cl/ver-publicacion/arriendo-mensual/la-florida/departamento/el-blanco-58/72587430,arriendo-mensual,departamento,7.344878012593528
La Florida,"La Florida, Depto 1D+1B La Florida | Vista Oriente Piso 19 (159969)",380000.0,1.0,1.0,30.0,,24/04/2026,116580573,https://chilepropiedades.cl/ver-publicacion/arriendo-mensual/la-florida/departamento/depto-1d-1b-la-florida-vista-oriente-piso-19-159969/116580573,arriendo-mensual,departamento,9.303512149285135
La Florida,"La Florida, Se arrienda departamento metro los quillayes (160052)",500000.0,3.0,2.0,,1.0,24/04/2026,116577606,https://chilepropiedades.cl/ver-publicacion/arriendo-mensual/la-florida/departamento/se-arrienda-departamento-metro-los-quillayes-160052/116577606,arriendo-mensual,departamento,12.241463354322546
La Florida,"La Florida, Departamento 2D 2B Estilo Mariposa (159825)",510000.0,2.0,2.0,50.0,,24/04/2026,116574083,https://chilepropiedades.cl/ver-publicacion/arriendo-mensual/la-florida/departamento/departamento-2d-2b-estilo-mariposa-159825/116574083,arriendo-mensual,departamento,12.486292621408998
La Florida,"La Florida, Santa Amalia 3544, La Florida",510000.0,3.0,2.0,70.0,,23/04/2026,116525052,https://chilepropiedades.cl/ver-publicacion/arriendo-mensual/la-florida/departamento/santa-amalia-3544-la-florida/116525052,arriendo-mensual,departamento,12.486292621408998
La Florida,"La Florida, García Hurtado de Mendoza",408447.9,3.0,2.0,75.0,1.0,23/04/2026,111673895,https://chilepropiedades.cl/ver-publicacion/arriendo-mensual/la-florida/departamento/garcia-hurtado-de-mendoza/111673895,arriendo-mensual,departamento,10.0
La Florida,"La Florida, Estación rojas magallanes",600000.0,2.0,2.0,53.0,,22/04/2026,116379218,https://chilepropiedades.cl/ver-publicacion/arriendo-mensual/la-florida/departamento/estacion-rojas-magallanes/116379218,arriendo-mensual,departamento,14.689756025187055
La Florida,"La Florida, 3d /2b / e y b metro rojas magallanes la florida",630000.0,3.0,2.0,78.0,1.0,20/04/2026,29373693,https://chilepropiedades.cl/ver-publicacion/arriendo-mensual/la-florida/departamento/3d-2b-e-y-b-metro-rojas-magallanes-la-florida/29373693,arriendo-mensual,departamento,15.424243826446409
La Florida,"La Florida, Lago Pirihueico/ Mall Plaza Vespucio",380000.0,1.0,1.0,35.0,1.0,18/04/2026,116074171,https://chilepropiedades.cl/ver-publicacion/arriendo-mensual/la-florida/departamento/lago-pirihueico-mall-plaza-vespucio/116074171,arriendo-mensual,departamento,9.303512149285135
La Florida,"La Florida, Depto 1D+1B La Florida | Piscina, Cowork y Gym (122322)",266000.0,1.0,1.0,38.0,,17/04/2026,96273721,https://chilepropiedades.cl/ver-publicacion/arriendo-mensual/la-florida/departamento/depto-1d-1b-la-florida-piscina-cowork-y-gym-122322/96273721,arriendo-mensual,departamento,6.512458504499595
La Florida,"La Florida, Froilán Roa",190000.0,1.0,1.0,39.0,,17/04/2026,115900334,https://chilepropiedades.cl/ver-publicacion/arriendo-mensual/la-florida/departamento/froilan-roa/115900334,arriendo-mensual,departamento,4.6517560746425675
La Florida,"La Florida, Froilán Roa",190000.0,1.0,1.0,57.0,,17/04/2026,115900314,https://chilepropiedades.cl/ver-publicacion/arriendo-mensual/la-florida/departamento/froilan-roa/115900314,arriendo-mensual,departamento,4.6517560746425675
La Florida,"La Florida, Froilán Roa",250000.0,2.0,2.0,57.0,,17/04/2026,115900294,https://chilepropiedades.cl/ver-publicacion/arriendo-mensual/la-florida/departamento/froilan-roa/115900294,arriendo-mensual,departamento,6.120731677161273
La Florida,"La Florida, Serafín Zamora",330000.0,1.0,1.0,30.0,,14/04/2026,79021664,https://chilepropiedades.cl/ver-publicacion/arriendo-mensual/la-florida/departamento/serafin-zamora/79021664,arriendo-mensual,departamento,8.079365813852881
La Florida,"La Florida, Llanquihue 6290",530000.0,2.0,2.0,57.0,1.0,14/04/2026,30837374,https://chilepropiedades.cl/ver-publicacion/arriendo-mensual/la-florida/departamento/llanquihue-6290/30837374,arriendo-mensual,departamento,12.9759511555819
La Florida,"La Florida, Vicuña mackenna - paso el roble",295000.0,1.0,1.0,32.0,,14/04/2026,115579597,https://chilepropiedades.cl/ver-publicacion/arriendo-mensual/la-florida/departamento/vicuna-mackenna-paso-el-roble/115579597,arriendo-mensual,departamento,7.222463379050303
La Florida,"La Florida, Arriendo depto 2D, 2B en Froilán Roa (158138)",580000.0,2.0,2.0,5.284,,14/04/2026,115571875,https://chilepropiedades.cl/ver-publicacion/arriendo-mensual/la-florida/departamento/arriendo-depto-2d-2b-en-froilan-roa-158138/115571875,arriendo-mensual,departamento,14.200097491014153
La Florida,"La Florida, Walker Martínez - Av. La Florida",520000.0,3.0,2.0,72.0,36.0,10/04/2026,61929570,https://chilepropiedades.cl/ver-publicacion/arriendo-mensual/la-florida/departamento/walker-martinez-av-la-florida/61929570,arriendo-mensual,departamento,12.731121888495448
La Florida,"La Florida, Arriendo 2D 2B Con Estc y Bod (157380)",530000.0,2.0,2.0,53.0,1.0,10/04/2026,115193021,https://chilepropiedades.cl/ver-publicacion/arriendo-mensual/la-florida/departamento/arriendo-2d-2b-con-estc-y-bod-157380/115193021,arriendo-mensual,departamento,12.9759511555819
La Florida,"La Florida, Metro Macul",530000.0,3.0,1.0,65.0,,08/04/2026,114959818,https://chilepropiedades.cl/ver-publicacion/arriendo-mensual/la-florida/departamento/metro-macul/114959818,arriendo-mensual,departamento,12.9759511555819
La Florida,"La Florida, Metro Vicente Valdes",350000.0,1.0,1.0,39.0,,02/04/2026,114295720,https://chilepropiedades.cl/ver-publicacion/arriendo-mensual/la-florida/departamento/metro-vicente-valdes/114295720,arriendo-mensual,departamento,8.569024348025783
La Florida,"La Florida, Depto Estudio/ Metro Bellavista (34788)",300000.0,1.0,1.0,32.0,,31/03/2026,42619021,https://chilepropiedades.cl/ver-publicacion/arriendo-mensual/la-florida/departamento/depto-estudio-metro-bellavista-34788/42619021,arriendo-mensual,departamento,7.344878012593528
La Florida,"La Florida, Departamento 2d/2b estilo mariposa (155271)",500000.0,2.0,2.0,50.0,1.0,29/03/2026,113925778,https://chilepropiedades.cl/ver-publicacion/arriendo-mensual/la-florida/departamento/departamento-2d-2b-estilo-mariposa-155271/113925778,arriendo-mensual,departamento,12.241463354322546
La Florida,"La Florida, Walker Martínez",520000.0,2.0,2.0,50.0,1.0,11/03/2026,112176358,https://chilepropiedades.cl/ver-publicacion/arriendo-mensual/la-florida/departamento/walker-martinez/112176358,arriendo-mensual,departamento,12.731121888495448
La Florida,"La Florida, Vicuña Mackenna / Millaray",350000.0,1.0,1.0,33.59,,11/03/2026,112163735,https://chilepropiedades.cl/ver-publicacion/arriendo-mensual/la-florida/departamento/vicuna-mackenna-millaray/112163735,arriendo-mensual,departamento,8.569024348025783
La Florida,"La Florida, Departamento 2D 2B Estilo Mariposa (130838)",580000.0,2.0,2.0,50.0,1.0,10/03/2026,101362230,https://chilepropiedades.cl/ver-publicacion/arriendo-mensual/la-florida/departamento/departamento-2d-2b-estilo-mariposa-130838/101362230,arriendo-mensual,departamento,14.200097491014153
La Florida,"La Florida, Av. La Florida 10397",205000.0,2.0,1.0,44.0,,04/03/2026,111554737,https://chilepropiedades.cl/ver-publicacion/arriendo-mensual/la-florida/departamento/av-la-florida-10397/111554737,arriendo-mensual,departamento,5.018999975272244
La Florida,"La Florida, Arauco",280000.0,1.0,1.0,22.0,,27/02/2026,111128643,https://chilepropiedades.cl/ver-publicacion/arriendo-mensual/la-florida/departamento/arauco/111128643,arriendo-mensual,departamento,6.855219478420626
La Florida,"La Florida, Froilán Roa",304000.0,1.0,1.0,35.0,,26/02/2026,111018565,https://chilepropiedades.cl/ver-publicacion/arriendo-mensual/la-florida/departamento/froilan-roa/111018565,arriendo-mensual,departamento,7.442809719428108
La Florida,"La Florida, Lindo depto en Arriendo (147383)",580000.0,3.0,2.0,72.0,1.0,19/02/2026,110342426,https://chilepropiedades.cl/ver-publicacion/arriendo-mensual/la-florida/departamento/lindo-depto-en-arriendo-147383/110342426,arriendo-mensual,departamento,14.200097491014153
La Florida,"La Florida, Calle Paso el Roble con Av. Vicuña Mackenna a 6 cuadras del metro Bella Vista de la Florida y Mirador",370000.0,1.0,1.0,35.0,,16/02/2026,53120175,https://chilepropiedades.cl/ver-publicacion/arriendo-mensual/la-florida/departamento/calle-paso-el-roble-con-av-vicuna-mackenna-a-6-cuadras-del-metro-bella-vista-de-la-florida-y-mirador/53120175,arriendo-mensual,departamento,9.058682882198685
La Florida,"La Florida, Calle Paso el Roble con Av. Vicuña Mackenna a 6 cuadras del metro Mirador y Bella vista de la Florida",466000.0,2.0,2.0,51.0,,16/02/2026,53120156,https://chilepropiedades.cl/ver-publicacion/arriendo-mensual/la-florida/departamento/calle-paso-el-roble-con-av-vicuna-mackenna-a-6-cuadras-del-metro-mirador-y-bella-vista-de-la-florida/53120156,arriendo-mensual,departamento,11.409043846228613
La Florida,"La Florida, Paso El Roble 50",410000.0,2.0,2.0,51.0,,06/02/2026,109068866,https://chilepropiedades.cl/ver-publicacion/arriendo-mensual/la-florida/departamento/paso-el-roble-50/109068866,arriendo-mensual,departamento,10.037999950544489
La Florida,"La Florida, Paso el roble 50",449292.69,2.0,2.0,52.0,,05/02/2026,108987511,https://chilepropiedades.cl/ver-publicacion/arriendo-mensual/la-florida/departamento/paso-el-roble-50/108987511,arriendo-mensual,departamento,11.0
La Florida,"La Florida, Inglaterra 59, la florida",490137.48,2.0,2.0,57.33,,05/02/2026,108987475,https://chilepropiedades.cl/ver-publicacion/arriendo-mensual/la-florida/departamento/inglaterra-59-la-florida/108987475,arriendo-mensual,departamento,12.0
La Florida,"La Florida, Avenida Vicuña Mackenna",520000.0,2.0,2.0,57.0,,02/02/2026,108710900,https://chilepropiedades.cl/ver-publicacion/arriendo-mensual/la-florida/departamento/avenida-vicuna-mackenna/108710900,arriendo-mensual,departamento,12.731121888495448
La Florida,"La Florida, Avenida Vicuña Mackenna",520000.0,2.0,2.0,57.0,,02/02/2026,108710017,https://chilepropiedades.cl/ver-publicacion/arriendo-mensual/la-florida/departamento/avenida-vicuna-mackenna/108710017,arriendo-mensual,departamento,12.731121888495448
La Florida,"La Florida, Avenida Vicuña Mackenna",520000.0,2.0,2.0,57.0,,01/02/2026,108605833,https://chilepropiedades.cl/ver-publicacion/arriendo-mensual/la-florida/departamento/avenida-vicuna-mackenna/108605833,arriendo-mensual,departamento,12.731121888495448
La Florida,"La Florida, Paso El Roble 50",367603.11,1.0,1.0,3.629,,28/01/2026,108252155,https://chilepropiedades.cl/ver-publicacion/arriendo-mensual/la-florida/departamento/paso-el-roble-50/108252155,arriendo-mensual,departamento,9.0
La Florida,"La Florida, Inglaterra 59",326758.32,1.0,1.0,31.92,,23/01/2026,107790061,https://chilepropiedades.cl/ver-publicacion/arriendo-mensual/la-florida/departamento/inglaterra-59/107790061,arriendo-mensual,departamento,8.0
La Florida,"La Florida, Avenida vicuña mackenna 6839, la florida",430000.0,2.0,2.0,57.0,,14/01/2026,106953998,https://chilepropiedades.cl/ver-publicacion/arriendo-mensual/la-florida/departamento/avenida-vicuna-mackenna-6839-la-florida/106953998,arriendo-mensual,departamento,10.52765848471739
La Florida,"La Florida, Departamento en arriendo (138130)",400000.0,1.0,1.0,3.341,1.0,31/12/2025,105638472,https://chilepropiedades.cl/ver-publicacion/arriendo-mensual/la-florida/departamento/departamento-en-arriendo-138130/105638472,arriendo-mensual,departamento,9.793170683458037
La Florida,"La Florida, Froilan roa",399999.0,1.0,1.0,36.0,,21/10/2025,97688468,https://chilepropiedades.cl/ver-publicacion/arriendo-mensual/la-florida/departamento/froilan-roa/97688468,arriendo-mensual,departamento,9.793146200531329
La Florida,"La Florida, Metro Mirador",367603.11,1.0,1.0,40.0,,10/10/2025,96578290,https://chilepropiedades.cl/ver-publicacion/arriendo-mensual/la-florida/departamento/metro-mirador/96578290,arriendo-mensual,departamento,9.0
La Florida,"La Florida, Av. Vicuña Mackenna 10177",470000.0,2.0,2.0,56.0,1.0,13/12/2024,47907576,https://chilepropiedades.cl/ver-publicacion/arriendo-mensual/la-florida/departamento/av-vicuna-mackenna-10177/47907576,arriendo-mensual,departamento,11.506975553063194
Ñuñoa,"Arriendo Departamento Exequiel Fernández 1555, Comuna de Ñuñoa",550000.0,2.0,1.0,57.0,,20/07/2026,125372642,https://chilepropiedades.cl/ver-publicacion/arriendo-mensual/nunoa/departamento/exequiel-fernandez-1555/125372642,arriendo-mensual,departamento,13.465609689754801
Ñuñoa,Departamento 2dorm 2baños + 1bod Av Matta 040 Ñuñoa Piso 23,400000.0,2.0,2.0,60.0,,09/07/2026,124338578,https://chilepropiedades.cl/ver-publicacion/arriendo-mensual/nunoa/departamento/matta-040-metro-irarrazaval/124338578,arriendo-mensual,departamento,9.793170683458037
Ñuñoa,Arriendo en Ñuñoa,750000.0,3.0,1.0,70.0,1.0,09/07/2026,124337814,https://chilepropiedades.cl/ver-publicacion/arriendo-mensual/nunoa/departamento/calle-9-4903/124337814,arriendo-mensual,departamento,18.362195031483818
Ñuñoa,"Departamento Francisco de Villagra 268, 3D, 2 B, Estac. y Bod.",800000.0,3.0,2.0,99.5,1.0,07/07/2026,124152855,https://chilepropiedades.cl/ver-publicacion/arriendo-mensual/nunoa/departamento/francisco-de-villagra-268/124152855,arriendo-mensual,departamento,19.586341366916074
Ñuñoa,Manuel Montt con Sucre - Regio Edificio con Gran Vista Oriente,776051.01,2.0,2.0,80.0,1.0,07/07/2026,124076623,https://chilepropiedades.cl/ver-publicacion/arriendo-mensual/nunoa/departamento/manuel-montt-2339/124076623,arriendo-mensual,departamento,19.0
Ñuñoa,"Ñuñoa, Avenida General Bustamante 772",465000.0,1.0,1.0,40.0,1.0,22/06/2026,95713375,https://chilepropiedades.cl/ver-publicacion/arriendo-mensual/nunoa/departamento/avenida-general-bustamante-772/95713375,arriendo-mensual,departamento,11.384560919519968
Ñuñoa,"Ñuñoa, Avenida Manuel Antonio Matta 040",600000.0,2.0,2.0,58.0,1.0,19/06/2026,122412486,https://chilepropiedades.cl/ver-publicacion/arriendo-mensual/nunoa/departamento/avenida-manuel-antonio-matta-040/122412486,arriendo-mensual,departamento,14.689756025187055
Ñuñoa,"Ñuñoa, Avenida Grecia 2861",465000.0,2.0,1.0,63.0,1.0,16/06/2026,121445422,https://chilepropiedades.cl/ver-publicacion/arriendo-mensual/nunoa/departamento/avenida-grecia-2861/121445422,arriendo-mensual,departamento,11.384560919519968
Ñuñoa,"Ñuñoa, Hernán Cortés",870000.0,3.0,2.0,90.0,1.0,15/06/2026,121920432,https://chilepropiedades.cl/ver-publicacion/arriendo-mensual/nunoa/departamento/hernan-cortes/121920432,arriendo-mensual,departamento,21.30014623652123
Ñuñoa,"Ñuñoa, Avenida Rodrigo de Araya 2550",470000.0,1.0,1.0,41.0,,12/06/2026,121544122,https://chilepropiedades.cl/ver-publicacion/arriendo-mensual/nunoa/departamento/avenida-rodrigo-de-araya-2550/121544122,arriendo-mensual,departamento,11.506975553063194
Ñuñoa,"Ñuñoa, Zañartu 1100",380000.0,1.0,1.0,33.0,,05/06/2026,120839700,https://chilepropiedades.cl/ver-publicacion/arriendo-mensual/nunoa/departamento/zanartu-1100/120839700,arriendo-mensual,departamento,9.303512149285135
Ñuñoa,"Ñuñoa, Avenida Vicuña Mackenna 1796",650000.0,2.0,2.0,55.0,1.0,14/04/2026,97947245,https://chilepropiedades.cl/ver-publicacion/arriendo-mensual/nunoa/departamento/avenida-vicuna-mackenna-1796/97947245,arriendo-mensual,departamento,15.91390236061931
Ñuñoa,"Ñuñoa, José Domingo Cañas",524000.0,1.0,1.0,39.0,,26/07/2026,89803699,https://chilepropiedades.cl/ver-publicacion/arriendo-mensual/nunoa/departamento/jose-domingo-canas/89803699,arriendo-mensual,departamento,12.829053595330029
Ñuñoa,Departamento Nuevo 3D2B Estacionamiento Bodega Ñuñoa,830000.0,3.0,2.0,70.0,1.0,26/07/2026,125903034,https://chilepropiedades.cl/ver-publicacion/arriendo-mensual/nunoa/departamento/av-jose-pedro-alessandri/125903034,arriendo-mensual,departamento,20.320829168175425
Ñuñoa,"Ñuñoa, Barrio Italia, sector residencial, conectividad (176722)",680000.0,2.0,2.0,50.0,1.0,26/07/2026,125892632,https://chilepropiedades.cl/ver-publicacion/arriendo-mensual/nunoa/departamento/barrio-italia-sector-residencial-conectividad-176722/125892632,arriendo-mensual,departamento,16.648390161878662
Ñuñoa,"Ñuñoa, Avenida Rodrigo de Araya",430000.0,1.0,1.0,39.0,1.0,26/07/2026,125892498,https://chilepropiedades.cl/ver-publicacion/arriendo-mensual/nunoa/departamento/avenida-rodrigo-de-araya/125892498,arriendo-mensual,departamento,10.52765848471739
Ñuñoa,"Ñuñoa, Arriendo departamento ñuñoa (107353)",490000.0,1.0,1.0,37.0,1.0,26/07/2026,88350094,https://chilepropiedades.cl/ver-publicacion/arriendo-mensual/nunoa/departamento/arriendo-departamento-nunoa-107353/88350094,arriendo-mensual,departamento,11.996634087236096
Ñuñoa,"Ñuñoa, Amplio departamento (176941)",620000.0,3.0,2.0,70.0,1.0,26/07/2026,125881342,https://chilepropiedades.cl/ver-publicacion/arriendo-mensual/nunoa/departamento/amplio-departamento-176941/125881342,arriendo-mensual,departamento,15.179414559359957
Ñuñoa,"Ñuñoa, Acogedor departamento (176773)",650000.0,1.0,1.0,40.0,1.0,26/07/2026,125881258,https://chilepropiedades.cl/ver-publicacion/arriendo-mensual/nunoa/departamento/acogedor-departamento-176773/125881258,arriendo-mensual,departamento,15.91390236061931
Ñuñoa,"Ñuñoa, ñuñoa 1 dormitorio (91452)",540000.0,1.0,1.0,45.0,1.0,26/07/2026,79652439,https://chilepropiedades.cl/ver-publicacion/arriendo-mensual/nunoa/departamento/nunoa-1-dormitorio-91452/79652439,arriendo-mensual,departamento,13.22078042266835
Ñuñoa,"Ñuñoa, Confort y Estilo en Ubicación Privilegiada (176063)",570000.0,2.0,1.0,65.0,1.0,25/07/2026,125164545,https://chilepropiedades.cl/ver-publicacion/arriendo-mensual/nunoa/departamento/confort-y-estilo-en-ubicacion-privilegiada-176063/125164545,arriendo-mensual,departamento,13.955268223927703
Ñuñoa,"Ñuñoa, Metro chile espana",540000.0,1.0,1.0,40.0,1.0,25/07/2026,125812259,https://chilepropiedades.cl/ver-publicacion/arriendo-mensual/nunoa/departamento/metro-chile-espana/125812259,arriendo-mensual,departamento,13.22078042266835
Ñuñoa,"Ñuñoa, Departamento en condominio familiar, Metro Ñuble",340000.0,1.0,1.0,40.0,,25/07/2026,125812234,https://chilepropiedades.cl/ver-publicacion/arriendo-mensual/nunoa/departamento/departamento-en-condominio-familiar-metro-nuble/125812234,arriendo-mensual,departamento,8.324195080939331
Ñuñoa,"Ñuñoa, Guillermo Mann",473000.0,2.0,1.0,46.0,,25/07/2026,125800960,https://chilepropiedades.cl/ver-publicacion/arriendo-mensual/nunoa/departamento/guillermo-mann/125800960,arriendo-mensual,departamento,11.580424333189129
Ñuñoa,"Ñuñoa, Exequiel Figueroa / Metro Los Orientales",430000.0,1.0,1.0,36.6,,25/07/2026,125800594,https://chilepropiedades.cl/ver-publicacion/arriendo-mensual/nunoa/departamento/exequiel-figueroa-metro-los-orientales/125800594,arriendo-mensual,departamento,10.52765848471739
Ñuñoa,"Ñuñoa, Exequiel Figueroa / Metro Los Orientales",550000.0,2.0,2.0,48.96,,25/07/2026,125800573,https://chilepropiedades.cl/ver-publicacion/arriendo-mensual/nunoa/departamento/exequiel-figueroa-metro-los-orientales/125800573,arriendo-mensual,departamento,13.465609689754801
Ñuñoa,"Ñuñoa, Guillermo Mann",440000.0,1.0,1.0,36.0,1.0,24/07/2026,64601506,https://chilepropiedades.cl/ver-publicacion/arriendo-mensual/nunoa/departamento/guillermo-mann/64601506,arriendo-mensual,departamento,10.77248775180384
Ñuñoa,"Ñuñoa, Guillermo Mann",473000.0,2.0,1.0,46.0,,24/07/2026,124847107,https://chilepropiedades.cl/ver-publicacion/arriendo-mensual/nunoa/departamento/guillermo-mann/124847107,arriendo-mensual,departamento,11.580424333189129
Ñuñoa,"Ñuñoa, ñuñoa",520000.0,2.0,2.0,49.0,1.0,24/07/2026,119258576,https://chilepropiedades.cl/ver-publicacion/arriendo-mensual/nunoa/departamento/nunoa/119258576,arriendo-mensual,departamento,12.731121888495448
Ñuñoa,"Ñuñoa, ñuñoa",550000.0,3.0,1.0,70.0,1.0,24/07/2026,119266325,https://chilepropiedades.cl/ver-publicacion/arriendo-mensual/nunoa/departamento/nunoa/119266325,arriendo-mensual,departamento,13.465609689754801
Ñuñoa,Cómodo Departamento Como Nuevo 1D 1B en Ñuñoa,500000.0,1.0,1.0,40.0,,24/07/2026,125759593,https://chilepropiedades.cl/ver-publicacion/arriendo-mensual/nunoa/departamento/zanartu/125759593,arriendo-mensual,departamento,12.241463354322546
Ñuñoa,"Ñuñoa, Avenida Vicuña Mackenna",380000.0,1.0,1.0,38.0,,24/07/2026,87099103,https://chilepropiedades.cl/ver-publicacion/arriendo-mensual/nunoa/departamento/avenida-vicuna-mackenna/87099103,arriendo-mensual,departamento,9.303512149285135
Ñuñoa,"Ñuñoa, tiltil 1980",415000.0,1.0,1.0,34.0,,24/07/2026,125728495,https://chilepropiedades.cl/ver-publicacion/arriendo-mensual/nunoa/departamento/tiltil-1980/125728495,arriendo-mensual,departamento,10.160414584087713
Ñuñoa,"Ñuñoa, Nelson",550000.0,1.0,1.0,40.0,,24/07/2026,125723276,https://chilepropiedades.cl/ver-publicacion/arriendo-mensual/nunoa/departamento/nelson/125723276,arriendo-mensual,departamento,13.465609689754801
Ñuñoa,"Ñuñoa, Plaza ñuñoa, brown sur, irarrazaval, metro 1d 1b",500000.0,1.0,1.0,45.0,1.0,24/07/2026,125713753,https://chilepropiedades.cl/ver-publicacion/arriendo-mensual/nunoa/departamento/plaza-nunoa-brown-sur-irarrazaval-metro-1d-1b/125713753,arriendo-mensual,departamento,12.241463354322546
Ñuñoa,"Ñuñoa, San Eugenio 1065",690000.0,3.0,2.0,80.0,1.0,24/07/2026,125713623,https://chilepropiedades.cl/ver-publicacion/arriendo-mensual/nunoa/departamento/san-eugenio-1065/125713623,arriendo-mensual,departamento,16.893219428965114
Ñuñoa,"Ñuñoa, San Eugenio 1065",690000.0,3.0,2.0,80.0,1.0,24/07/2026,125713601,https://chilepropiedades.cl/ver-publicacion/arriendo-mensual/nunoa/departamento/san-eugenio-1065/125713601,arriendo-mensual,departamento,16.893219428965114
Ñuñoa,"Ñuñoa, Guillermo mann 1751",410000.0,1.0,1.0,38.0,,24/07/2026,66132746,https://chilepropiedades.cl/ver-publicacion/arriendo-mensual/nunoa/departamento/guillermo-mann-1751/66132746,arriendo-mensual,departamento,10.037999950544489
Ñuñoa,"Ñuñoa, Til til",375000.0,1.0,1.0,32.0,,23/07/2026,39852844,https://chilepropiedades.cl/ver-publicacion/arriendo-mensual/nunoa/departamento/til-til/39852844,arriendo-mensual,departamento,9.181097515741909
Ñuñoa,"Ñuñoa, Alcalde Carlos Aldunate 33, comuna de Ñuñoa",830000.0,2.0,2.0,62.45,,23/07/2026,118660534,https://chilepropiedades.cl/ver-publicacion/arriendo-mensual/nunoa/departamento/alcalde-carlos-aldunate-33-comuna-de-nunoa/118660534,arriendo-mensual,departamento,20.320829168175425
Ñuñoa,Depto Nuevo 1D/1B con Bodega en Ñuñoa,449292.69,1.0,1.0,39.0,,23/07/2026,125637858,https://chilepropiedades.cl/ver-publicacion/arriendo-mensual/nunoa/departamento/los-alerces-2222/125637858,arriendo-mensual,departamento,11.0
Ñuñoa,"Ñuñoa, tiltil 1980",415000.0,1.0,1.0,34.0,,23/07/2026,125635765,https://chilepropiedades.cl/ver-publicacion/arriendo-mensual/nunoa/departamento/tiltil-1980/125635765,arriendo-mensual,departamento,10.160414584087713
Ñuñoa,"Ñuñoa, Metro Irarrazaval",620000.0,2.0,2.0,52.0,1.0,23/07/2026,125633211,https://chilepropiedades.cl/ver-publicacion/arriendo-mensual/nunoa/departamento/metro-irarrazaval/125633211,arriendo-mensual,departamento,15.179414559359957
Ñuñoa,"Ñuñoa, Brown casi esquina Irarrázaval",540000.0,1.0,1.0,41.0,1.0,23/07/2026,125630887,https://chilepropiedades.cl/ver-publicacion/arriendo-mensual/nunoa/departamento/brown-casi-esquina-irarrazaval/125630887,arriendo-mensual,departamento,13.22078042266835
Ñuñoa,"Ñuñoa, Avenida Rodrigo de Araya",612671.85,2.0,2.0,63.0,1.0,23/07/2026,125628172,https://chilepropiedades.cl/ver-publicacion/arriendo-mensual/nunoa/departamento/avenida-rodrigo-de-araya/125628172,arriendo-mensual,departamento,15.0
Ñuñoa,"Ñuñoa, Guillermo Mann",580000.0,2.0,1.0,49.0,1.0,23/07/2026,68677780,https://chilepropiedades.cl/ver-publicacion/arriendo-mensual/nunoa/departamento/guillermo-mann/68677780,arriendo-mensual,departamento,14.200097491014153
Ñuñoa,"Ñuñoa, Los cerezos 76",700000.0,2.0,2.0,65.0,1.0,23/07/2026,125622102,https://chilepropiedades.cl/ver-publicacion/arriendo-mensual/nunoa/departamento/los-cerezos-76/125622102,arriendo-mensual,departamento,17.138048696051566
Ñuñoa,"Ñuñoa, Los alerces, ñuñoa",430000.0,1.0,1.0,50.0,,23/07/2026,125619637,https://chilepropiedades.cl/ver-publicacion/arriendo-mensual/nunoa/departamento/los-alerces-nunoa/125619637,arriendo-mensual,departamento,10.52765848471739
Ñuñoa,"Ñuñoa, Zañartu 980",499000.0,2.0,2.0,55.0,1.0,23/07/2026,123525883,https://chilepropiedades.cl/ver-publicacion/arriendo-mensual/nunoa/departamento/zanartu-980/123525883,arriendo-mensual,departamento,12.216980427613901
Ñuñoa,"Ñuñoa, Departamento con Estacionamiento, Terraza. (110916)",570000.0,1.0,1.0,40.0,1.0,22/07/2026,90132815,https://chilepropiedades.cl/ver-publicacion/arriendo-mensual/nunoa/departamento/departamento-con-estacionamiento-terraza-110916/90132815,arriendo-mensual,departamento,13.955268223927703
Ñuñoa,"Ñuñoa, campo de deportes 80",650000.0,1.0,1.0,35.0,1.0,22/07/2026,123981996,https://chilepropiedades.cl/ver-publicacion/arriendo-mensual/nunoa/departamento/campo-de-deportes-80/123981996,arriendo-mensual,departamento,15.91390236061931
Ñuñoa,A Estrenar Depto 2D/1B con Terraza en el Corazón de Ñuñoa,480000.0,2.0,1.0,51.0,,22/07/2026,125285534,https://chilepropiedades.cl/ver-publicacion/arriendo-mensual/nunoa/departamento/zanartu-2075/125285534,arriendo-mensual,departamento,11.751804820149644
Ñuñoa,"Ñuñoa, zañartu 980",490000.0,2.0,2.0,55.0,,22/07/2026,125006271,https://chilepropiedades.cl/ver-publicacion/arriendo-mensual/nunoa/departamento/zanartu-980/125006271,arriendo-mensual,departamento,11.996634087236096
Ñuñoa,"Ñuñoa, Echeñique / Ossa",820000.0,2.0,2.0,69.0,1.0,22/07/2026,125006460,https://chilepropiedades.cl/ver-publicacion/arriendo-mensual/nunoa/departamento/echenique-ossa/125006460,arriendo-mensual,departamento,20.075999901088977
Ñuñoa,"Ñuñoa, Condominio Los Andes",330000.0,1.0,1.0,35.0,1.0,22/07/2026,111842122,https://chilepropiedades.cl/ver-publicacion/arriendo-mensual/nunoa/departamento/condominio-los-andes/111842122,arriendo-mensual,departamento,8.079365813852881
Ñuñoa,"Ñuñoa, Espacios Amplios para Disfrutar en Familia (176344)",550000.0,1.0,1.0,55.0,,22/07/2026,125543129,https://chilepropiedades.cl/ver-publicacion/arriendo-mensual/nunoa/departamento/espacios-amplios-para-disfrutar-en-familia-176344/125543129,arriendo-mensual,departamento,13.465609689754801
Ñuñoa,"Ñuñoa, Bello, Dpto Nuevo 1D+Estc full amoblado (176452)",650000.0,1.0,1.0,40.0,1.0,22/07/2026,125541856,https://chilepropiedades.cl/ver-publicacion/arriendo-mensual/nunoa/departamento/bello-dpto-nuevo-1d-estc-full-amoblado-176452/125541856,arriendo-mensual,departamento,15.91390236061931
Ñuñoa,"Ñuñoa, Maule con vicuña mackenna",460000.0,2.0,1.0,65.0,,22/07/2026,125532577,https://chilepropiedades.cl/ver-publicacion/arriendo-mensual/nunoa/departamento/maule-con-vicuna-mackenna/125532577,arriendo-mensual,departamento,11.262146285976742
Ñuñoa,"Ñuñoa, Avenida José Pedro Alessandri 867, Ñuñoa, Región Metropolitana de Santiago 7750000, Chile",700000.0,3.0,2.0,90.0,1.0,22/07/2026,125531563,https://chilepropiedades.cl/ver-publicacion/arriendo-mensual/nunoa/departamento/avenida-jose-pedro-alessandri-867-nunoa-region-metropolitana-de-santiago-7750000-chile/125531563,arriendo-mensual,departamento,17.138048696051566
Ñuñoa,"Ñuñoa, Vive con Estilo en Un Entorno Privilegiado (176435)",580000.0,1.0,1.0,45.0,1.0,22/07/2026,125530991,https://chilepropiedades.cl/ver-publicacion/arriendo-mensual/nunoa/departamento/vive-con-estilo-en-un-entorno-privilegiado-176435/125530991,arriendo-mensual,departamento,14.200097491014153
Ñuñoa,"Ñuñoa, Macul/rodrigo de araya",600000.0,2.0,2.0,65.0,1.0,22/07/2026,125487981,https://chilepropiedades.cl/ver-publicacion/arriendo-mensual/nunoa/departamento/macul-rodrigo-de-araya/125487981,arriendo-mensual,departamento,14.689756025187055
Ñuñoa,"Ñuñoa, Av. Vicuña Mackenna y Maule",440000.0,2.0,2.0,54.0,1.0,22/07/2026,125487954,https://chilepropiedades.cl/ver-publicacion/arriendo-mensual/nunoa/departamento/av-vicuna-mackenna-y-maule/125487954,arriendo-mensual,departamento,10.77248775180384
Ñuñoa,"Ñuñoa, Metro plaza egaña (85579)",470000.0,1.0,1.0,33.0,1.0,21/07/2026,76409965,https://chilepropiedades.cl/ver-publicacion/arriendo-mensual/nunoa/departamento/metro-plaza-egana-85579/76409965,arriendo-mensual,departamento,11.506975553063194
Ñuñoa,"Depto Seminuevo 2D/2B Piso 11, Orientación Norte",620000.0,2.0,2.0,57.0,1.0,21/07/2026,125484129,https://chilepropiedades.cl/ver-publicacion/arriendo-mensual/nunoa/departamento/zanartu-1905/125484129,arriendo-mensual,departamento,15.179414559359957
Ñuñoa,"Ñuñoa, En arriendo departamento 2D 2B 1E (93226)",500000.0,2.0,2.0,50.0,1.0,21/07/2026,80467880,https://chilepropiedades.cl/ver-publicacion/arriendo-mensual/nunoa/departamento/en-arriendo-departamento-2d-2b-1e-93226/80467880,arriendo-mensual,departamento,12.241463354322546
Ñuñoa,"Ñuñoa, Metro Chile España",694361.43,1.0,1.0,58.0,1.0,21/07/2026,125475334,https://chilepropiedades.cl/ver-publicacion/arriendo-mensual/nunoa/departamento/metro-chile-espana/125475334,arriendo-mensual,departamento,17.0
Ñuñoa,"Ñuñoa, Metro Chile España",750000.0,1.0,1.0,43.0,1.0,21/07/2026,125475295,https://chilepropiedades.cl/ver-publicacion/arriendo-mensual/nunoa/departamento/metro-chile-espana/125475295,arriendo-mensual,departamento,18.362195031483818
Ñuñoa,"Ñuñoa, Av. Vicuña Mackenna 1290",450000.0,1.0,1.0,40.0,1.0,21/07/2026,125473690,https://chilepropiedades.cl/ver-publicacion/arriendo-mensual/nunoa/departamento/av-vicuna-mackenna-1290/125473690,arriendo-mensual,departamento,11.017317018890292
Ñuñoa,"Ñuñoa, Los leones",776051.01,2.0,2.0,70.0,1.0,21/07/2026,9657826,https://chilepropiedades.cl/ver-publicacion/arriendo-mensual/nunoa/departamento/los-leones/9657826,arriendo-mensual,departamento,19.0
Ñuñoa,"Ñuñoa, Capitán Orella 2445",850000.0,2.0,1.0,52.0,1.0,21/07/2026,125473064,https://chilepropiedades.cl/ver-publicacion/arriendo-mensual/nunoa/departamento/capitan-orella-2445/125473064,arriendo-mensual,departamento,20.81048770234833
Ñuñoa,"Ñuñoa, Depto nuevo 1d1b - estadio nacional, ñuñoa",390000.0,1.0,1.0,42.0,,21/07/2026,125472069,https://chilepropiedades.cl/ver-publicacion/arriendo-mensual/nunoa/departamento/depto-nuevo-1d1b-estadio-nacional-nunoa/125472069,arriendo-mensual,departamento,9.548341416371587
Ñuñoa,"Ñuñoa, Dpto.ESTUDIO con estacionamiento (176282)",450000.0,1.0,1.0,33.0,1.0,21/07/2026,125471265,https://chilepropiedades.cl/ver-publicacion/arriendo-mensual/nunoa/departamento/dpto-estudio-con-estacionamiento-176282/125471265,arriendo-mensual,departamento,11.017317018890292
Ñuñoa,"Ñuñoa, Arriendo luminoso Dpto 3D+2B+Estc (176280)",820000.0,3.0,2.0,96.0,1.0,21/07/2026,125471233,https://chilepropiedades.cl/ver-publicacion/arriendo-mensual/nunoa/departamento/arriendo-luminoso-dpto-3d-2b-estc-176280/125471233,arriendo-mensual,departamento,20.075999901088977
Ñuñoa,"Ñuñoa, Oportunidad Depto. Mariposa y estacionamiento (176279)",605000.0,2.0,2.0,65.0,1.0,21/07/2026,125471204,https://chilepropiedades.cl/ver-publicacion/arriendo-mensual/nunoa/departamento/oportunidad-depto-mariposa-y-estacionamiento-176279/125471204,arriendo-mensual,departamento,14.812170658730281
Ñuñoa,"Ñuñoa, Arriendo Amplio Dpto 2D+Bodega y Estac (176278)",500000.0,2.0,1.0,50.0,1.0,21/07/2026,125471180,https://chilepropiedades.cl/ver-publicacion/arriendo-mensual/nunoa/departamento/arriendo-amplio-dpto-2d-bodega-y-estac-176278/125471180,arriendo-mensual,departamento,12.241463354322546
Ñuñoa,"Ñuñoa, Arriendo Bello Dpto 2D+2B, Cercano Metro (176277)",460000.0,2.0,,54.0,,21/07/2026,125471150,https://chilepropiedades.cl/ver-publicacion/arriendo-mensual/nunoa/departamento/arriendo-bello-dpto-2d-2b-cercano-metro-176277/125471150,arriendo-mensual,departamento,11.262146285976742
Ñuñoa,"Ñuñoa, Mujica / Emilio Vaisse",700000.0,2.0,2.0,59.0,419.0,21/07/2026,125470293,https://chilepropiedades.cl/ver-publicacion/arriendo-mensual/nunoa/departamento/mujica-emilio-vaisse/125470293,arriendo-mensual,departamento,17.138048696051566
Ñuñoa,"Ñuñoa, Zañartu",610000.0,2.0,2.0,62.0,1.0,21/07/2026,125443422,https://chilepropiedades.cl/ver-publicacion/arriendo-mensual/nunoa/departamento/zanartu/125443422,arriendo-mensual,departamento,14.934585292273507
Ñuñoa,"Ñuñoa, Las Dalias 1870",550000.0,2.0,2.0,61.0,1.0,21/07/2026,51088708,https://chilepropiedades.cl/ver-publicacion/arriendo-mensual/nunoa/departamento/las-dalias-1870/51088708,arriendo-mensual,departamento,13.465609689754801
Ñuñoa,"Ñuñoa, Seminario",530000.0,1.0,1.0,37.0,1.0,21/07/2026,95738123,https://chilepropiedades.cl/ver-publicacion/arriendo-mensual/nunoa/departamento/seminario/95738123,arriendo-mensual,departamento,12.9759511555819
Ñuñoa,"Ñuñoa, Metro chile españa",610000.0,1.0,1.0,45.0,,21/07/2026,125427943,https://chilepropiedades.cl/ver-publicacion/arriendo-mensual/nunoa/departamento/metro-chile-espana/125427943,arriendo-mensual,departamento,14.934585292273507
Ñuñoa,"Ñuñoa, Mujica 55",460000.0,1.0,1.0,30.0,1.0,21/07/2026,125424374,https://chilepropiedades.cl/ver-publicacion/arriendo-mensual/nunoa/departamento/mujica-55/125424374,arriendo-mensual,departamento,11.262146285976742
Ñuñoa,"Ñuñoa, Moderno Depto con Vistas Panorámica (176217)",400000.0,1.0,1.0,36.6,,21/07/2026,125423157,https://chilepropiedades.cl/ver-publicacion/arriendo-mensual/nunoa/departamento/moderno-depto-con-vistas-panoramica-176217/125423157,arriendo-mensual,departamento,9.793170683458037
Ñuñoa,"Ñuñoa, Castillo urizar 1845, ñuñoa",450000.0,1.0,1.0,38.0,,21/07/2026,125421467,https://chilepropiedades.cl/ver-publicacion/arriendo-mensual/nunoa/departamento/castillo-urizar-1845-nunoa/125421467,arriendo-mensual,departamento,11.017317018890292
Ñuñoa,"Ñuñoa, Rodrigo de araya con francisco de paula",395000.0,2.0,2.0,52.0,,20/07/2026,124870288,https://chilepropiedades.cl/ver-publicacion/arriendo-mensual/nunoa/departamento/rodrigo-de-araya-con-francisco-de-paula/124870288,arriendo-mensual,departamento,9.67075604991481
Ñuñoa,"Ñuñoa, Til til",375000.0,1.0,1.0,32.0,,20/07/2026,37750119,https://chilepropiedades.cl/ver-publicacion/arriendo-mensual/nunoa/departamento/til-til/37750119,arriendo-mensual,departamento,9.181097515741909
Ñuñoa,"Ñuñoa, Irarrazaval / Santa Julia",700000.0,2.0,2.0,63.0,1.0,20/07/2026,22987192,https://chilepropiedades.cl/ver-publicacion/arriendo-mensual/nunoa/departamento/irarrazaval-santa-julia/22987192,arriendo-mensual,departamento,17.138048696051566
Ñuñoa,"Ñuñoa, Depto nuevo 2d1b - guillermo mann, ñuñoa",450000.0,2.0,1.0,45.0,,20/07/2026,117720763,https://chilepropiedades.cl/ver-publicacion/arriendo-mensual/nunoa/departamento/depto-nuevo-2d1b-guillermo-mann-nunoa/117720763,arriendo-mensual,departamento,11.017317018890292
Ñuñoa,"Ñuñoa, Listo para habitar. 1 Dorm metro Ñuble (176109)",480000.0,1.0,1.0,40.0,1.0,20/07/2026,125336363,https://chilepropiedades.cl/ver-publicacion/arriendo-mensual/nunoa/departamento/listo-para-habitar-1-dorm-metro-nuble-176109/125336363,arriendo-mensual,departamento,11.751804820149644
Ñuñoa,"Ñuñoa, Metro los orientales / exequiel figueroa",449292.69,1.0,1.0,35.0,,20/07/2026,125334995,https://chilepropiedades.cl/ver-publicacion/arriendo-mensual/nunoa/departamento/metro-los-orientales-exequiel-figueroa/125334995,arriendo-mensual,departamento,11.0
Ñuñoa,"Ñuñoa, Arriendo 3d2b 1e1b Antonio Varas Sucre (176155)",1000000.0,3.0,2.0,85.0,1.0,20/07/2026,125329294,https://chilepropiedades.cl/ver-publicacion/arriendo-mensual/nunoa/departamento/arriendo-3d2b-1e1b-antonio-varas-sucre-176155/125329294,arriendo-mensual,departamento,24.482926708645092
Ñuñoa,"Ñuñoa, Guillermo Mann",375000.0,1.0,1.0,34.0,,19/07/2026,125255865,https://chilepropiedades.cl/ver-publicacion/arriendo-mensual/nunoa/departamento/guillermo-mann/125255865,arriendo-mensual,departamento,9.181097515741909
Ñuñoa,Departamento 2d2b1e - Av. Sucre con Pedro de Valdivia,900000.0,2.0,2.0,71.0,1.0,18/07/2026,125209516,https://chilepropiedades.cl/ver-publicacion/arriendo-mensual/nunoa/departamento/av-sucre-2362/125209516,arriendo-mensual,departamento,22.034634037780584
Ñuñoa,"Arriendo Depto 2 Dor. 1 Baño, Estac y Bodega. Ñuñoa",680000.0,2.0,1.0,47.0,1.0,18/07/2026,124607880,https://chilepropiedades.cl/ver-publicacion/arriendo-mensual/nunoa/departamento/avenida-irarrazaval-5100/124607880,arriendo-mensual,departamento,16.648390161878662
Ñuñoa,"Ñuñoa, Plaza ñuñoa",690000.0,2.0,2.0,64.0,1.0,18/07/2026,125175557,https://chilepropiedades.cl/ver-publicacion/arriendo-mensual/nunoa/departamento/plaza-nunoa/125175557,arriendo-mensual,departamento,16.893219428965114
Ñuñoa,"Ñuñoa, Vive frente al Mall Plaza Egaña: departamento re (175897)",730000.0,2.0,2.0,45.0,1.0,18/07/2026,125174967,https://chilepropiedades.cl/ver-publicacion/arriendo-mensual/nunoa/departamento/vive-frente-al-mall-plaza-egana-departamento-re-175897/125174967,arriendo-mensual,departamento,17.872536497310918
Ñuñoa,"Ñuñoa, Avenida Irarrázaval",580000.0,1.0,1.0,38.0,,18/07/2026,125174117,https://chilepropiedades.cl/ver-publicacion/arriendo-mensual/nunoa/departamento/avenida-irarrazaval/125174117,arriendo-mensual,departamento,14.200097491014153
Ñuñoa,"Ñuñoa, Avenida General Bustamante",600000.0,1.0,1.0,37.0,1.0,18/07/2026,125174093,https://chilepropiedades.cl/ver-publicacion/arriendo-mensual/nunoa/departamento/avenida-general-bustamante/125174093,arriendo-mensual,departamento,14.689756025187055
Ñuñoa,"Ñuñoa, Chile España",680000.0,1.0,1.0,40.0,1.0,18/07/2026,125173960,https://chilepropiedades.cl/ver-publicacion/arriendo-mensual/nunoa/departamento/chile-espana/125173960,arriendo-mensual,departamento,16.648390161878662
Ñuñoa,"Ñuñoa, Metro simón bolivar / echeñique",571827.06,1.0,1.0,55.0,1.0,18/07/2026,125173346,https://chilepropiedades.cl/ver-publicacion/arriendo-mensual/nunoa/departamento/metro-simon-bolivar-echenique/125173346,arriendo-mensual,departamento,14.0
Ñuñoa,"Ñuñoa, Domingo Faustino Sarmiento",600000.0,1.0,1.0,60.0,,18/07/2026,125165009,https://chilepropiedades.cl/ver-publicacion/arriendo-mensual/nunoa/departamento/domingo-faustino-sarmiento/125165009,arriendo-mensual,departamento,14.689756025187055
Ñuñoa,"Ñuñoa, Metro Ñuble / Av Carlos Dittborm / Obispo Orrego",600000.0,3.0,2.0,87.0,,18/07/2026,125124073,https://chilepropiedades.cl/ver-publicacion/arriendo-mensual/nunoa/departamento/metro-nuble-av-carlos-dittborm-obispo-orrego/125124073,arriendo-mensual,departamento,14.689756025187055
Ñuñoa,"Ñuñoa, 1D + Estac. y Bodega | Vista Despejada (175891)",595000.0,1.0,1.0,37.0,1.0,18/07/2026,125123944,https://chilepropiedades.cl/ver-publicacion/arriendo-mensual/nunoa/departamento/1d-estac-y-bodega-vista-despejada-175891/125123944,arriendo-mensual,departamento,14.56734139164383
Ñuñoa,"Ñuñoa, Colo colo",990000.0,3.0,2.0,90.0,1.0,17/07/2026,80938269,https://chilepropiedades.cl/ver-publicacion/arriendo-mensual/nunoa/departamento/colo-colo/80938269,arriendo-mensual,departamento,24.23809744155864
Ñuñoa,"Ñuñoa, Metro estadio nacional",449292.69,1.0,1.0,31.79,,17/07/2026,108979281,https://chilepropiedades.cl/ver-publicacion/arriendo-mensual/nunoa/departamento/metro-estadio-nacional/108979281,arriendo-mensual,departamento,11.0
Ñuñoa,"Ñuñoa, Plaza ñuñoa",700000.0,2.0,2.0,65.0,1.0,17/07/2026,75733587,https://chilepropiedades.cl/ver-publicacion/arriendo-mensual/nunoa/departamento/plaza-nunoa/75733587,arriendo-mensual,departamento,17.138048696051566
Ñuñoa,"Ñuñoa, Pedro Rico 5440, Ñuñoa, Región Metropolitana de Santiago 7750000, Chile",745000.0,2.0,2.0,70.0,,17/07/2026,123970663,https://chilepropiedades.cl/ver-publicacion/arriendo-mensual/nunoa/departamento/pedro-rico-5440-nunoa-region-metropolitana-de-santiago-7750000-chile/123970663,arriendo-mensual,departamento,18.239780397940592
Ñuñoa,"Ñuñoa, Los Alerces",650000.0,2.0,2.0,60.0,1.0,17/07/2026,124740543,https://chilepropiedades.cl/ver-publicacion/arriendo-mensual/nunoa/departamento/los-alerces/124740543,arriendo-mensual,departamento,15.91390236061931
Ñuñoa,"Ñuñoa, Amplio y Luminoso, vista norte despejada (175789)",816895.8,2.0,2.0,54.0,1.0,17/07/2026,125076510,https://chilepropiedades.cl/ver-publicacion/arriendo-mensual/nunoa/departamento/amplio-y-luminoso-vista-norte-despejada-175789/125076510,arriendo-mensual,departamento,20.0
Ñuñoa,"Ñuñoa, Dpto 1d y 1b cerca de los leones (175876)",420000.0,1.0,1.0,30.0,1.0,17/07/2026,125074481,https://chilepropiedades.cl/ver-publicacion/arriendo-mensual/nunoa/departamento/dpto-1d-y-1b-cerca-de-los-leones-175876/125074481,arriendo-mensual,departamento,10.282829217630939
Ñuñoa,"Ñuñoa, Metro estadio nacional",490000.0,2.0,1.0,53.0,1.0,17/07/2026,125074316,https://chilepropiedades.cl/ver-publicacion/arriendo-mensual/nunoa/departamento/metro-estadio-nacional/125074316,arriendo-mensual,departamento,11.996634087236096
Ñuñoa,"Ñuñoa, San Eugenio",690000.0,3.0,2.0,80.0,1.0,16/07/2026,90842358,https://chilepropiedades.cl/ver-publicacion/arriendo-mensual/nunoa/departamento/san-eugenio/90842358,arriendo-mensual,departamento,16.893219428965114
Ñuñoa,"Ñuñoa, Av. Rodrigo de Araya",540000.0,2.0,2.0,59.0,,16/07/2026,125013868,https://chilepropiedades.cl/ver-publicacion/arriendo-mensual/nunoa/departamento/av-rodrigo-de-araya/125013868,arriendo-mensual,departamento,13.22078042266835
Ñuñoa,"Ñuñoa, Rodrigo de Araya 1410, Ñuñoa",650000.0,2.0,2.0,70.0,1.0,16/07/2026,70467362,https://chilepropiedades.cl/ver-publicacion/arriendo-mensual/nunoa/departamento/rodrigo-de-araya-1410-nunoa/70467362,arriendo-mensual,departamento,15.91390236061931
Ñuñoa,"Ñuñoa, Nelson / Pedro de Valdivia/ Estadio Nacional",580000.0,2.0,2.0,55.0,,16/07/2026,125010070,https://chilepropiedades.cl/ver-publicacion/arriendo-mensual/nunoa/departamento/nelson-pedro-de-valdivia-estadio-nacional/125010070,arriendo-mensual,departamento,14.200097491014153
Ñuñoa,"Ñuñoa, Nelson / Pedro de Valdivia/ Estadio Nacional",480000.0,1.0,1.0,32.0,1.0,16/07/2026,125010042,https://chilepropiedades.cl/ver-publicacion/arriendo-mensual/nunoa/departamento/nelson-pedro-de-valdivia-estadio-nacional/125010042,arriendo-mensual,departamento,11.751804820149644
Ñuñoa,"Ñuñoa, Til til",430000.0,1.0,1.0,38.0,1.0,16/07/2026,125007662,https://chilepropiedades.cl/ver-publicacion/arriendo-mensual/nunoa/departamento/til-til/125007662,arriendo-mensual,departamento,10.52765848471739
Ñuñoa,"Ñuñoa, oderno Depto.a pasos del metro Ñuble (175775)",440000.0,1.0,1.0,40.0,,16/07/2026,125005841,https://chilepropiedades.cl/ver-publicacion/arriendo-mensual/nunoa/departamento/oderno-depto-a-pasos-del-metro-nuble-175775/125005841,arriendo-mensual,departamento,10.77248775180384
Ñuñoa,"Ñuñoa, Moderno Departamento (175713)",650000.0,1.0,1.0,50.0,1.0,16/07/2026,125001056,https://chilepropiedades.cl/ver-publicacion/arriendo-mensual/nunoa/departamento/moderno-departamento-175713/125001056,arriendo-mensual,departamento,15.91390236061931
Ñuñoa,"Ñuñoa, Manuel Montt/ Santa Isabel",780000.0,2.0,2.0,80.0,2.0,16/07/2026,124998855,https://chilepropiedades.cl/ver-publicacion/arriendo-mensual/nunoa/departamento/manuel-montt-santa-isabel/124998855,arriendo-mensual,departamento,19.096682832743173
Ñuñoa,"Ñuñoa, Arriendo dpto 1d 1b 1e Irarrazaval 5000 / Bremen (175773)",500000.0,1.0,1.0,30.0,1.0,16/07/2026,124998641,https://chilepropiedades.cl/ver-publicacion/arriendo-mensual/nunoa/departamento/arriendo-dpto-1d-1b-1e-irarrazaval-5000-bremen-175773/124998641,arriendo-mensual,departamento,12.241463354322546
Ñuñoa,"Ñuñoa, Pucará",816895.8,2.0,2.0,57.0,1.0,16/07/2026,43984660,https://chilepropiedades.cl/ver-publicacion/arriendo-mensual/nunoa/departamento/pucara/43984660,arriendo-mensual,departamento,20.0
Ñuñoa,"Ñuñoa, General bustamante /vicuña makenna",440000.0,1.0,1.0,45.0,,16/07/2026,124998053,https://chilepropiedades.cl/ver-publicacion/arriendo-mensual/nunoa/departamento/general-bustamante-vicuna-makenna/124998053,arriendo-mensual,departamento,10.77248775180384
Ñuñoa,"Ñuñoa, Emilia Tellez / Coventry",500000.0,1.0,1.0,39.0,,15/07/2026,124878445,https://chilepropiedades.cl/ver-publicacion/arriendo-mensual/nunoa/departamento/emilia-tellez-coventry/124878445,arriendo-mensual,departamento,12.241463354322546
Ñuñoa,"Ñuñoa, Hermoso departamento en ñuñoa (175635)",600000.0,2.0,2.0,62.0,1.0,15/07/2026,124875736,https://chilepropiedades.cl/ver-publicacion/arriendo-mensual/nunoa/departamento/hermoso-departamento-en-nunoa-175635/124875736,arriendo-mensual,departamento,14.689756025187055
Ñuñoa,"Ñuñoa, Avenida Vicuña Mackenna",420000.0,1.0,1.0,35.0,,15/07/2026,98293988,https://chilepropiedades.cl/ver-publicacion/arriendo-mensual/nunoa/departamento/avenida-vicuna-mackenna/98293988,arriendo-mensual,departamento,10.282829217630939
Ñuñoa,"Ñuñoa, Zañartu",450000.0,1.0,1.0,42.0,,15/07/2026,124866060,https://chilepropiedades.cl/ver-publicacion/arriendo-mensual/nunoa/departamento/zanartu/124866060,arriendo-mensual,departamento,11.017317018890292
Ñuñoa,"Ñuñoa, Barrio Italia 2d 2b 1e 1b (85841)",750000.0,2.0,2.0,60.0,1.0,15/07/2026,76496035,https://chilepropiedades.cl/ver-publicacion/arriendo-mensual/nunoa/departamento/barrio-italia-2d-2b-1e-1b-85841/76496035,arriendo-mensual,departamento,18.362195031483818
Ñuñoa,"Ñuñoa, Echeñique / Ossa",820000.0,2.0,2.0,69.0,1.0,15/07/2026,124863251,https://chilepropiedades.cl/ver-publicacion/arriendo-mensual/nunoa/departamento/echenique-ossa/124863251,arriendo-mensual,departamento,20.075999901088977
Ñuñoa,"Ñuñoa, zañartu 980",490000.0,2.0,2.0,55.0,,15/07/2026,124862538,https://chilepropiedades.cl/ver-publicacion/arriendo-mensual/nunoa/departamento/zanartu-980/124862538,arriendo-mensual,departamento,11.996634087236096
Ñuñoa,"Ñuñoa, Seminario 1035 ñuñoa",750000.0,3.0,1.0,75.0,1.0,15/07/2026,124853832,https://chilepropiedades.cl/ver-publicacion/arriendo-mensual/nunoa/departamento/seminario-1035-nunoa/124853832,arriendo-mensual,departamento,18.362195031483818
Ñuñoa,"Ñuñoa, Guillermo Mann 1401",470000.0,2.0,1.0,,,15/07/2026,115693917,https://chilepropiedades.cl/ver-publicacion/arriendo-mensual/nunoa/departamento/guillermo-mann-1401/115693917,arriendo-mensual,departamento,11.506975553063194
Ñuñoa,"Ñuñoa, Los avellanos",580000.0,1.0,1.0,42.0,1.0,15/07/2026,124846244,https://chilepropiedades.cl/ver-publicacion/arriendo-mensual/nunoa/departamento/los-avellanos/124846244,arriendo-mensual,departamento,14.200097491014153
Ñuñoa,"Ñuñoa, San Eugenio 401, Ñuñoa, Región Metropolitana de Santiago 7750000, Chile",580000.0,1.0,1.0,40.0,,15/07/2026,124846032,https://chilepropiedades.cl/ver-publicacion/arriendo-mensual/nunoa/departamento/san-eugenio-401-nunoa-region-metropolitana-de-santiago-7750000-chile/124846032,arriendo-mensual,departamento,14.200097491014153
Ñuñoa,"Ñuñoa, Lindo depto 1d1b - ñuñoa metro ñuble",430000.0,1.0,1.0,46.0,,15/07/2026,111181014,https://chilepropiedades.cl/ver-publicacion/arriendo-mensual/nunoa/departamento/lindo-depto-1d1b-nunoa-metro-nuble/111181014,arriendo-mensual,departamento,10.52765848471739
Ñuñoa,"Ñuñoa, Plaza zañartu, av. Pedro de valdivia y rodrigo de araya",490000.0,1.0,1.0,44.0,,14/07/2026,85735472,https://chilepropiedades.cl/ver-publicacion/arriendo-mensual/nunoa/departamento/plaza-zanartu-av-pedro-de-valdivia-y-rodrigo-de-araya/85735472,arriendo-mensual,departamento,11.996634087236096
Ñuñoa,"Ñuñoa, Amplio y moderno estudio - metro ñuble, ñuñoa",330000.0,1.0,1.0,34.0,,14/07/2026,112491683,https://chilepropiedades.cl/ver-publicacion/arriendo-mensual/nunoa/departamento/amplio-y-moderno-estudio-metro-nuble-nunoa/112491683,arriendo-mensual,departamento,8.079365813852881
Ñuñoa,"Ñuñoa, Metro Chile España",730000.0,2.0,2.0,55.0,1.0,14/07/2026,124744528,https://chilepropiedades.cl/ver-publicacion/arriendo-mensual/nunoa/departamento/metro-chile-espana/124744528,arriendo-mensual,departamento,17.872536497310918
Ñuñoa,"Ñuñoa, Metro Santa Isabel",694361.43,2.0,2.0,50.0,1.0,14/07/2026,124744506,https://chilepropiedades.cl/ver-publicacion/arriendo-mensual/nunoa/departamento/metro-santa-isabel/124744506,arriendo-mensual,departamento,17.0
Ñuñoa,"Ñuñoa, Avda. Vicuña Nackenna 1947",345000.0,1.0,1.0,36.0,,14/07/2026,124737668,https://chilepropiedades.cl/ver-publicacion/arriendo-mensual/nunoa/departamento/avda-vicuna-nackenna-1947/124737668,arriendo-mensual,departamento,8.446609714482557
Ñuñoa,"Ñuñoa, Acogedor departamento (175480)",680000.0,1.0,1.0,45.0,,14/07/2026,124726061,https://chilepropiedades.cl/ver-publicacion/arriendo-mensual/nunoa/departamento/acogedor-departamento-175480/124726061,arriendo-mensual,departamento,16.648390161878662
Ñuñoa,"Ñuñoa, Seminario / Irarrazaval",571827.06,1.0,1.0,55.0,1.0,14/07/2026,95723999,https://chilepropiedades.cl/ver-publicacion/arriendo-mensual/nunoa/departamento/seminario-irarrazaval/95723999,arriendo-mensual,departamento,14.0
Ñuñoa,"Ñuñoa, Se Arrienda Hermoso Dpto en Ñuñoa Smat Too (175407)",565000.0,2.0,1.0,46.39,,14/07/2026,124721365,https://chilepropiedades.cl/ver-publicacion/arriendo-mensual/nunoa/departamento/se-arrienda-hermoso-dpto-en-nunoa-smat-too-175407/124721365,arriendo-mensual,departamento,13.832853590384477
Ñuñoa,"Ñuñoa, Av. Salvador / Metro Monseñor Eyzaguirre, Ñuñoa",630000.0,2.0,1.0,55.0,,13/07/2026,60274213,https://chilepropiedades.cl/ver-publicacion/arriendo-mensual/nunoa/departamento/av-salvador-metro-monsenor-eyzaguirre-nunoa/60274213,arriendo-mensual,departamento,15.424243826446409
Ñuñoa,Se Arrienda Departamento en Ñuñoa (J.D.Cañas/Campo de Deportes),900000.0,3.0,2.0,90.0,1.0,13/07/2026,124608013,https://chilepropiedades.cl/ver-publicacion/arriendo-mensual/nunoa/departamento/jose-domingo-canas-2001/124608013,arriendo-mensual,departamento,22.034634037780584
Ñuñoa,"Ñuñoa, Carlos dittborn 400 ñuñoa",690000.0,3.0,1.0,95.0,1.0,12/07/2026,124582267,https://chilepropiedades.cl/ver-publicacion/arriendo-mensual/nunoa/departamento/carlos-dittborn-400-nunoa/124582267,arriendo-mensual,departamento,16.893219428965114
Ñuñoa,"Ñuñoa, Til til",375000.0,1.0,1.0,38.0,,12/07/2026,59300035,https://chilepropiedades.cl/ver-publicacion/arriendo-mensual/nunoa/departamento/til-til/59300035,arriendo-mensual,departamento,9.181097515741909
Ñuñoa,"Ñuñoa, Estadio Nacional",595000.0,2.0,2.0,54.0,1.0,12/07/2026,124537672,https://chilepropiedades.cl/ver-publicacion/arriendo-mensual/nunoa/departamento/estadio-nacional/124537672,arriendo-mensual,departamento,14.56734139164383
Ñuñoa,"Ñuñoa, Tu puedes ser el primer residente del dpto (174951)",530000.0,2.0,2.0,42.0,1.0,11/07/2026,124485201,https://chilepropiedades.cl/ver-publicacion/arriendo-mensual/nunoa/departamento/tu-puedes-ser-el-primer-residente-del-dpto-174951/124485201,arriendo-mensual,departamento,12.9759511555819
Ñuñoa,"Ñuñoa, Jorge washington plaza ñuñoa",580000.0,1.0,1.0,46.0,,11/07/2026,93911168,https://chilepropiedades.cl/ver-publicacion/arriendo-mensual/nunoa/departamento/jorge-washington-plaza-nunoa/93911168,arriendo-mensual,departamento,14.200097491014153
Ñuñoa,"Ñuñoa, Depto 2D y 2B Metro Chile España (174843)",950000.0,2.0,2.0,90.0,1.0,11/07/2026,124480434,https://chilepropiedades.cl/ver-publicacion/arriendo-mensual/nunoa/departamento/depto-2d-y-2b-metro-chile-espana-174843/124480434,arriendo-mensual,departamento,23.258780373212836
Ñuñoa,"Ñuñoa, Plaza egaña 100",890000.0,2.0,2.0,58.0,352.0,11/07/2026,120034954,https://chilepropiedades.cl/ver-publicacion/arriendo-mensual/nunoa/departamento/plaza-egana-100/120034954,arriendo-mensual,departamento,21.789804770694133
Ñuñoa,"Ñuñoa, Metro ñuble",450000.0,1.0,1.0,35.2,,11/07/2026,124456299,https://chilepropiedades.cl/ver-publicacion/arriendo-mensual/nunoa/departamento/metro-nuble/124456299,arriendo-mensual,departamento,11.017317018890292
Ñuñoa,"Ñuñoa, Condell",776051.01,2.0,2.0,72.0,1.0,11/07/2026,6412999,https://chilepropiedades.cl/ver-publicacion/arriendo-mensual/nunoa/departamento/condell/6412999,arriendo-mensual,departamento,19.0
Ñuñoa,"Ñuñoa, Acogedor departamento (175081)",620000.0,1.0,1.0,45.0,1.0,11/07/2026,124450571,https://chilepropiedades.cl/ver-publicacion/arriendo-mensual/nunoa/departamento/acogedor-departamento-175081/124450571,arriendo-mensual,departamento,15.179414559359957
Ñuñoa,"Ñuñoa, Acogedor departamento (174982)",550000.0,1.0,1.0,45.0,1.0,11/07/2026,124450543,https://chilepropiedades.cl/ver-publicacion/arriendo-mensual/nunoa/departamento/acogedor-departamento-174982/124450543,arriendo-mensual,departamento,13.465609689754801
Ñuñoa,"Ñuñoa, Metro ñuble",640000.0,2.0,2.0,52.0,,10/07/2026,123520594,https://chilepropiedades.cl/ver-publicacion/arriendo-mensual/nunoa/departamento/metro-nuble/123520594,arriendo-mensual,departamento,15.669073093532859
Ñuñoa,"Ñuñoa, KLG - Mujica con Bustamante, Metro Irarrázaval Depto 1D 1B Impecable, Barrio Italia",520000.0,1.0,1.0,37.0,,10/07/2026,114100356,https://chilepropiedades.cl/ver-publicacion/arriendo-mensual/nunoa/departamento/klg-mujica-con-bustamante-metro-irarrazaval-depto-1d-1b-impecable-barrio-italia/114100356,arriendo-mensual,departamento,12.731121888495448
Ñuñoa,"Ñuñoa, Calle los alerces- estadio nacional",520000.0,2.0,2.0,52.0,,10/07/2026,124399936,https://chilepropiedades.cl/ver-publicacion/arriendo-mensual/nunoa/departamento/calle-los-alerces-estadio-nacional/124399936,arriendo-mensual,departamento,12.731121888495448
Ñuñoa,"Ñuñoa, Estadio nacional",490000.0,2.0,1.0,54.0,,10/07/2026,124399897,https://chilepropiedades.cl/ver-publicacion/arriendo-mensual/nunoa/departamento/estadio-nacional/124399897,arriendo-mensual,departamento,11.996634087236096
Ñuñoa,"Ñuñoa, San Eugenio 1209",400000.0,1.0,1.0,42.0,,10/07/2026,124398096,https://chilepropiedades.cl/ver-publicacion/arriendo-mensual/nunoa/departamento/san-eugenio-1209/124398096,arriendo-mensual,departamento,9.793170683458037
Ñuñoa,"Ñuñoa, Arriendo moderno departamento a pasos del metro villa frei, ñuñoa.",694361.43,2.0,2.0,70.0,1.0,10/07/2026,124396421,https://chilepropiedades.cl/ver-publicacion/arriendo-mensual/nunoa/departamento/arriendo-moderno-departamento-a-pasos-del-metro-villa-frei-nunoa/124396421,arriendo-mensual,departamento,17.0
Ñuñoa,"Ñuñoa, Plaza ñuñoa | av. Irarrazaval",580000.0,1.0,1.0,45.0,1.0,10/07/2026,124394948,https://chilepropiedades.cl/ver-publicacion/arriendo-mensual/nunoa/departamento/plaza-nunoa-av-irarrazaval/124394948,arriendo-mensual,departamento,14.200097491014153
Ñuñoa,"Ñuñoa, Santa Elvira casi esquina V.Mackenna",375000.0,1.0,1.0,37.0,,10/07/2026,124394452,https://chilepropiedades.cl/ver-publicacion/arriendo-mensual/nunoa/departamento/santa-elvira-casi-esquina-v-mackenna/124394452,arriendo-mensual,departamento,9.181097515741909
Ñuñoa,"Ñuñoa, Julio prado /sucre",595000.0,1.0,,40.0,,10/07/2026,124391257,https://chilepropiedades.cl/ver-publicacion/arriendo-mensual/nunoa/departamento/julio-prado-sucre/124391257,arriendo-mensual,departamento,14.56734139164383
Ñuñoa,"Ñuñoa, Zañartu 1905",590000.0,2.0,2.0,56.0,1.0,10/07/2026,124382916,https://chilepropiedades.cl/ver-publicacion/arriendo-mensual/nunoa/departamento/zanartu-1905/124382916,arriendo-mensual,departamento,14.444926758100605
Ñuñoa,Hermoso y Acogedor Departamento a Pasos de Portal Ñuñoa,715000.0,2.0,2.0,54.0,1.0,09/07/2026,124337598,https://chilepropiedades.cl/ver-publicacion/arriendo-mensual/nunoa/departamento/virginio-arias-1371/124337598,arriendo-mensual,departamento,17.50529259668124
Ñuñoa,"Ñuñoa, Avenida Vicuña Mackenna 1865",330000.0,,1.0,31.0,,09/07/2026,124308545,https://chilepropiedades.cl/ver-publicacion/arriendo-mensual/nunoa/departamento/avenida-vicuna-mackenna-1865/124308545,arriendo-mensual,departamento,8.079365813852881
Ñuñoa,"Ñuñoa, Bustamante 772 ñuñoa",620000.0,2.0,1.0,68.0,1.0,09/07/2026,124291778,https://chilepropiedades.cl/ver-publicacion/arriendo-mensual/nunoa/departamento/bustamante-772-nunoa/124291778,arriendo-mensual,departamento,15.179414559359957
Ñuñoa,"Ñuñoa, Av. Américo vespucio 291, ñuñoa – sector plaza egaña.",950000.0,2.0,2.0,98.4,,09/07/2026,124291729,https://chilepropiedades.cl/ver-publicacion/arriendo-mensual/nunoa/departamento/av-americo-vespucio-291-nunoa-sector-plaza-egana/124291729,arriendo-mensual,departamento,23.258780373212836
Ñuñoa,"Ñuñoa, Guillermo Mann 1751",435000.0,1.0,1.0,40.0,,08/07/2026,124189433,https://chilepropiedades.cl/ver-publicacion/arriendo-mensual/nunoa/departamento/guillermo-mann-1751/124189433,arriendo-mensual,departamento,10.650073118260615
Ñuñoa,"Ñuñoa, Zañartu 2075, Ñuñoa",540000.0,2.0,1.0,51.0,1.0,08/07/2026,124184888,https://chilepropiedades.cl/ver-publicacion/arriendo-mensual/nunoa/departamento/zanartu-2075-nunoa/124184888,arriendo-mensual,departamento,13.22078042266835
Ñuñoa,"Ñuñoa, Amoblado 3 dorm+2 baños + est metro irarrazaval",1150000.0,3.0,2.0,82.0,1.0,08/07/2026,26888531,https://chilepropiedades.cl/ver-publicacion/arriendo-mensual/nunoa/departamento/amoblado-3-dorm-2-banos-est-metro-irarrazaval/26888531,arriendo-mensual,departamento,28.155365714941855
Ñuñoa,"Ñuñoa, Avenida Irarrázaval",500000.0,1.0,1.0,38.0,1.0,08/07/2026,124177101,https://chilepropiedades.cl/ver-publicacion/arriendo-mensual/nunoa/departamento/avenida-irarrazaval/124177101,arriendo-mensual,departamento,12.241463354322546
Ñuñoa,"Ñuñoa, Avenida Irarrázaval 1970, Ñuñoa, Región Metropolitana de Santiago 7750000, Chile",560000.0,1.0,1.0,40.0,,08/07/2026,124175041,https://chilepropiedades.cl/ver-publicacion/arriendo-mensual/nunoa/departamento/avenida-irarrazaval-1970-nunoa-region-metropolitana-de-santiago-7750000-chile/124175041,arriendo-mensual,departamento,13.710438956841251
Ñuñoa,"Ñuñoa, semi-amob. 2dorm 2 bañ Estc. Bod. a pasos metro (174716)",760000.0,2.0,2.0,57.0,1.0,08/07/2026,124173315,https://chilepropiedades.cl/ver-publicacion/arriendo-mensual/nunoa/departamento/semi-amob-2dorm-2-ban-estc-bod-a-pasos-metro-174716/124173315,arriendo-mensual,departamento,18.60702429857027
Ñuñoa,"Ñuñoa, Se arrienda depto nuevo de 2d+1b+est en zañartu 2075. ñuñoa",550000.0,2.0,1.0,45.0,1.0,08/07/2026,124170632,https://chilepropiedades.cl/ver-publicacion/arriendo-mensual/nunoa/departamento/se-arrienda-depto-nuevo-de-2d-1b-est-en-zanartu-2075-nunoa/124170632,arriendo-mensual,departamento,13.465609689754801
Ñuñoa,"Ñuñoa, Exclente dpto con inmejorable ubicación (174642)",1061964.54,2.0,2.0,66.0,1.0,08/07/2026,124163730,https://chilepropiedades.cl/ver-publicacion/arriendo-mensual/nunoa/departamento/exclente-dpto-con-inmejorable-ubicacion-174642/124163730,arriendo-mensual,departamento,26.0
Ñuñoa,"Ñuñoa, Guillermo Mann 1401",450000.0,2.0,1.0,49.0,,07/07/2026,124150435,https://chilepropiedades.cl/ver-publicacion/arriendo-mensual/nunoa/departamento/guillermo-mann-1401/124150435,arriendo-mensual,departamento,11.017317018890292
Ñuñoa,"Ñuñoa, Guillermo Mann 1751",430000.0,1.0,1.0,40.0,,07/07/2026,124150400,https://chilepropiedades.cl/ver-publicacion/arriendo-mensual/nunoa/departamento/guillermo-mann-1751/124150400,arriendo-mensual,departamento,10.52765848471739
Ñuñoa,"Depto 2D/2B, Amoblado, Estacionamiento y Bodega, Ñuñoa",700000.0,2.0,2.0,55.0,1.0,07/07/2026,124091462,https://chilepropiedades.cl/ver-publicacion/arriendo-mensual/nunoa/departamento/zanartu-980/124091462,arriendo-mensual,departamento,17.138048696051566
Ñuñoa,"Ñuñoa, Depto en excelente estado (174431)",850000.0,2.0,2.0,67.0,1.0,07/07/2026,124084429,https://chilepropiedades.cl/ver-publicacion/arriendo-mensual/nunoa/departamento/depto-en-excelente-estado-174431/124084429,arriendo-mensual,departamento,20.81048770234833
Ñuñoa,"Ñuñoa, Francisco Meneses",500000.0,1.0,1.0,35.0,1.0,07/07/2026,124082361,https://chilepropiedades.cl/ver-publicacion/arriendo-mensual/nunoa/departamento/francisco-meneses/124082361,arriendo-mensual,departamento,12.241463354322546
Ñuñoa,"Ñuñoa, Emilia Tellez con Coventry",530000.0,1.0,1.0,40.0,1.0,07/07/2026,124081778,https://chilepropiedades.cl/ver-publicacion/arriendo-mensual/nunoa/departamento/emilia-tellez-con-coventry/124081778,arriendo-mensual,departamento,12.9759511555819
Ñuñoa,"Ñuñoa, Estadio Nacional Julio Martínez Prádanos, Ñuñoa",500000.0,2.0,2.0,46.0,1.0,07/07/2026,124024228,https://chilepropiedades.cl/ver-publicacion/arriendo-mensual/nunoa/departamento/estadio-nacional-julio-martinez-pradanos-nunoa/124024228,arriendo-mensual,departamento,12.241463354322546
Ñuñoa,Departamento en Ñuñoa 1D/1B a Pasos Pedro Valdivia/Simón Bolivar,480000.0,1.0,1.0,48.0,1.0,07/07/2026,124019883,https://chilepropiedades.cl/ver-publicacion/arriendo-mensual/nunoa/departamento/luis-uribe-2320-entre-pedro-de-valdivia-y-marchant-pereira-luis-uribe-esta-a-una-cuadra-de-simon-bolivar-boli/124019883,arriendo-mensual,departamento,11.751804820149644
Ñuñoa,"Ñuñoa, Pedro Torres",500000.0,1.0,1.0,50.0,,06/07/2026,42225794,https://chilepropiedades.cl/ver-publicacion/arriendo-mensual/nunoa/departamento/pedro-torres/42225794,arriendo-mensual,departamento,12.241463354322546
Ñuñoa,"Ñuñoa, Pedro Torres",530000.0,1.0,1.0,50.0,1.0,06/07/2026,41960745,https://chilepropiedades.cl/ver-publicacion/arriendo-mensual/nunoa/departamento/pedro-torres/41960745,arriendo-mensual,departamento,12.9759511555819
Ñuñoa,"Ñuñoa, Til til",240000.0,1.0,1.0,32.0,1.0,06/07/2026,72124122,https://chilepropiedades.cl/ver-publicacion/arriendo-mensual/nunoa/departamento/til-til/72124122,arriendo-mensual,departamento,5.875902410074822
Ñuñoa,"Ñuñoa, Guillermo Mann 1401",480000.0,2.0,1.0,33.0,,05/07/2026,123889669,https://chilepropiedades.cl/ver-publicacion/arriendo-mensual/nunoa/departamento/guillermo-mann-1401/123889669,arriendo-mensual,departamento,11.751804820149644
Ñuñoa,"Ñuñoa, campo de deportes 80",650000.0,1.0,1.0,35.0,1.0,05/07/2026,123886321,https://chilepropiedades.cl/ver-publicacion/arriendo-mensual/nunoa/departamento/campo-de-deportes-80/123886321,arriendo-mensual,departamento,15.91390236061931
Ñuñoa,"Ñuñoa, Brigida Walker",560000.0,2.0,2.0,55.0,,05/07/2026,123880715,https://chilepropiedades.cl/ver-publicacion/arriendo-mensual/nunoa/departamento/brigida-walker/123880715,arriendo-mensual,departamento,13.710438956841251
Ñuñoa,"Ñuñoa, Avenida Rodrigo de Araya",480000.0,1.0,1.0,40.0,1.0,05/07/2026,123878737,https://chilepropiedades.cl/ver-publicacion/arriendo-mensual/nunoa/departamento/avenida-rodrigo-de-araya/123878737,arriendo-mensual,departamento,11.751804820149644
Ñuñoa,"Ñuñoa, Metro los orientales / exequiel figueroa",571827.06,1.0,1.0,35.0,1.0,05/07/2026,123878048,https://chilepropiedades.cl/ver-publicacion/arriendo-mensual/nunoa/departamento/metro-los-orientales-exequiel-figueroa/123878048,arriendo-mensual,departamento,14.0
Ñuñoa,"Ñuñoa, Quirihue, Duble Almeyda",980000.0,3.0,2.0,90.0,1.0,05/07/2026,123873333,https://chilepropiedades.cl/ver-publicacion/arriendo-mensual/nunoa/departamento/quirihue-duble-almeyda/123873333,arriendo-mensual,departamento,23.993268174472192
Ñuñoa,"Ñuñoa, Irarrazaval/Julio Prado",650000.0,2.0,2.0,66.0,1.0,05/07/2026,123872736,https://chilepropiedades.cl/ver-publicacion/arriendo-mensual/nunoa/departamento/irarrazaval-julio-prado/123872736,arriendo-mensual,departamento,15.91390236061931
Ñuñoa,"Ñuñoa, Moderno y luminoso depto nuevo 1D 1B 1E 1Bod (173846)",480000.0,1.0,1.0,32.0,1.0,05/07/2026,123791109,https://chilepropiedades.cl/ver-publicacion/arriendo-mensual/nunoa/departamento/moderno-y-luminoso-depto-nuevo-1d-1b-1e-1bod-173846/123791109,arriendo-mensual,departamento,11.751804820149644
Ñuñoa,"Ñuñoa, Estrella solitaria metro villa frei amoblado e+b",700000.0,1.0,1.0,56.0,,05/07/2026,123790741,https://chilepropiedades.cl/ver-publicacion/arriendo-mensual/nunoa/departamento/estrella-solitaria-metro-villa-frei-amoblado-e-b/123790741,arriendo-mensual,departamento,17.138048696051566
Ñuñoa,"Acogedor Departamento en Nuñoa, Cercano a Barrio Italia",650000.0,1.0,1.0,42.0,1.0,04/07/2026,123783026,https://chilepropiedades.cl/ver-publicacion/arriendo-mensual/nunoa/departamento/julio-prado-1850/123783026,arriendo-mensual,departamento,15.91390236061931
Ñuñoa,"Ñuñoa, Zañartu",550000.0,2.0,1.0,55.0,1.0,04/07/2026,123782417,https://chilepropiedades.cl/ver-publicacion/arriendo-mensual/nunoa/departamento/zanartu/123782417,arriendo-mensual,departamento,13.465609689754801
Ñuñoa,Moderno E Impecable Departamento Amoblado a Pasos del Metro,653516.64,1.0,1.0,43.0,1.0,04/07/2026,123780933,https://chilepropiedades.cl/ver-publicacion/arriendo-mensual/nunoa/departamento/seminario-850/123780933,arriendo-mensual,departamento,16.0
Ñuñoa,"Ñuñoa, Brown norte 562",500000.0,1.0,1.0,35.0,1.0,04/07/2026,123776842,https://chilepropiedades.cl/ver-publicacion/arriendo-mensual/nunoa/departamento/brown-norte-562/123776842,arriendo-mensual,departamento,12.241463354322546
Ñuñoa,"Ñuñoa, Doctor Johow 995",420000.0,1.0,1.0,40.0,,04/07/2026,119519035,https://chilepropiedades.cl/ver-publicacion/arriendo-mensual/nunoa/departamento/doctor-johow-995/119519035,arriendo-mensual,departamento,10.282829217630939
Ñuñoa,"Ñuñoa, Avenida Vicuña Mackenna 1290",490000.0,1.0,1.0,38.31,,04/07/2026,119997532,https://chilepropiedades.cl/ver-publicacion/arriendo-mensual/nunoa/departamento/avenida-vicuna-mackenna-1290/119997532,arriendo-mensual,departamento,11.996634087236096
Ñuñoa,"Ñuñoa, Avenida Vicuña Mackenna 1290",560000.0,1.0,1.0,39.75,1.0,04/07/2026,119998021,https://chilepropiedades.cl/ver-publicacion/arriendo-mensual/nunoa/departamento/avenida-vicuna-mackenna-1290/119998021,arriendo-mensual,departamento,13.710438956841251
Ñuñoa,"Ñuñoa, Avenida Vicuña Mackenna 1290",700000.0,1.0,1.0,39.75,1.0,04/07/2026,120000182,https://chilepropiedades.cl/ver-publicacion/arriendo-mensual/nunoa/departamento/avenida-vicuna-mackenna-1290/120000182,arriendo-mensual,departamento,17.138048696051566
Ñuñoa,"Ñuñoa, Avenida Vicuña Mackenna 1290",600000.0,1.0,1.0,38.31,,04/07/2026,120001187,https://chilepropiedades.cl/ver-publicacion/arriendo-mensual/nunoa/departamento/avenida-vicuna-mackenna-1290/120001187,arriendo-mensual,departamento,14.689756025187055
Ñuñoa,"Ñuñoa, Dr. Johow 995",420000.0,1.0,1.0,40.0,1.0,04/07/2026,118928244,https://chilepropiedades.cl/ver-publicacion/arriendo-mensual/nunoa/departamento/dr-johow-995/118928244,arriendo-mensual,departamento,10.282829217630939
Ñuñoa,"Ñuñoa, Lo encalada 151, comuna de Ñuñoa",460000.0,1.0,1.0,41.0,2.0,04/07/2026,95173588,https://chilepropiedades.cl/ver-publicacion/arriendo-mensual/nunoa/departamento/lo-encalada-151-comuna-de-nunoa/95173588,arriendo-mensual,departamento,11.262146285976742
Ñuñoa,"Ñuñoa, Luninoso depto 2D-1B V. Mackenna, oportunidad (173516)",390000.0,2.0,1.0,50.0,,04/07/2026,123725753,https://chilepropiedades.cl/ver-publicacion/arriendo-mensual/nunoa/departamento/luninoso-depto-2d-1b-v-mackenna-oportunidad-173516/123725753,arriendo-mensual,departamento,9.548341416371587
Ñuñoa,"Arriendo Nuevo y Bello Depto Ñuñoa 2B 2 Terrazas, Piscina",550000.0,2.0,1.0,48.0,,03/07/2026,123716351,https://chilepropiedades.cl/ver-publicacion/arriendo-mensual/nunoa/departamento/francisco-meneses-1580/123716351,arriendo-mensual,departamento,13.465609689754801
Ñuñoa,"Ñuñoa, Acogedor departamento en Ñuñoa (99715)",680000.0,2.0,1.0,66.0,1.0,03/07/2026,84496508,https://chilepropiedades.cl/ver-publicacion/arriendo-mensual/nunoa/departamento/acogedor-departamento-en-nunoa-99715/84496508,arriendo-mensual,departamento,16.648390161878662
Ñuñoa,"Ñuñoa, Nunoa (170537)",550000.0,2.0,2.0,43.0,,03/07/2026,121948889,https://chilepropiedades.cl/ver-publicacion/arriendo-mensual/nunoa/departamento/nunoa-170537/121948889,arriendo-mensual,departamento,13.465609689754801
Ñuñoa,"Ñuñoa, Guillermo Mann 1401",365000.0,1.0,1.0,32.0,,03/07/2026,123687747,https://chilepropiedades.cl/ver-publicacion/arriendo-mensual/nunoa/departamento/guillermo-mann-1401/123687747,arriendo-mensual,departamento,8.936268248655459
Ñuñoa,"Ñuñoa, Guillermo Mann 1401",450000.0,2.0,1.0,41.0,,03/07/2026,123687723,https://chilepropiedades.cl/ver-publicacion/arriendo-mensual/nunoa/departamento/guillermo-mann-1401/123687723,arriendo-mensual,departamento,11.017317018890292
Ñuñoa,"Ñuñoa, Guillermo Mann 1401",530000.0,2.0,1.0,43.0,1.0,03/07/2026,123687693,https://chilepropiedades.cl/ver-publicacion/arriendo-mensual/nunoa/departamento/guillermo-mann-1401/123687693,arriendo-mensual,departamento,12.9759511555819
Ñuñoa,"Ñuñoa, Guillermo Mann 1401",550000.0,2.0,1.0,45.0,1.0,03/07/2026,123687664,https://chilepropiedades.cl/ver-publicacion/arriendo-mensual/nunoa/departamento/guillermo-mann-1401/123687664,arriendo-mensual,departamento,13.465609689754801
Ñuñoa,"Ñuñoa, Lindo depto - disponibilidad inmediata",300000.0,1.0,1.0,25.0,,03/07/2026,123684936,https://chilepropiedades.cl/ver-publicacion/arriendo-mensual/nunoa/departamento/lindo-depto-disponibilidad-inmediata/123684936,arriendo-mensual,departamento,7.344878012593528
Ñuñoa,"Ñuñoa, Avda. Coventry / irarrázabal",475000.0,1.0,1.0,27.0,,03/07/2026,123681129,https://chilepropiedades.cl/ver-publicacion/arriendo-mensual/nunoa/departamento/avda-coventry-irarrazabal/123681129,arriendo-mensual,departamento,11.629390186606418
Ñuñoa,"Ñuñoa, Manuel montt con sucre",800000.0,2.0,2.0,59.0,,03/07/2026,123678188,https://chilepropiedades.cl/ver-publicacion/arriendo-mensual/nunoa/departamento/manuel-montt-con-sucre/123678188,arriendo-mensual,departamento,19.586341366916074
Ñuñoa,"Ñuñoa, A 50 metros de vicuña mackenna",400000.0,1.0,1.0,46.0,,03/07/2026,123668384,https://chilepropiedades.cl/ver-publicacion/arriendo-mensual/nunoa/departamento/a-50-metros-de-vicuna-mackenna/123668384,arriendo-mensual,departamento,9.793170683458037
Ñuñoa,Hermoso Departamente Remodelado Metro Ñuble,650000.0,2.0,1.0,49.0,1.0,02/07/2026,123625245,https://chilepropiedades.cl/ver-publicacion/arriendo-mensual/nunoa/departamento/san-eugenio-1085/123625245,arriendo-mensual,departamento,15.91390236061931
Ñuñoa,"Ñuñoa, A dos cuadras del metro Monseñor Eysaguirre y a ocho cuadras del metro Irarrázabal",1100000.0,3.0,3.0,132.0,2.0,02/07/2026,123617539,https://chilepropiedades.cl/ver-publicacion/arriendo-mensual/nunoa/departamento/a-dos-cuadras-del-metro-monsenor-eysaguirre-y-a-ocho-cuadras-del-metro-irarrazabal/123617539,arriendo-mensual,departamento,26.931219379509603
Ñuñoa,"Ñuñoa, Seminario",500000.0,1.0,1.0,41.0,,02/07/2026,81038763,https://chilepropiedades.cl/ver-publicacion/arriendo-mensual/nunoa/departamento/seminario/81038763,arriendo-mensual,departamento,12.241463354322546
Ñuñoa,"Ñuñoa, Av. José Pedro Alessandri 433",760000.0,2.0,2.0,64.7,1.0,01/07/2026,47195396,https://chilepropiedades.cl/ver-publicacion/arriendo-mensual/nunoa/departamento/av-jose-pedro-alessandri-433/47195396,arriendo-mensual,departamento,18.60702429857027
Ñuñoa,"Ñuñoa, Pedro Torres 4",560000.0,1.0,1.0,40.0,1.0,01/07/2026,24662828,https://chilepropiedades.cl/ver-publicacion/arriendo-mensual/nunoa/departamento/pedro-torres-4/24662828,arriendo-mensual,departamento,13.710438956841251
Ñuñoa,"Ñuñoa, Salvador/ Avda Italia",816895.8,2.0,2.0,65.0,1.0,01/07/2026,123533523,https://chilepropiedades.cl/ver-publicacion/arriendo-mensual/nunoa/departamento/salvador-avda-italia/123533523,arriendo-mensual,departamento,20.0
Ñuñoa,"Ñuñoa, Manuel de Salas 147",760000.0,2.0,2.0,70.0,1.0,01/07/2026,66246750,https://chilepropiedades.cl/ver-publicacion/arriendo-mensual/nunoa/departamento/manuel-de-salas-147/66246750,arriendo-mensual,departamento,18.60702429857027
Ñuñoa,"Ñuñoa, Jorge monckeberg",1184498.91,2.0,1.0,80.0,,01/07/2026,123517974,https://chilepropiedades.cl/ver-publicacion/arriendo-mensual/nunoa/departamento/jorge-monckeberg/123517974,arriendo-mensual,departamento,29.0
Ñuñoa,"Ñuñoa, Rodrigo de Araya 1600",380000.0,1.0,1.0,36.0,,01/07/2026,123516746,https://chilepropiedades.cl/ver-publicacion/arriendo-mensual/nunoa/departamento/rodrigo-de-araya-1600/123516746,arriendo-mensual,departamento,9.303512149285135
Ñuñoa,"Ñuñoa, Til til",400000.0,1.0,1.0,32.0,,30/06/2026,77444965,https://chilepropiedades.cl/ver-publicacion/arriendo-mensual/nunoa/departamento/til-til/77444965,arriendo-mensual,departamento,9.793170683458037
Ñuñoa,"Ñuñoa, Tegualda",700000.0,2.0,1.0,62.0,1.0,29/06/2026,84450454,https://chilepropiedades.cl/ver-publicacion/arriendo-mensual/nunoa/departamento/tegualda/84450454,arriendo-mensual,departamento,17.138048696051566
Ñuñoa,"Ñuñoa, San eugenio 1209 metro ñuble",510000.0,1.0,1.0,40.0,,29/06/2026,123340316,https://chilepropiedades.cl/ver-publicacion/arriendo-mensual/nunoa/departamento/san-eugenio-1209-metro-nuble/123340316,arriendo-mensual,departamento,12.486292621408998
Ñuñoa,"Ñuñoa, Sucre 2455",590000.0,1.0,1.0,38.0,1.0,29/06/2026,123337760,https://chilepropiedades.cl/ver-publicacion/arriendo-mensual/nunoa/departamento/sucre-2455/123337760,arriendo-mensual,departamento,14.444926758100605
Ñuñoa,"Ñuñoa, Gran oportunidad! (172977)",500000.0,3.0,1.0,56.0,,29/06/2026,123324016,https://chilepropiedades.cl/ver-publicacion/arriendo-mensual/nunoa/departamento/gran-oportunidad-172977/123324016,arriendo-mensual,departamento,12.241463354322546
Ñuñoa,"Ñuñoa, José Domingo Cañas",690000.0,2.0,2.0,62.0,,28/06/2026,83729367,https://chilepropiedades.cl/ver-publicacion/arriendo-mensual/nunoa/departamento/jose-domingo-canas/83729367,arriendo-mensual,departamento,16.893219428965114
Ñuñoa,"Ñuñoa, San Eugenio",480000.0,1.0,1.0,33.0,1.0,28/06/2026,123227831,https://chilepropiedades.cl/ver-publicacion/arriendo-mensual/nunoa/departamento/san-eugenio/123227831,arriendo-mensual,departamento,11.751804820149644
Ñuñoa,"Ñuñoa, San Eugenio 1485",450000.0,1.0,1.0,40.0,,28/06/2026,123222538,https://chilepropiedades.cl/ver-publicacion/arriendo-mensual/nunoa/departamento/san-eugenio-1485/123222538,arriendo-mensual,departamento,11.017317018890292
Ñuñoa,"Ñuñoa, Metro m eyzaguirre - av sucre 2 estac. (172599)",1000000.0,3.0,2.0,94.0,2.0,27/06/2026,123137559,https://chilepropiedades.cl/ver-publicacion/arriendo-mensual/nunoa/departamento/metro-m-eyzaguirre-av-sucre-2-estac-172599/123137559,arriendo-mensual,departamento,24.482926708645092
Ñuñoa,"Ñuñoa, Arriendo Depto frente Portal Ñuñoa 2D 2B (172539)",650000.0,2.0,2.0,55.0,1.0,27/06/2026,123129453,https://chilepropiedades.cl/ver-publicacion/arriendo-mensual/nunoa/departamento/arriendo-depto-frente-portal-nunoa-2d-2b-172539/123129453,arriendo-mensual,departamento,15.91390236061931
Ñuñoa,"Ñuñoa, Dublé Almeyda / Rafael Prado",1600000.0,3.0,3.0,111.0,,27/06/2026,123122307,https://chilepropiedades.cl/ver-publicacion/arriendo-mensual/nunoa/departamento/duble-almeyda-rafael-prado/123122307,arriendo-mensual,departamento,39.17268273383215
Ñuñoa,"Ñuñoa, Hamburgo - Metro Simón Bolivar (167529)",620000.0,1.0,1.0,49.0,1.0,26/06/2026,120250984,https://chilepropiedades.cl/ver-publicacion/arriendo-mensual/nunoa/departamento/hamburgo-metro-simon-bolivar-167529/120250984,arriendo-mensual,departamento,15.179414559359957
Ñuñoa,"Ñuñoa, guillermo mann 1401",400000.0,1.0,1.0,38.0,,26/06/2026,123027115,https://chilepropiedades.cl/ver-publicacion/arriendo-mensual/nunoa/departamento/guillermo-mann-1401/123027115,arriendo-mensual,departamento,9.793170683458037
Ñuñoa,"Ñuñoa, Sector parque san eugenio",410000.0,1.0,1.0,43.0,1.0,26/06/2026,123023327,https://chilepropiedades.cl/ver-publicacion/arriendo-mensual/nunoa/departamento/sector-parque-san-eugenio/123023327,arriendo-mensual,departamento,10.037999950544489
Ñuñoa,"Ñuñoa, Av. Irarrazaval - plaza ñuñoa",560000.0,1.0,1.0,38.0,,26/06/2026,123023148,https://chilepropiedades.cl/ver-publicacion/arriendo-mensual/nunoa/departamento/av-irarrazaval-plaza-nunoa/123023148,arriendo-mensual,departamento,13.710438956841251
Ñuñoa,"Ñuñoa, Av. Irarrazaval - plaza ñuñoa",720000.0,2.0,2.0,45.0,,26/06/2026,123023114,https://chilepropiedades.cl/ver-publicacion/arriendo-mensual/nunoa/departamento/av-irarrazaval-plaza-nunoa/123023114,arriendo-mensual,departamento,17.627707230224466
Ñuñoa,"Ñuñoa, Av. Grecia / Obispo Orrego",650000.0,3.0,2.0,61.0,1.0,26/06/2026,123017655,https://chilepropiedades.cl/ver-publicacion/arriendo-mensual/nunoa/departamento/av-grecia-obispo-orrego/123017655,arriendo-mensual,departamento,15.91390236061931
Ñuñoa,"Ñuñoa, Eiiecer parada/battle ordoñez",653516.64,2.0,1.0,50.0,1.0,26/06/2026,123015534,https://chilepropiedades.cl/ver-publicacion/arriendo-mensual/nunoa/departamento/eiiecer-parada-battle-ordonez/123015534,arriendo-mensual,departamento,16.0
Ñuñoa,"Ñuñoa, Irarrázaval /Pedro de Valdivia",449292.69,1.0,1.0,28.0,1.0,25/06/2026,123007222,https://chilepropiedades.cl/ver-publicacion/arriendo-mensual/nunoa/departamento/irarrazaval-pedro-de-valdivia/123007222,arriendo-mensual,departamento,11.0
Ñuñoa,"Ñuñoa, Linda vista a una cuadra de irarrázaval (171979)",560000.0,1.0,1.0,40.0,1.0,25/06/2026,123001643,https://chilepropiedades.cl/ver-publicacion/arriendo-mensual/nunoa/departamento/linda-vista-a-una-cuadra-de-irarrazaval-171979/123001643,arriendo-mensual,departamento,13.710438956841251
Ñuñoa,"Ñuñoa, Carmen Covarrubias 260",800000.0,2.0,2.0,65.0,1.0,25/06/2026,121160167,https://chilepropiedades.cl/ver-publicacion/arriendo-mensual/nunoa/departamento/carmen-covarrubias-260/121160167,arriendo-mensual,departamento,19.586341366916074
Ñuñoa,"Ñuñoa, Las Palmeras/ José Pedro Alessandri",720000.0,2.0,2.0,54.0,1.0,25/06/2026,122998270,https://chilepropiedades.cl/ver-publicacion/arriendo-mensual/nunoa/departamento/las-palmeras-jose-pedro-alessandri/122998270,arriendo-mensual,departamento,17.627707230224466
Ñuñoa,"Ñuñoa, Depto. 1d 1b 1e 1b ñuñoa (172310)",600000.0,1.0,1.0,40.0,1.0,25/06/2026,122995132,https://chilepropiedades.cl/ver-publicacion/arriendo-mensual/nunoa/departamento/depto-1d-1b-1e-1b-nunoa-172310/122995132,arriendo-mensual,departamento,14.689756025187055
Ñuñoa,"Ñuñoa, Depto 2D 2B Mariposa Estrenar $780.000. Metro Ñuble (172185)",780000.0,2.0,2.0,60.0,1.0,25/06/2026,122995003,https://chilepropiedades.cl/ver-publicacion/arriendo-mensual/nunoa/departamento/depto-2d-2b-mariposa-estrenar-780-000-metro-nuble-172185/122995003,arriendo-mensual,departamento,19.096682832743173
Ñuñoa,"Ñuñoa, Promoción Arriendo 2D2B Metro Irarrázaval (171731)",694361.43,2.0,2.0,52.4,,25/06/2026,122952272,https://chilepropiedades.cl/ver-publicacion/arriendo-mensual/nunoa/departamento/promocion-arriendo-2d2b-metro-irarrazaval-171731/122952272,arriendo-mensual,departamento,17.0
Ñuñoa,"Ñuñoa, Promoción Arriendo 1D1B Metro Irarrázaval (171727)",530982.27,1.0,1.0,34.67,,25/06/2026,122952249,https://chilepropiedades.cl/ver-publicacion/arriendo-mensual/nunoa/departamento/promocion-arriendo-1d1b-metro-irarrazaval-171727/122952249,arriendo-mensual,departamento,13.0
Ñuñoa,"Ñuñoa, Excelente conectividad (171738)",612671.85,2.0,2.0,60.0,1.0,25/06/2026,122948578,https://chilepropiedades.cl/ver-publicacion/arriendo-mensual/nunoa/departamento/excelente-conectividad-171738/122948578,arriendo-mensual,departamento,15.0
Ñuñoa,"Ñuñoa, Arriendo Dpto Barrio Ñuñoa (171996)",550000.0,1.0,1.0,34.0,1.0,25/06/2026,122942787,https://chilepropiedades.cl/ver-publicacion/arriendo-mensual/nunoa/departamento/arriendo-dpto-barrio-nunoa-171996/122942787,arriendo-mensual,departamento,13.465609689754801
Ñuñoa,"Ñuñoa, Arriendo Zañartu excelente distribución.Ñuñoa (171885)",620000.0,2.0,2.0,50.0,1.0,25/06/2026,122941169,https://chilepropiedades.cl/ver-publicacion/arriendo-mensual/nunoa/departamento/arriendo-zanartu-excelente-distribucion-nunoa-171885/122941169,arriendo-mensual,departamento,15.179414559359957
Ñuñoa,"Ñuñoa, Tranquila Vida de Barrio (172014)",620000.0,2.0,2.0,55.0,1.0,25/06/2026,122938111,https://chilepropiedades.cl/ver-publicacion/arriendo-mensual/nunoa/departamento/tranquila-vida-de-barrio-172014/122938111,arriendo-mensual,departamento,15.179414559359957
Ñuñoa,"Ñuñoa, Oportunidad de Inversión en Zona Céntrica (172312)",600000.0,1.0,1.0,45.0,1.0,25/06/2026,122933942,https://chilepropiedades.cl/ver-publicacion/arriendo-mensual/nunoa/departamento/oportunidad-de-inversion-en-zona-centrica-172312/122933942,arriendo-mensual,departamento,14.689756025187055
Ñuñoa,"Ñuñoa, Lo encalada 151",460000.0,1.0,1.0,34.0,1.0,24/06/2026,33586712,https://chilepropiedades.cl/ver-publicacion/arriendo-mensual/nunoa/departamento/lo-encalada-151/33586712,arriendo-mensual,departamento,11.262146285976742
Ñuñoa,"Ñuñoa, Gaspar Villaroel 1840",440000.0,1.0,1.0,35.0,,24/06/2026,122847229,https://chilepropiedades.cl/ver-publicacion/arriendo-mensual/nunoa/departamento/gaspar-villaroel-1840/122847229,arriendo-mensual,departamento,10.77248775180384
Ñuñoa,"Ñuñoa, Til Til / Rodrigo de Araya / Ñuñoa",430000.0,1.0,1.0,38.0,1.0,24/06/2026,122841715,https://chilepropiedades.cl/ver-publicacion/arriendo-mensual/nunoa/departamento/til-til-rodrigo-de-araya-nunoa/122841715,arriendo-mensual,departamento,10.52765848471739
Ñuñoa,"Ñuñoa, Metro Irarrázaval",816895.8,2.0,2.0,75.0,1.0,24/06/2026,122839890,https://chilepropiedades.cl/ver-publicacion/arriendo-mensual/nunoa/departamento/metro-irarrazaval/122839890,arriendo-mensual,departamento,20.0
Ñuñoa,"Ñuñoa, Guillermo Mann 1401",450000.0,2.0,1.0,41.0,,24/06/2026,120861624,https://chilepropiedades.cl/ver-publicacion/arriendo-mensual/nunoa/departamento/guillermo-mann-1401/120861624,arriendo-mensual,departamento,11.017317018890292
Ñuñoa,"Ñuñoa, Exequiel Fernández / Eduardo Castillo Velasco",500000.0,1.0,1.0,40.0,,24/06/2026,122836141,https://chilepropiedades.cl/ver-publicacion/arriendo-mensual/nunoa/departamento/exequiel-fernandez-eduardo-castillo-velasco/122836141,arriendo-mensual,departamento,12.241463354322546
Ñuñoa,"Ñuñoa, Zañartu 980",499000.0,2.0,2.0,55.0,1.0,24/06/2026,122832554,https://chilepropiedades.cl/ver-publicacion/arriendo-mensual/nunoa/departamento/zanartu-980/122832554,arriendo-mensual,departamento,12.216980427613901
Ñuñoa,"Ñuñoa, San Eugenio 1331, Ñuñoa, Región Metropolitana de Santiago 7750000, Chile",410000.0,1.0,1.0,46.0,1.0,24/06/2026,122827406,https://chilepropiedades.cl/ver-publicacion/arriendo-mensual/nunoa/departamento/san-eugenio-1331-nunoa-region-metropolitana-de-santiago-7750000-chile/122827406,arriendo-mensual,departamento,10.037999950544489
Ñuñoa,"Ñuñoa, Doctor Guillermo Mann 1401, Ñuñoa, Región Metropolitana de Santiago 7750000, Chile",450000.0,1.0,1.0,32.0,1.0,24/06/2026,122825615,https://chilepropiedades.cl/ver-publicacion/arriendo-mensual/nunoa/departamento/doctor-guillermo-mann-1401-nunoa-region-metropolitana-de-santiago-7750000-chile/122825615,arriendo-mensual,departamento,11.017317018890292
Ñuñoa,"Ñuñoa, Plaza Egaña",700000.0,1.0,1.0,45.0,1.0,24/06/2026,122824781,https://chilepropiedades.cl/ver-publicacion/arriendo-mensual/nunoa/departamento/plaza-egana/122824781,arriendo-mensual,departamento,17.138048696051566
Ñuñoa,"Ñuñoa, Avenida Zañartu 1100, Ñuñoa, Santiago Metropolitan Region 7750000, Chile",390000.0,1.0,1.0,22.0,1.0,24/06/2026,122823479,https://chilepropiedades.cl/ver-publicacion/arriendo-mensual/nunoa/departamento/avenida-zanartu-1100-nunoa-santiago-metropolitan-region-7750000-chile/122823479,arriendo-mensual,departamento,9.548341416371587
Ñuñoa,"Ñuñoa, Seminario",490000.0,1.0,1.0,36.0,,24/06/2026,81987127,https://chilepropiedades.cl/ver-publicacion/arriendo-mensual/nunoa/departamento/seminario/81987127,arriendo-mensual,departamento,11.996634087236096
Ñuñoa,"Ñuñoa, Zañartu",560000.0,2.0,2.0,55.0,,23/06/2026,51804354,https://chilepropiedades.cl/ver-publicacion/arriendo-mensual/nunoa/departamento/zanartu/51804354,arriendo-mensual,departamento,13.710438956841251
Ñuñoa,"Ñuñoa, Metro Plaza Egaña",625000.0,1.0,1.0,48.0,1.0,23/06/2026,122768684,https://chilepropiedades.cl/ver-publicacion/arriendo-mensual/nunoa/departamento/metro-plaza-egana/122768684,arriendo-mensual,departamento,15.301829192903183
Ñuñoa,"Ñuñoa, Jose pedro alessandri - a pasos futura linea 8",450000.0,1.0,1.0,39.0,,23/06/2026,122768361,https://chilepropiedades.cl/ver-publicacion/arriendo-mensual/nunoa/departamento/jose-pedro-alessandri-a-pasos-futura-linea-8/122768361,arriendo-mensual,departamento,11.017317018890292
Ñuñoa,"Ñuñoa, Zañartu 1100",560000.0,2.0,2.0,65.0,1.0,23/06/2026,122765992,https://chilepropiedades.cl/ver-publicacion/arriendo-mensual/nunoa/departamento/zanartu-1100/122765992,arriendo-mensual,departamento,13.710438956841251
Ñuñoa,"Ñuñoa, 58m2 - 2 dorm 2 baños + 1 bodega",600000.0,2.0,2.0,58.0,,23/06/2026,122762284,https://chilepropiedades.cl/ver-publicacion/arriendo-mensual/nunoa/departamento/58m2-2-dorm-2-banos-1-bodega/122762284,arriendo-mensual,departamento,14.689756025187055
Ñuñoa,"Ñuñoa, Metro irarrazaval",480000.0,1.0,1.0,40.0,1.0,23/06/2026,122759767,https://chilepropiedades.cl/ver-publicacion/arriendo-mensual/nunoa/departamento/metro-irarrazaval/122759767,arriendo-mensual,departamento,11.751804820149644
Ñuñoa,"Ñuñoa, Eliecer Parada / Emilia Tellez",776051.01,2.0,2.0,67.0,1.0,23/06/2026,122758646,https://chilepropiedades.cl/ver-publicacion/arriendo-mensual/nunoa/departamento/eliecer-parada-emilia-tellez/122758646,arriendo-mensual,departamento,19.0
Ñuñoa,"Ñuñoa, Av Gracia / San Eugeneo",750000.0,1.0,1.0,43.0,,23/06/2026,122749466,https://chilepropiedades.cl/ver-publicacion/arriendo-mensual/nunoa/departamento/av-gracia-san-eugeneo/122749466,arriendo-mensual,departamento,18.362195031483818
Ñuñoa,"Ñuñoa, Avenida Vicuña Mackenna",350000.0,1.0,1.0,37.0,1.0,23/06/2026,89599604,https://chilepropiedades.cl/ver-publicacion/arriendo-mensual/nunoa/departamento/avenida-vicuna-mackenna/89599604,arriendo-mensual,departamento,8.569024348025783
Ñuñoa,"Ñuñoa, Hernán Cortez con Suecia",735206.22,2.0,2.0,80.0,1.0,22/06/2026,73411958,https://chilepropiedades.cl/ver-publicacion/arriendo-mensual/nunoa/departamento/hernan-cortez-con-suecia/73411958,arriendo-mensual,departamento,18.0
Ñuñoa,"Ñuñoa, Zañartu",400000.0,1.0,1.0,38.0,,22/06/2026,82696670,https://chilepropiedades.cl/ver-publicacion/arriendo-mensual/nunoa/departamento/zanartu/82696670,arriendo-mensual,departamento,9.793170683458037
Ñuñoa,"Ñuñoa, Metro rodrigo de araya / ñuñoa",430000.0,1.0,1.0,38.0,1.0,22/06/2026,17149502,https://chilepropiedades.cl/ver-publicacion/arriendo-mensual/nunoa/departamento/metro-rodrigo-de-araya-nunoa/17149502,arriendo-mensual,departamento,10.52765848471739
Ñuñoa,"Ñuñoa, Arriendo dpto en calle hernán cortés - 2 dorm 2 baños",770000.0,2.0,2.0,68.0,1.0,21/06/2026,122634772,https://chilepropiedades.cl/ver-publicacion/arriendo-mensual/nunoa/departamento/arriendo-dpto-en-calle-hernan-cortes-2-dorm-2-banos/122634772,arriendo-mensual,departamento,18.85185356565672
Ñuñoa,"Ñuñoa, Amplio y Luminoso Departamento Familiar (171629)",550000.0,2.0,1.0,60.0,,21/06/2026,122632652,https://chilepropiedades.cl/ver-publicacion/arriendo-mensual/nunoa/departamento/amplio-y-luminoso-departamento-familiar-171629/122632652,arriendo-mensual,departamento,13.465609689754801
Ñuñoa,"Ñuñoa, Guillermo Mann 1401",480000.0,2.0,1.0,48.0,,21/06/2026,122594451,https://chilepropiedades.cl/ver-publicacion/arriendo-mensual/nunoa/departamento/guillermo-mann-1401/122594451,arriendo-mensual,departamento,11.751804820149644
Ñuñoa,"Ñuñoa, Avda. Rodrigo de Araya / Zañartu / Til Til / Ñuñoa",370000.0,1.0,1.0,36.0,,21/06/2026,122538957,https://chilepropiedades.cl/ver-publicacion/arriendo-mensual/nunoa/departamento/avda-rodrigo-de-araya-zanartu-til-til-nunoa/122538957,arriendo-mensual,departamento,9.058682882198685
Ñuñoa,"Ñuñoa, Depto Amoblado, 1 Dorm, Estacionam, Metro (171011)",495000.0,1.0,1.0,33.0,1.0,21/06/2026,122531585,https://chilepropiedades.cl/ver-publicacion/arriendo-mensual/nunoa/departamento/depto-amoblado-1-dorm-estacionam-metro-171011/122531585,arriendo-mensual,departamento,12.11904872077932
Ñuñoa,"Ñuñoa, Amplio Departamento Metro Irarrázaval (161065)",410000.0,1.0,1.0,42.0,,20/06/2026,122528761,https://chilepropiedades.cl/ver-publicacion/arriendo-mensual/nunoa/departamento/amplio-departamento-metro-irarrazaval-161065/122528761,arriendo-mensual,departamento,10.037999950544489
Ñuñoa,"Ñuñoa, Excelente Conectividad y Diseño (171336)",390000.0,1.0,1.0,33.0,1.0,20/06/2026,122524676,https://chilepropiedades.cl/ver-publicacion/arriendo-mensual/nunoa/departamento/excelente-conectividad-y-diseno-171336/122524676,arriendo-mensual,departamento,9.548341416371587
Ñuñoa,"Ñuñoa, Til Til 1980, Ñuñoa, Región Metropolitana de Santiago 7750000, Chile",360000.0,1.0,1.0,39.0,,20/06/2026,122507970,https://chilepropiedades.cl/ver-publicacion/arriendo-mensual/nunoa/departamento/til-til-1980-nunoa-region-metropolitana-de-santiago-7750000-chile/122507970,arriendo-mensual,departamento,8.813853615112233
Ñuñoa,"Ñuñoa, Av. Irarrázaval - Estilo Mariposa Metro Ñuñoa (163227)",610000.0,2.0,2.0,75.0,1.0,20/06/2026,118099246,https://chilepropiedades.cl/ver-publicacion/arriendo-mensual/nunoa/departamento/av-irarrazaval-estilo-mariposa-metro-nunoa-163227/118099246,arriendo-mensual,departamento,14.934585292273507
Ñuñoa,"Ñuñoa, Avenida Zañartu 1100, Ñuñoa, Santiago Metropolitan Region 7750000, Chile",560000.0,2.0,2.0,42.0,1.0,20/06/2026,122488631,https://chilepropiedades.cl/ver-publicacion/arriendo-mensual/nunoa/departamento/avenida-zanartu-1100-nunoa-santiago-metropolitan-region-7750000-chile/122488631,arriendo-mensual,departamento,13.710438956841251
Ñuñoa,"Ñuñoa, Irarrazaval // Suecia",790000.0,2.0,2.0,53.0,,20/06/2026,122469526,https://chilepropiedades.cl/ver-publicacion/arriendo-mensual/nunoa/departamento/irarrazaval-suecia/122469526,arriendo-mensual,departamento,19.34151209982962
Ñuñoa,"Ñuñoa, Irarrazaval // Suecia",595000.0,1.0,1.0,42.0,,20/06/2026,122469497,https://chilepropiedades.cl/ver-publicacion/arriendo-mensual/nunoa/departamento/irarrazaval-suecia/122469497,arriendo-mensual,departamento,14.56734139164383
Ñuñoa,"Ñuñoa, San eugenio 500",398000.0,1.0,1.0,29.0,,20/06/2026,122468810,https://chilepropiedades.cl/ver-publicacion/arriendo-mensual/nunoa/departamento/san-eugenio-500/122468810,arriendo-mensual,departamento,9.744204830040747
Ñuñoa,"Ñuñoa, Metro Ñuñoa, Ñuñoa",750000.0,2.0,1.0,52.0,2.0,19/06/2026,122417023,https://chilepropiedades.cl/ver-publicacion/arriendo-mensual/nunoa/departamento/metro-nunoa-nunoa/122417023,arriendo-mensual,departamento,18.362195031483818
Ñuñoa,"Ñuñoa, Avenida Manuel Antonio Matta 040",600000.0,2.0,2.0,58.0,1.0,19/06/2026,120688631,https://chilepropiedades.cl/ver-publicacion/arriendo-mensual/nunoa/departamento/avenida-manuel-antonio-matta-040/120688631,arriendo-mensual,departamento,14.689756025187055
Ñuñoa,"Ñuñoa, presidente jose batlle y ordoñez casi esquina irarrazabal",800000.0,2.0,2.0,62.0,1.0,19/06/2026,122284771,https://chilepropiedades.cl/ver-publicacion/arriendo-mensual/nunoa/departamento/presidente-jose-batlle-y-ordonez-casi-esquina-irarrazabal/122284771,arriendo-mensual,departamento,19.586341366916074
Ñuñoa,"Ñuñoa, Dr guillermo mann con williams rebolledo",450000.0,2.0,1.0,48.9,,18/06/2026,122225318,https://chilepropiedades.cl/ver-publicacion/arriendo-mensual/nunoa/departamento/dr-guillermo-mann-con-williams-rebolledo/122225318,arriendo-mensual,departamento,11.017317018890292
Ñuñoa,"Ñuñoa, Inversión Segura en Zona Céntrica (170879)",680000.0,1.0,1.0,45.0,1.0,17/06/2026,122110304,https://chilepropiedades.cl/ver-publicacion/arriendo-mensual/nunoa/departamento/inversion-segura-en-zona-centrica-170879/122110304,arriendo-mensual,departamento,16.648390161878662
Ñuñoa,"Ñuñoa, Seminario 850",450000.0,1.0,1.0,39.0,,17/06/2026,118861305,https://chilepropiedades.cl/ver-publicacion/arriendo-mensual/nunoa/departamento/seminario-850/118861305,arriendo-mensual,departamento,11.017317018890292
Ñuñoa,"Ñuñoa, San eugenio - metro irarrazaval",540000.0,1.0,1.0,41.0,,17/06/2026,122103585,https://chilepropiedades.cl/ver-publicacion/arriendo-mensual/nunoa/departamento/san-eugenio-metro-irarrazaval/122103585,arriendo-mensual,departamento,13.22078042266835
Ñuñoa,"Ñuñoa, En plena plaza egaña ñuñoa",600000.0,1.0,1.0,38.0,1.0,17/06/2026,122078745,https://chilepropiedades.cl/ver-publicacion/arriendo-mensual/nunoa/departamento/en-plena-plaza-egana-nunoa/122078745,arriendo-mensual,departamento,14.689756025187055
Ñuñoa,"Ñuñoa, Avenida Vicuña Mackenna 1290",620000.0,2.0,2.0,55.0,1.0,16/06/2026,122018053,https://chilepropiedades.cl/ver-publicacion/arriendo-mensual/nunoa/departamento/avenida-vicuna-mackenna-1290/122018053,arriendo-mensual,departamento,15.179414559359957
Ñuñoa,"Ñuñoa, Zañartu 2075",420000.0,2.0,2.0,52.0,1.0,16/06/2026,122010499,https://chilepropiedades.cl/ver-publicacion/arriendo-mensual/nunoa/departamento/zanartu-2075/122010499,arriendo-mensual,departamento,10.282829217630939
Ñuñoa,"Ñuñoa, Excelente Inversión con Alta Conectividad (170336)",570000.0,1.0,1.0,47.0,1.0,16/06/2026,122006315,https://chilepropiedades.cl/ver-publicacion/arriendo-mensual/nunoa/departamento/excelente-inversion-con-alta-conectividad-170336/122006315,arriendo-mensual,departamento,13.955268223927703
Ñuñoa,"Ñuñoa, Depto 1d 1b 1e ñuñoa (170331)",570000.0,1.0,1.0,40.0,1.0,16/06/2026,121992204,https://chilepropiedades.cl/ver-publicacion/arriendo-mensual/nunoa/departamento/depto-1d-1b-1e-nunoa-170331/121992204,arriendo-mensual,departamento,13.955268223927703
Ñuñoa,"Ñuñoa, Departamento con excelente conectividad. (169119)",700000.0,2.0,2.0,60.0,1.0,16/06/2026,121985196,https://chilepropiedades.cl/ver-publicacion/arriendo-mensual/nunoa/departamento/departamento-con-excelente-conectividad-169119/121985196,arriendo-mensual,departamento,17.138048696051566
Ñuñoa,"Ñuñoa, Excelente ubicación en Ñuñoa (170335)",900000.0,2.0,2.0,61.0,1.0,16/06/2026,121942774,https://chilepropiedades.cl/ver-publicacion/arriendo-mensual/nunoa/departamento/excelente-ubicacion-en-nunoa-170335/121942774,arriendo-mensual,departamento,22.034634037780584
Ñuñoa,"Ñuñoa, San Eugenio 82",800000.0,4.0,2.0,100.0,,15/06/2026,121876817,https://chilepropiedades.cl/ver-publicacion/arriendo-mensual/nunoa/departamento/san-eugenio-82/121876817,arriendo-mensual,departamento,19.586341366916074
Ñuñoa,"Ñuñoa, Exequiel fernández, ñuñoa",490137.48,2.0,1.0,70.0,,15/06/2026,97680830,https://chilepropiedades.cl/ver-publicacion/arriendo-mensual/nunoa/departamento/exequiel-fernandez-nunoa/97680830,arriendo-mensual,departamento,12.0
Ñuñoa,"Ñuñoa, Depto nuevo 1 dorm 1 baño Metro Ñuble L5 y L6 (170239)",350000.0,1.0,1.0,40.0,,14/06/2026,121797419,https://chilepropiedades.cl/ver-publicacion/arriendo-mensual/nunoa/departamento/depto-nuevo-1-dorm-1-bano-metro-nuble-l5-y-l6-170239/121797419,arriendo-mensual,departamento,8.569024348025783
Ñuñoa,"Ñuñoa, San Eugenio // Bustamante",770000.0,2.0,2.0,52.0,,14/06/2026,121791873,https://chilepropiedades.cl/ver-publicacion/arriendo-mensual/nunoa/departamento/san-eugenio-bustamante/121791873,arriendo-mensual,departamento,18.85185356565672
Ñuñoa,"Ñuñoa, San Eugenio // Bustamante",540000.0,1.0,1.0,40.0,,14/06/2026,121791840,https://chilepropiedades.cl/ver-publicacion/arriendo-mensual/nunoa/departamento/san-eugenio-bustamante/121791840,arriendo-mensual,departamento,13.22078042266835
Ñuñoa,"Ñuñoa, Zañartu",550000.0,1.0,1.0,55.0,1.0,14/06/2026,121787634,https://chilepropiedades.cl/ver-publicacion/arriendo-mensual/nunoa/departamento/zanartu/121787634,arriendo-mensual,departamento,13.465609689754801
Ñuñoa,"Ñuñoa, Zañartu",480000.0,1.0,1.0,37.0,1.0,14/06/2026,53327307,https://chilepropiedades.cl/ver-publicacion/arriendo-mensual/nunoa/departamento/zanartu/53327307,arriendo-mensual,departamento,11.751804820149644
Ñuñoa,"Ñuñoa, Amplio departamento nuevo 1 dormitorio. Tobalaba/Diego de Almagro. Metro Bilbao",694361.43,1.0,1.0,48.0,1.0,13/06/2026,121675474,https://chilepropiedades.cl/ver-publicacion/arriendo-mensual/nunoa/departamento/amplio-departamento-nuevo-1-dormitorio-tobalaba-diego-de-almagro-metro-bilbao/121675474,arriendo-mensual,departamento,17.0
Ñuñoa,"Ñuñoa, Metro irarrázaval",490137.48,1.0,1.0,34.59,,13/06/2026,53806959,https://chilepropiedades.cl/ver-publicacion/arriendo-mensual/nunoa/departamento/metro-irarrazaval/53806959,arriendo-mensual,departamento,12.0
Ñuñoa,"Ñuñoa, Los Talaveras",1100000.0,2.0,2.0,80.0,1.0,12/06/2026,121574013,https://chilepropiedades.cl/ver-publicacion/arriendo-mensual/nunoa/departamento/los-talaveras/121574013,arriendo-mensual,departamento,26.931219379509603
Ñuñoa,"Ñuñoa, Chile España 451",670000.0,1.0,1.0,42.0,1.0,12/06/2026,121565705,https://chilepropiedades.cl/ver-publicacion/arriendo-mensual/nunoa/departamento/chile-espana-451/121565705,arriendo-mensual,departamento,16.40356089479221
Ñuñoa,"Ñuñoa, Depto estudio pasos metro Irarrazaval (169580)",290000.0,,1.0,17.0,1.0,12/06/2026,121544988,https://chilepropiedades.cl/ver-publicacion/arriendo-mensual/nunoa/departamento/depto-estudio-pasos-metro-irarrazaval-169580/121544988,arriendo-mensual,departamento,7.100048745507077
Ñuñoa,"Ñuñoa, Avenida José Pedro Alessandri 867, Ñuñoa, Región Metropolitana de Santiago 7750000, Chile",700000.0,3.0,2.0,90.0,1.0,12/06/2026,121518856,https://chilepropiedades.cl/ver-publicacion/arriendo-mensual/nunoa/departamento/avenida-jose-pedro-alessandri-867-nunoa-region-metropolitana-de-santiago-7750000-chile/121518856,arriendo-mensual,departamento,17.138048696051566
Ñuñoa,"Ñuñoa, Depto ricardo lyon ñuñoa",790000.0,1.0,1.0,65.0,1.0,12/06/2026,121516421,https://chilepropiedades.cl/ver-publicacion/arriendo-mensual/nunoa/departamento/depto-ricardo-lyon-nunoa/121516421,arriendo-mensual,departamento,19.34151209982962
Ñuñoa,"Ñuñoa, Luminoso Hogar con Vistas Despejadas (169350)",600000.0,2.0,2.0,42.0,1.0,12/06/2026,121507241,https://chilepropiedades.cl/ver-publicacion/arriendo-mensual/nunoa/departamento/luminoso-hogar-con-vistas-despejadas-169350/121507241,arriendo-mensual,departamento,14.689756025187055
Ñuñoa,"Ñuñoa, Zañartu Castillo Urizar Estacionamiento",530000.0,2.0,2.0,64.0,1.0,12/06/2026,121500587,https://chilepropiedades.cl/ver-publicacion/arriendo-mensual/nunoa/departamento/zanartu-castillo-urizar-estacionamiento/121500587,arriendo-mensual,departamento,12.9759511555819
Ñuñoa,"Ñuñoa, General José Artigas",750000.0,2.0,2.0,68.0,2.0,11/06/2026,111793777,https://chilepropiedades.cl/ver-publicacion/arriendo-mensual/nunoa/departamento/general-jose-artigas/111793777,arriendo-mensual,departamento,18.362195031483818
Ñuñoa,"Ñuñoa, Disponible en Agosto Amoblado en Ñuñoa (169082)",670000.0,2.0,2.0,62.0,,11/06/2026,121474964,https://chilepropiedades.cl/ver-publicacion/arriendo-mensual/nunoa/departamento/disponible-en-agosto-amoblado-en-nunoa-169082/121474964,arriendo-mensual,departamento,16.40356089479221
Ñuñoa,"Ñuñoa, Arriendo 1D/ bodega en condominio, piscina (80145)",590000.0,1.0,1.0,38.0,,10/06/2026,72562987,https://chilepropiedades.cl/ver-publicacion/arriendo-mensual/nunoa/departamento/arriendo-1d-bodega-en-condominio-piscina-80145/72562987,arriendo-mensual,departamento,14.444926758100605
Ñuñoa,"Ñuñoa, Zañartu",640000.0,2.0,2.0,50.0,1.0,10/06/2026,121339194,https://chilepropiedades.cl/ver-publicacion/arriendo-mensual/nunoa/departamento/zanartu/121339194,arriendo-mensual,departamento,15.669073093532859
Ñuñoa,"Ñuñoa, Irarrázaval/José Manuel Infante",700000.0,2.0,2.0,63.0,1.0,09/06/2026,121214897,https://chilepropiedades.cl/ver-publicacion/arriendo-mensual/nunoa/departamento/irarrazaval-jose-manuel-infante/121214897,arriendo-mensual,departamento,17.138048696051566
Ñuñoa,"Ñuñoa, Zañartu 2075",550000.0,2.0,1.0,45.0,1.0,09/06/2026,121205804,https://chilepropiedades.cl/ver-publicacion/arriendo-mensual/nunoa/departamento/zanartu-2075/121205804,arriendo-mensual,departamento,13.465609689754801
Ñuñoa,"Ñuñoa, Avda. Irarrazabal Esquina Los Talaveras",620000.0,1.0,1.0,40.0,1.0,09/06/2026,121205719,https://chilepropiedades.cl/ver-publicacion/arriendo-mensual/nunoa/departamento/avda-irarrazabal-esquina-los-talaveras/121205719,arriendo-mensual,departamento,15.179414559359957
Ñuñoa,"Ñuñoa, Montenegro - Tobalaba",612671.85,1.0,1.0,48.0,1.0,09/06/2026,121204106,https://chilepropiedades.cl/ver-publicacion/arriendo-mensual/nunoa/departamento/montenegro-tobalaba/121204106,arriendo-mensual,departamento,15.0
Ñuñoa,"Ñuñoa, Vicuña Mackenna / Santa Elvira",500000.0,1.0,1.0,40.0,,09/06/2026,117315092,https://chilepropiedades.cl/ver-publicacion/arriendo-mensual/nunoa/departamento/vicuna-mackenna-santa-elvira/117315092,arriendo-mensual,departamento,12.241463354322546
Ñuñoa,"Ñuñoa, Los tres antonios",490000.0,1.0,1.0,38.0,7.0,06/06/2026,120938780,https://chilepropiedades.cl/ver-publicacion/arriendo-mensual/nunoa/departamento/los-tres-antonios/120938780,arriendo-mensual,departamento,11.996634087236096
Ñuñoa,"Ñuñoa, Mujica",680000.0,2.0,2.0,60.0,1.0,06/06/2026,120905124,https://chilepropiedades.cl/ver-publicacion/arriendo-mensual/nunoa/departamento/mujica/120905124,arriendo-mensual,departamento,16.648390161878662
Ñuñoa,"Ñuñoa, Gaspar Villaroel 1840",390000.0,1.0,1.0,29.0,,05/06/2026,120861650,https://chilepropiedades.cl/ver-publicacion/arriendo-mensual/nunoa/departamento/gaspar-villaroel-1840/120861650,arriendo-mensual,departamento,9.548341416371587
Ñuñoa,"Ñuñoa, Guillermo Mann 1401",460000.0,2.0,1.0,47.0,,05/06/2026,120861597,https://chilepropiedades.cl/ver-publicacion/arriendo-mensual/nunoa/departamento/guillermo-mann-1401/120861597,arriendo-mensual,departamento,11.262146285976742
Ñuñoa,"Ñuñoa, Avda. Rodrigo de Araya / Zañartu / Til Til / Ñuñoa",420000.0,1.0,1.0,36.0,1.0,05/06/2026,120818889,https://chilepropiedades.cl/ver-publicacion/arriendo-mensual/nunoa/departamento/avda-rodrigo-de-araya-zanartu-til-til-nunoa/120818889,arriendo-mensual,departamento,10.282829217630939
Ñuñoa,"Ñuñoa, Zañartu",640000.0,2.0,2.0,50.0,1.0,05/06/2026,120818554,https://chilepropiedades.cl/ver-publicacion/arriendo-mensual/nunoa/departamento/zanartu/120818554,arriendo-mensual,departamento,15.669073093532859
Ñuñoa,"Ñuñoa, Campo de deportes / josé domingo cañas",1000000.0,4.0,3.0,129.0,1.0,04/06/2026,120695129,https://chilepropiedades.cl/ver-publicacion/arriendo-mensual/nunoa/departamento/campo-de-deportes-jose-domingo-canas/120695129,arriendo-mensual,departamento,24.482926708645092
Ñuñoa,"Ñuñoa, Depto 2d1b + est. + bodega cercano metro ñuble - ñuñoa",530982.27,2.0,1.0,50.0,1.0,03/06/2026,120608310,https://chilepropiedades.cl/ver-publicacion/arriendo-mensual/nunoa/departamento/depto-2d1b-est-bodega-cercano-metro-nuble-nunoa/120608310,arriendo-mensual,departamento,13.0
Ñuñoa,"Ñuñoa, San eugenio",699000.0,2.0,2.0,66.0,,02/06/2026,120447421,https://chilepropiedades.cl/ver-publicacion/arriendo-mensual/nunoa/departamento/san-eugenio/120447421,arriendo-mensual,departamento,17.11356576934292
Ñuñoa,"Ñuñoa, Dpto en Ubicación Privilegiada (167597)",850000.0,3.0,2.0,92.0,,31/05/2026,120263801,https://chilepropiedades.cl/ver-publicacion/arriendo-mensual/nunoa/departamento/dpto-en-ubicacion-privilegiada-167597/120263801,arriendo-mensual,departamento,20.81048770234833
Ñuñoa,"Ñuñoa, Pedro Torres - Irarrazaval",850000.0,2.0,2.0,80.0,2.0,31/05/2026,120235283,https://chilepropiedades.cl/ver-publicacion/arriendo-mensual/nunoa/departamento/pedro-torres-irarrazaval/120235283,arriendo-mensual,departamento,20.81048770234833
Ñuñoa,"Ñuñoa, Zañartu 980",500000.0,2.0,2.0,52.0,1.0,31/05/2026,120234623,https://chilepropiedades.cl/ver-publicacion/arriendo-mensual/nunoa/departamento/zanartu-980/120234623,arriendo-mensual,departamento,12.241463354322546
Ñuñoa,"Ñuñoa, Zañartu",380000.0,1.0,1.0,32.0,,30/05/2026,79404084,https://chilepropiedades.cl/ver-publicacion/arriendo-mensual/nunoa/departamento/zanartu/79404084,arriendo-mensual,departamento,9.303512149285135
Ñuñoa,"Ñuñoa, Av. Vicuña Mackenna 1290",450000.0,1.0,1.0,32.0,,30/05/2026,120181277,https://chilepropiedades.cl/ver-publicacion/arriendo-mensual/nunoa/departamento/av-vicuna-mackenna-1290/120181277,arriendo-mensual,departamento,11.017317018890292
Ñuñoa,"Ñuñoa, Nuevo exequiel figueroa / metro los orientales",430000.0,1.0,1.0,36.6,,30/05/2026,120147442,https://chilepropiedades.cl/ver-publicacion/arriendo-mensual/nunoa/departamento/nuevo-exequiel-figueroa-metro-los-orientales/120147442,arriendo-mensual,departamento,10.52765848471739
Ñuñoa,"Ñuñoa, home studio 1d1b (166980)",480000.0,1.0,1.0,35.0,,29/05/2026,120083205,https://chilepropiedades.cl/ver-publicacion/arriendo-mensual/nunoa/departamento/home-studio-1d1b-166980/120083205,arriendo-mensual,departamento,11.751804820149644
Ñuñoa,"Ñuñoa, Estadio Nacional",680000.0,2.0,2.0,61.0,1.0,29/05/2026,120070514,https://chilepropiedades.cl/ver-publicacion/arriendo-mensual/nunoa/departamento/estadio-nacional/120070514,arriendo-mensual,departamento,16.648390161878662
Ñuñoa,"Ñuñoa, Ñuñoa- Departamento en arriendo (166958)",850000.0,2.0,2.0,1.0,1.0,29/05/2026,120054045,https://chilepropiedades.cl/ver-publicacion/arriendo-mensual/nunoa/departamento/nunoa-departamento-en-arriendo-166958/120054045,arriendo-mensual,departamento,20.81048770234833
Ñuñoa,"Ñuñoa, Departamento 1D+1B+1estac,1Bodega, Ñuñoa (47753)",600000.0,1.0,1.0,51.0,1.0,28/05/2026,58637678,https://chilepropiedades.cl/ver-publicacion/arriendo-mensual/nunoa/departamento/departamento-1d-1b-1estac-1bodega-nunoa-47753/58637678,arriendo-mensual,departamento,14.689756025187055
Ñuñoa,"Ñuñoa, Chile España",1200000.0,3.0,2.0,100.0,1.0,28/05/2026,119970080,https://chilepropiedades.cl/ver-publicacion/arriendo-mensual/nunoa/departamento/chile-espana/119970080,arriendo-mensual,departamento,29.37951205037411
Ñuñoa,"Ñuñoa, Depto. Nuevo 1D / 1B, a pasos del metro Ñuñoa",550000.0,1.0,1.0,42.0,,27/05/2026,119849935,https://chilepropiedades.cl/ver-publicacion/arriendo-mensual/nunoa/departamento/depto-nuevo-1d-1b-a-pasos-del-metro-nunoa/119849935,arriendo-mensual,departamento,13.465609689754801
Ñuñoa,"Ñuñoa, San Eugenio 510",500000.0,1.0,1.0,38.67,,26/05/2026,119716898,https://chilepropiedades.cl/ver-publicacion/arriendo-mensual/nunoa/departamento/san-eugenio-510/119716898,arriendo-mensual,departamento,12.241463354322546
Ñuñoa,"Ñuñoa, Vista despejada Norte Nuevo Guillermo Mann (166004)",430000.0,1.0,1.0,34.0,,26/05/2026,119696571,https://chilepropiedades.cl/ver-publicacion/arriendo-mensual/nunoa/departamento/vista-despejada-norte-nuevo-guillermo-mann-166004/119696571,arriendo-mensual,departamento,10.52765848471739
Ñuñoa,"Ñuñoa, cercano a estadio nacional",900000.0,3.0,2.0,81.0,1.0,24/05/2026,119456998,https://chilepropiedades.cl/ver-publicacion/arriendo-mensual/nunoa/departamento/cercano-a-estadio-nacional/119456998,arriendo-mensual,departamento,22.034634037780584
Ñuñoa,"Ñuñoa, Pedro Torres con Irarrazaval",850000.0,2.0,2.0,67.0,2.0,23/05/2026,119406508,https://chilepropiedades.cl/ver-publicacion/arriendo-mensual/nunoa/departamento/pedro-torres-con-irarrazaval/119406508,arriendo-mensual,departamento,20.81048770234833
Ñuñoa,"Ñuñoa, Gaspar Villaroel 1840",571827.06,2.0,1.0,50.0,1.0,23/05/2026,119406438,https://chilepropiedades.cl/ver-publicacion/arriendo-mensual/nunoa/departamento/gaspar-villaroel-1840/119406438,arriendo-mensual,departamento,14.0
Ñuñoa,"Ñuñoa, Profesor juan gómez millas 3003",776051.01,2.0,2.0,75.0,1.0,22/05/2026,82003888,https://chilepropiedades.cl/ver-publicacion/arriendo-mensual/nunoa/departamento/profesor-juan-gomez-millas-3003/82003888,arriendo-mensual,departamento,19.0
Ñuñoa,"Ñuñoa, Guillermo Mann 1401",480000.0,2.0,1.0,38.0,,21/05/2026,119249241,https://chilepropiedades.cl/ver-publicacion/arriendo-mensual/nunoa/departamento/guillermo-mann-1401/119249241,arriendo-mensual,departamento,11.751804820149644
Ñuñoa,"Ñuñoa, Guillermo Mann",260000.0,2.0,2.0,58.0,,21/05/2026,119246703,https://chilepropiedades.cl/ver-publicacion/arriendo-mensual/nunoa/departamento/guillermo-mann/119246703,arriendo-mensual,departamento,6.365560944247724
Ñuñoa,"Ñuñoa, Zañartu, Ñuñoa",600000.0,2.0,2.0,65.0,1.0,21/05/2026,50748610,https://chilepropiedades.cl/ver-publicacion/arriendo-mensual/nunoa/departamento/zanartu-nunoa/50748610,arriendo-mensual,departamento,14.689756025187055
Ñuñoa,"Ñuñoa, Presidentes con grecia",550000.0,3.0,1.0,70.0,,20/05/2026,119096346,https://chilepropiedades.cl/ver-publicacion/arriendo-mensual/nunoa/departamento/presidentes-con-grecia/119096346,arriendo-mensual,departamento,13.465609689754801
Ñuñoa,"Ñuñoa, Holanda",620000.0,1.0,1.0,44.0,1.0,19/05/2026,118996389,https://chilepropiedades.cl/ver-publicacion/arriendo-mensual/nunoa/departamento/holanda/118996389,arriendo-mensual,departamento,15.179414559359957
Ñuñoa,"Ñuñoa, Plaza Ñuñoa (164510)",850000.0,2.0,2.0,76.0,1.0,16/05/2026,118748522,https://chilepropiedades.cl/ver-publicacion/arriendo-mensual/nunoa/departamento/plaza-nunoa-164510/118748522,arriendo-mensual,departamento,20.81048770234833
Ñuñoa,"Ñuñoa, Guillermo Mann",371000.0,2.0,2.0,60.0,,15/05/2026,118663120,https://chilepropiedades.cl/ver-publicacion/arriendo-mensual/nunoa/departamento/guillermo-mann/118663120,arriendo-mensual,departamento,9.08316580890733
Ñuñoa,"Ñuñoa, San Eugenio",450000.0,1.0,1.0,34.0,,15/05/2026,118662994,https://chilepropiedades.cl/ver-publicacion/arriendo-mensual/nunoa/departamento/san-eugenio/118662994,arriendo-mensual,departamento,11.017317018890292
Ñuñoa,"Ñuñoa, Los avellanos 2551, barrio zañartu. ñuñoa",468000.0,1.0,1.0,40.0,1.0,15/05/2026,50940580,https://chilepropiedades.cl/ver-publicacion/arriendo-mensual/nunoa/departamento/los-avellanos-2551-barrio-zanartu-nunoa/50940580,arriendo-mensual,departamento,11.458009699645903
Ñuñoa,"Ñuñoa, Metro Ñuble",850000.0,2.0,2.0,54.5,,13/05/2026,118405240,https://chilepropiedades.cl/ver-publicacion/arriendo-mensual/nunoa/departamento/metro-nuble/118405240,arriendo-mensual,departamento,20.81048770234833
Ñuñoa,"Ñuñoa, Amplio depto en arriendo en ñuñoa (163777)",650000.0,2.0,2.0,54.5,1.0,13/05/2026,118377395,https://chilepropiedades.cl/ver-publicacion/arriendo-mensual/nunoa/departamento/amplio-depto-en-arriendo-en-nunoa-163777/118377395,arriendo-mensual,departamento,15.91390236061931
Ñuñoa,"Ñuñoa, Guillermo Mann",420000.0,2.0,1.0,50.0,,12/05/2026,118307670,https://chilepropiedades.cl/ver-publicacion/arriendo-mensual/nunoa/departamento/guillermo-mann/118307670,arriendo-mensual,departamento,10.282829217630939
Ñuñoa,"Ñuñoa, Guillermo Mann",420000.0,2.0,1.0,50.0,,12/05/2026,118307634,https://chilepropiedades.cl/ver-publicacion/arriendo-mensual/nunoa/departamento/guillermo-mann/118307634,arriendo-mensual,departamento,10.282829217630939
Ñuñoa,"Ñuñoa, Francisco Meneses",620000.0,2.0,2.0,55.0,1.0,12/05/2026,118307501,https://chilepropiedades.cl/ver-publicacion/arriendo-mensual/nunoa/departamento/francisco-meneses/118307501,arriendo-mensual,departamento,15.179414559359957
Ñuñoa,"Ñuñoa, Departamento 1d/1b",380000.0,1.0,1.0,40.0,,12/05/2026,118285564,https://chilepropiedades.cl/ver-publicacion/arriendo-mensual/nunoa/departamento/departamento-1d-1b/118285564,arriendo-mensual,departamento,9.303512149285135
Ñuñoa,"Ñuñoa, Cercano a metro ñuñoa y estadio nacional",450000.0,1.0,1.0,25.0,1.0,12/05/2026,118270683,https://chilepropiedades.cl/ver-publicacion/arriendo-mensual/nunoa/departamento/cercano-a-metro-nunoa-y-estadio-nacional/118270683,arriendo-mensual,departamento,11.017317018890292
Ñuñoa,"Ñuñoa, Manuel montt / irarrázaval",890000.0,3.0,2.0,82.0,,10/05/2026,118100004,https://chilepropiedades.cl/ver-publicacion/arriendo-mensual/nunoa/departamento/manuel-montt-irarrazaval/118100004,arriendo-mensual,departamento,21.789804770694133
Ñuñoa,"Ñuñoa, Zañartu 1905",590000.0,2.0,2.0,56.0,1.0,08/05/2026,117972144,https://chilepropiedades.cl/ver-publicacion/arriendo-mensual/nunoa/departamento/zanartu-1905/117972144,arriendo-mensual,departamento,14.444926758100605
Ñuñoa,"Ñuñoa, Ideal familia amplio 4 d y 3 b 2 e y 1 bod (162873)",1500000.0,4.0,3.0,102.0,2.0,08/05/2026,117953232,https://chilepropiedades.cl/ver-publicacion/arriendo-mensual/nunoa/departamento/ideal-familia-amplio-4-d-y-3-b-2-e-y-1-bod-162873/117953232,arriendo-mensual,departamento,36.724390062967636
Ñuñoa,"Ñuñoa, Depto. Amoblado Metro Ñuñoa (95637)",580000.0,1.0,1.0,38.0,,07/05/2026,81855530,https://chilepropiedades.cl/ver-publicacion/arriendo-mensual/nunoa/departamento/depto-amoblado-metro-nunoa-95637/81855530,arriendo-mensual,departamento,14.200097491014153
Ñuñoa,"Ñuñoa, Guillermo Mann Ñuñoa",600000.0,2.0,2.0,56.0,1.0,05/05/2026,117731320,https://chilepropiedades.cl/ver-publicacion/arriendo-mensual/nunoa/departamento/guillermo-mann-nunoa/117731320,arriendo-mensual,departamento,14.689756025187055
Ñuñoa,"Ñuñoa, Valparaiso con diagonal oriente",776051.01,3.0,2.0,88.0,,05/05/2026,21571228,https://chilepropiedades.cl/ver-publicacion/arriendo-mensual/nunoa/departamento/valparaiso-con-diagonal-oriente/21571228,arriendo-mensual,departamento,19.0
Ñuñoa,"Ñuñoa, Arriendo departamento Metro Ñuble (161154)",408447.9,2.0,1.0,38.0,,02/05/2026,117461768,https://chilepropiedades.cl/ver-publicacion/arriendo-mensual/nunoa/departamento/arriendo-departamento-metro-nuble-161154/117461768,arriendo-mensual,departamento,10.0
Ñuñoa,"Ñuñoa, Francisco de Paula",540000.0,2.0,2.0,52.0,,01/05/2026,117385936,https://chilepropiedades.cl/ver-publicacion/arriendo-mensual/nunoa/departamento/francisco-de-paula/117385936,arriendo-mensual,departamento,13.22078042266835
Ñuñoa,"Ñuñoa, Av. Campos de Deportes",650000.0,1.0,1.0,36.0,1.0,01/05/2026,117377136,https://chilepropiedades.cl/ver-publicacion/arriendo-mensual/nunoa/departamento/av-campos-de-deportes/117377136,arriendo-mensual,departamento,15.91390236061931
Ñuñoa,"Ñuñoa, Irarrazaval1989",326758.32,1.0,1.0,23.0,8.0,01/05/2026,117373306,https://chilepropiedades.cl/ver-publicacion/arriendo-mensual/nunoa/departamento/irarrazaval1989/117373306,arriendo-mensual,departamento,8.0
Ñuñoa,"Ñuñoa, Metro Los Orientales",530982.27,1.0,1.0,36.6,,29/04/2026,117112953,https://chilepropiedades.cl/ver-publicacion/arriendo-mensual/nunoa/departamento/metro-los-orientales/117112953,arriendo-mensual,departamento,13.0
Ñuñoa,"Ñuñoa, Metro Los Orientales",408447.9,1.0,1.0,36.8,,29/04/2026,117112936,https://chilepropiedades.cl/ver-publicacion/arriendo-mensual/nunoa/departamento/metro-los-orientales/117112936,arriendo-mensual,departamento,10.0
Ñuñoa,"Ñuñoa, Metro Monseñor Eysaguirre",690000.0,2.0,2.0,51.0,1.0,25/04/2026,116803024,https://chilepropiedades.cl/ver-publicacion/arriendo-mensual/nunoa/departamento/metro-monsenor-eysaguirre/116803024,arriendo-mensual,departamento,16.893219428965114
Ñuñoa,"Ñuñoa, Exequiel fernandez",520000.0,2.0,2.0,60.0,,25/04/2026,116801728,https://chilepropiedades.cl/ver-publicacion/arriendo-mensual/nunoa/departamento/exequiel-fernandez/116801728,arriendo-mensual,departamento,12.731121888495448
Ñuñoa,"Ñuñoa, Guillermo Mann 1401",480000.0,2.0,1.0,48.0,,25/04/2026,116673122,https://chilepropiedades.cl/ver-publicacion/arriendo-mensual/nunoa/departamento/guillermo-mann-1401/116673122,arriendo-mensual,departamento,11.751804820149644
Ñuñoa,"Ñuñoa, Guillermo Mann 1401",480000.0,2.0,1.0,48.0,,25/04/2026,116673094,https://chilepropiedades.cl/ver-publicacion/arriendo-mensual/nunoa/departamento/guillermo-mann-1401/116673094,arriendo-mensual,departamento,11.751804820149644
Ñuñoa,"Ñuñoa, Moderno Depto. 1D. 1B. Bodega y Est. (160122)",694361.43,1.0,1.0,39.0,1.0,24/04/2026,116646114,https://chilepropiedades.cl/ver-publicacion/arriendo-mensual/nunoa/departamento/moderno-depto-1d-1b-bodega-y-est-160122/116646114,arriendo-mensual,departamento,17.0
Ñuñoa,"Ñuñoa, Zañartu",205000.0,1.0,1.0,36.0,,24/04/2026,8927789,https://chilepropiedades.cl/ver-publicacion/arriendo-mensual/nunoa/departamento/zanartu/8927789,arriendo-mensual,departamento,5.018999975272244
Ñuñoa,"Ñuñoa, Depto 1D+1B Ñuñoa | Piscina, Gym y Cowork (159998)",205000.0,1.0,1.0,32.0,,24/04/2026,116580599,https://chilepropiedades.cl/ver-publicacion/arriendo-mensual/nunoa/departamento/depto-1d-1b-nunoa-piscina-gym-y-cowork-159998/116580599,arriendo-mensual,departamento,5.018999975272244
Ñuñoa,"Ñuñoa, Depto 1 Dorm sector metro Irarrazaval (90723)",450000.0,1.0,1.0,34.0,,23/04/2026,79231522,https://chilepropiedades.cl/ver-publicacion/arriendo-mensual/nunoa/departamento/depto-1-dorm-sector-metro-irarrazaval-90723/79231522,arriendo-mensual,departamento,11.017317018890292
San Miguel,"Depto San Miguel 350, 000 (No Hay Gastos Comunes) 2 Dorm Exterior",350000.0,2.0,1.0,65.0,,26/07/2026,125903319,https://chilepropiedades.cl/ver-publicacion/arriendo-mensual/san-miguel/departamento/cuasimodo/125903319,arriendo-mensual,departamento,8.569024348025783
San Miguel,"San Miguel, Segunda Avenida 1179",450000.0,2.0,2.0,58.0,1.0,18/07/2026,112134606,https://chilepropiedades.cl/ver-publicacion/arriendo-mensual/san-miguel/departamento/segunda-avenida-1179/112134606,arriendo-mensual,departamento,11.017317018890292
San Miguel,"San Miguel, Décima Avenida 1210",400000.0,2.0,1.0,38.0,,07/07/2026,122459696,https://chilepropiedades.cl/ver-publicacion/arriendo-mensual/san-miguel/departamento/decima-avenida-1210/122459696,arriendo-mensual,departamento,9.793170683458037
San Miguel,"San Miguel, Gran Avenida 6300",520000.0,2.0,1.0,60.0,,07/07/2026,115267264,https://chilepropiedades.cl/ver-publicacion/arriendo-mensual/san-miguel/departamento/gran-avenida-6300/115267264,arriendo-mensual,departamento,12.731121888495448
San Miguel,"San Miguel, Gran Av. José Miguel Carrera 6027",450000.0,2.0,1.0,,1.0,06/07/2026,92359197,https://chilepropiedades.cl/ver-publicacion/arriendo-mensual/san-miguel/departamento/gran-av-jose-miguel-carrera-6027/92359197,arriendo-mensual,departamento,11.017317018890292
San Miguel,"San Miguel, Sexta Avenida 1192",450000.0,2.0,2.0,60.0,,22/06/2026,119322938,https://chilepropiedades.cl/ver-publicacion/arriendo-mensual/san-miguel/departamento/sexta-avenida-1192/119322938,arriendo-mensual,departamento,11.017317018890292
San Miguel,"San Miguel, Octava Avenida 1563",460000.0,2.0,2.0,58.0,1.0,17/06/2026,122187444,https://chilepropiedades.cl/ver-publicacion/arriendo-mensual/san-miguel/departamento/octava-avenida-1563/122187444,arriendo-mensual,departamento,11.262146285976742
San Miguel,"San Miguel, Av. Centenario 1000",370000.0,1.0,1.0,42.0,1.0,15/06/2026,118779731,https://chilepropiedades.cl/ver-publicacion/arriendo-mensual/san-miguel/departamento/av-centenario-1000/118779731,arriendo-mensual,departamento,9.058682882198685
San Miguel,"San Miguel, Décima Avenida 1210",500000.0,3.0,2.0,67.0,1.0,26/05/2026,119718735,https://chilepropiedades.cl/ver-publicacion/arriendo-mensual/san-miguel/departamento/decima-avenida-1210/119718735,arriendo-mensual,departamento,12.241463354322546
San Miguel,"San Miguel, Carlos Silva Vildósola 870",450000.0,2.0,1.0,49.47,1.0,21/04/2026,116287093,https://chilepropiedades.cl/ver-publicacion/arriendo-mensual/san-miguel/departamento/carlos-silva-vildosola-870/116287093,arriendo-mensual,departamento,11.017317018890292
San Miguel,"San Miguel, Chiloé 4911",580000.0,2.0,2.0,,1.0,12/08/2025,90776946,https://chilepropiedades.cl/ver-publicacion/arriendo-mensual/san-miguel/departamento/chiloe-4911/90776946,arriendo-mensual,departamento,14.200097491014153
San Miguel,"San Miguel, Varas mena / gran avenida",390000.0,2.0,1.0,51.0,,26/07/2026,125895324,https://chilepropiedades.cl/ver-publicacion/arriendo-mensual/san-miguel/departamento/varas-mena-gran-avenida/125895324,arriendo-mensual,departamento,9.548341416371587
San Miguel,"San Miguel, IAv. Centenario - Metro Ciudad Del Niño (176692)",500000.0,3.0,2.0,57.0,,26/07/2026,125894412,https://chilepropiedades.cl/ver-publicacion/arriendo-mensual/san-miguel/departamento/iav-centenario-metro-ciudad-del-nino-176692/125894412,arriendo-mensual,departamento,12.241463354322546
San Miguel,"San Miguel, San Petersburgo",380000.0,3.0,1.0,65.0,,26/07/2026,125892409,https://chilepropiedades.cl/ver-publicacion/arriendo-mensual/san-miguel/departamento/san-petersburgo/125892409,arriendo-mensual,departamento,9.303512149285135
San Miguel,"San Miguel, Buen precio | Buena vista | Mall el Llano (176926)",3300000.0,3.0,1.0,50.0,,26/07/2026,125885542,https://chilepropiedades.cl/ver-publicacion/arriendo-mensual/san-miguel/departamento/buen-precio-buena-vista-mall-el-llano-176926/125885542,arriendo-mensual,departamento,80.7936581385288
San Miguel,"San Miguel, Departamento 3D, cerca metro C. del Niño (176755)",600000.0,3.0,2.0,78.0,1.0,26/07/2026,125842886,https://chilepropiedades.cl/ver-publicacion/arriendo-mensual/san-miguel/departamento/departamento-3d-cerca-metro-c-del-nino-176755/125842886,arriendo-mensual,departamento,14.689756025187055
San Miguel,"San Miguel, Teresa Vial",370000.0,1.0,1.0,38.0,,25/07/2026,94507548,https://chilepropiedades.cl/ver-publicacion/arriendo-mensual/san-miguel/departamento/teresa-vial/94507548,arriendo-mensual,departamento,9.058682882198685
San Miguel,"San Miguel, Cuarta avenida / metro ciudad del niño",340000.0,1.0,1.0,34.0,,25/07/2026,125813138,https://chilepropiedades.cl/ver-publicacion/arriendo-mensual/san-miguel/departamento/cuarta-avenida-metro-ciudad-del-nino/125813138,arriendo-mensual,departamento,8.324195080939331
San Miguel,"San Miguel, Metro el Llano",430000.0,2.0,1.0,49.0,1.0,25/07/2026,125812289,https://chilepropiedades.cl/ver-publicacion/arriendo-mensual/san-miguel/departamento/metro-el-llano/125812289,arriendo-mensual,departamento,10.52765848471739
San Miguel,"San Miguel, Avenida Santa Rosa",340000.0,3.0,1.0,56.0,,25/07/2026,125807119,https://chilepropiedades.cl/ver-publicacion/arriendo-mensual/san-miguel/departamento/avenida-santa-rosa/125807119,arriendo-mensual,departamento,8.324195080939331
San Miguel,"San Miguel, Curiñanca 715",340000.0,1.0,1.0,30.0,,25/07/2026,125804918,https://chilepropiedades.cl/ver-publicacion/arriendo-mensual/san-miguel/departamento/curinanca-715/125804918,arriendo-mensual,departamento,8.324195080939331
San Miguel,"San Miguel, Novena Avenida",330000.0,1.0,1.0,45.0,,25/07/2026,71783878,https://chilepropiedades.cl/ver-publicacion/arriendo-mensual/san-miguel/departamento/novena-avenida/71783878,arriendo-mensual,departamento,8.079365813852881
San Miguel,"San Miguel, Pedro mira",470000.0,2.0,2.0,52.0,,25/07/2026,125801171,https://chilepropiedades.cl/ver-publicacion/arriendo-mensual/san-miguel/departamento/pedro-mira/125801171,arriendo-mensual,departamento,11.506975553063194
San Miguel,"San Miguel, Pedro mira",340000.0,1.0,1.0,32.0,,25/07/2026,125801146,https://chilepropiedades.cl/ver-publicacion/arriendo-mensual/san-miguel/departamento/pedro-mira/125801146,arriendo-mensual,departamento,8.324195080939331
San Miguel,"San Miguel, Pedro mira",470000.0,2.0,2.0,52.0,,25/07/2026,125800856,https://chilepropiedades.cl/ver-publicacion/arriendo-mensual/san-miguel/departamento/pedro-mira/125800856,arriendo-mensual,departamento,11.506975553063194
San Miguel,"San Miguel, Arriendo Departamento 2 Dorm San Miguel Est",440000.0,2.0,1.0,52.0,1.0,25/07/2026,125765245,https://chilepropiedades.cl/ver-publicacion/arriendo-mensual/san-miguel/departamento/arriendo-departamento-2-dorm-san-miguel-est/125765245,arriendo-mensual,departamento,10.77248775180384
San Miguel,"San Miguel, Pedro mira",340000.0,1.0,1.0,32.0,,25/07/2026,124698445,https://chilepropiedades.cl/ver-publicacion/arriendo-mensual/san-miguel/departamento/pedro-mira/124698445,arriendo-mensual,departamento,8.324195080939331
San Miguel,"San Miguel, Octava Avenida 1563",650000.0,2.0,2.0,70.0,1.0,24/07/2026,99778279,https://chilepropiedades.cl/ver-publicacion/arriendo-mensual/san-miguel/departamento/octava-avenida-1563/99778279,arriendo-mensual,departamento,15.91390236061931
San Miguel,"San Miguel, Piramide",730000.0,3.0,2.0,84.0,1.0,24/07/2026,6764709,https://chilepropiedades.cl/ver-publicacion/arriendo-mensual/san-miguel/departamento/piramide/6764709,arriendo-mensual,departamento,17.872536497310918
San Miguel,"San Miguel, 1128",400000.0,2.0,1.0,54.0,,24/07/2026,10498287,https://chilepropiedades.cl/ver-publicacion/arriendo-mensual/san-miguel/departamento/1128/10498287,arriendo-mensual,departamento,9.793170683458037
San Miguel,"San Miguel, Arcangel con Bartolo Soto",650000.0,2.0,2.0,68.0,1.0,24/07/2026,125722925,https://chilepropiedades.cl/ver-publicacion/arriendo-mensual/san-miguel/departamento/arcangel-con-bartolo-soto/125722925,arriendo-mensual,departamento,15.91390236061931
San Miguel,"San Miguel, San Nicolas 1171",340000.0,1.0,1.0,35.0,,24/07/2026,125722918,https://chilepropiedades.cl/ver-publicacion/arriendo-mensual/san-miguel/departamento/san-nicolas-1171/125722918,arriendo-mensual,departamento,8.324195080939331
San Miguel,"San Miguel, San Ignacio con Magdalena Vicuña",450000.0,2.0,1.0,46.0,1.0,24/07/2026,125722910,https://chilepropiedades.cl/ver-publicacion/arriendo-mensual/san-miguel/departamento/san-ignacio-con-magdalena-vicuna/125722910,arriendo-mensual,departamento,11.017317018890292
San Miguel,"San Miguel, Varas Mena 865",330000.0,1.0,1.0,42.0,,24/07/2026,125722884,https://chilepropiedades.cl/ver-publicacion/arriendo-mensual/san-miguel/departamento/varas-mena-865/125722884,arriendo-mensual,departamento,8.079365813852881
San Miguel,"San Miguel, Sector el llano metro san miguel",420000.0,2.0,1.0,47.0,1.0,24/07/2026,125722596,https://chilepropiedades.cl/ver-publicacion/arriendo-mensual/san-miguel/departamento/sector-el-llano-metro-san-miguel/125722596,arriendo-mensual,departamento,10.282829217630939
San Miguel,Moderno Depto Mariposa 2D/2B con Estacionamiento San Miguel,450000.0,2.0,2.0,44.0,1.0,23/07/2026,122166533,https://chilepropiedades.cl/ver-publicacion/arriendo-mensual/san-miguel/departamento/san-nicolas-1425/122166533,arriendo-mensual,departamento,11.017317018890292
San Miguel,"San Miguel, Varas Mena 1080",420000.0,2.0,1.0,52.0,,23/07/2026,117805798,https://chilepropiedades.cl/ver-publicacion/arriendo-mensual/san-miguel/departamento/varas-mena-1080/117805798,arriendo-mensual,departamento,10.282829217630939
San Miguel,"San Miguel, Cuarta avenida 1350 comuna de san miguel",380000.0,2.0,2.0,47.0,,23/07/2026,125635949,https://chilepropiedades.cl/ver-publicacion/arriendo-mensual/san-miguel/departamento/cuarta-avenida-1350-comuna-de-san-miguel/125635949,arriendo-mensual,departamento,9.303512149285135
San Miguel,Depto. en Arriendo 2D2B con Estacionamiento - M. Lo Vial,500000.0,2.0,2.0,50.0,1.0,23/07/2026,125475820,https://chilepropiedades.cl/ver-publicacion/arriendo-mensual/san-miguel/departamento/teresa-vial-1446/125475820,arriendo-mensual,departamento,12.241463354322546
San Miguel,"San Miguel, Salesianos / San Ignacio de Loyola",500000.0,2.0,2.0,58.0,1.0,23/07/2026,119397441,https://chilepropiedades.cl/ver-publicacion/arriendo-mensual/san-miguel/departamento/salesianos-san-ignacio-de-loyola/119397441,arriendo-mensual,departamento,12.241463354322546
San Miguel,"San Miguel, Segunda Avenida 1146",370000.0,1.0,1.0,46.0,,23/07/2026,125628102,https://chilepropiedades.cl/ver-publicacion/arriendo-mensual/san-miguel/departamento/segunda-avenida-1146/125628102,arriendo-mensual,departamento,9.058682882198685
San Miguel,"San Miguel, Cuarta Avenida 1350 San Miguel",370000.0,2.0,1.0,45.0,,23/07/2026,125628083,https://chilepropiedades.cl/ver-publicacion/arriendo-mensual/san-miguel/departamento/cuarta-avenida-1350-san-miguel/125628083,arriendo-mensual,departamento,9.058682882198685
San Miguel,"San Miguel, salesianos 1190",720000.0,3.0,2.0,70.0,1.0,23/07/2026,125623588,https://chilepropiedades.cl/ver-publicacion/arriendo-mensual/san-miguel/departamento/salesianos-1190/125623588,arriendo-mensual,departamento,17.627707230224466
San Miguel,"San Miguel, curiñanca 830",430000.0,2.0,1.0,50.0,,23/07/2026,125620977,https://chilepropiedades.cl/ver-publicacion/arriendo-mensual/san-miguel/departamento/curinanca-830/125620977,arriendo-mensual,departamento,10.52765848471739
San Miguel,"San Miguel, Segunda Avenida",350000.0,1.0,1.0,37.0,1.0,23/07/2026,125619103,https://chilepropiedades.cl/ver-publicacion/arriendo-mensual/san-miguel/departamento/segunda-avenida/125619103,arriendo-mensual,departamento,8.569024348025783
San Miguel,"San Miguel, carlos silva vildosola 1068",465000.0,2.0,1.0,48.0,1.0,23/07/2026,123982069,https://chilepropiedades.cl/ver-publicacion/arriendo-mensual/san-miguel/departamento/carlos-silva-vildosola-1068/123982069,arriendo-mensual,departamento,11.384560919519968
San Miguel,"San Miguel, Salesianos esquina Gran Avenida",400000.0,2.0,1.0,60.0,,23/07/2026,125613933,https://chilepropiedades.cl/ver-publicacion/arriendo-mensual/san-miguel/departamento/salesianos-esquina-gran-avenida/125613933,arriendo-mensual,departamento,9.793170683458037
San Miguel,"San Miguel, Septima Avenida 1355",390000.0,2.0,1.0,60.0,1.0,23/07/2026,115408119,https://chilepropiedades.cl/ver-publicacion/arriendo-mensual/san-miguel/departamento/septima-avenida-1355/115408119,arriendo-mensual,departamento,9.548341416371587
San Miguel,"San Miguel, Segunda avenida 1340",330000.0,1.0,1.0,44.0,1.0,22/07/2026,84655110,https://chilepropiedades.cl/ver-publicacion/arriendo-mensual/san-miguel/departamento/segunda-avenida-1340/84655110,arriendo-mensual,departamento,8.079365813852881
San Miguel,"San Miguel, Segunda Avenida 1340",440000.0,2.0,2.0,43.0,1.0,22/07/2026,75363418,https://chilepropiedades.cl/ver-publicacion/arriendo-mensual/san-miguel/departamento/segunda-avenida-1340/75363418,arriendo-mensual,departamento,10.77248775180384
San Miguel,"San Miguel, Arriendo dpto 1D en Varas Mena San Miguel (176470)",330000.0,1.0,1.0,44.0,,22/07/2026,125544214,https://chilepropiedades.cl/ver-publicacion/arriendo-mensual/san-miguel/departamento/arriendo-dpto-1d-en-varas-mena-san-miguel-176470/125544214,arriendo-mensual,departamento,8.079365813852881
San Miguel,"San Miguel, A 10 minutos de la Estación Metro Departament (176401)",530982.27,2.0,2.0,72.0,1.0,22/07/2026,125537299,https://chilepropiedades.cl/ver-publicacion/arriendo-mensual/san-miguel/departamento/a-10-minutos-de-la-estacion-metro-departament-176401/125537299,arriendo-mensual,departamento,13.0
San Miguel,"San Miguel, Buena locomoción colectiva (176400)",320000.0,2.0,1.0,43.0,,22/07/2026,125537273,https://chilepropiedades.cl/ver-publicacion/arriendo-mensual/san-miguel/departamento/buena-locomocion-colectiva-176400/125537273,arriendo-mensual,departamento,7.834536546766429
San Miguel,"San Miguel, 1 dormitorio metro san miguel (50696)",405000.0,1.0,1.0,36.0,1.0,22/07/2026,61733771,https://chilepropiedades.cl/ver-publicacion/arriendo-mensual/san-miguel/departamento/1-dormitorio-metro-san-miguel-50696/61733771,arriendo-mensual,departamento,9.915585317001263
San Miguel,Arriendo Departamento San Miguel / 2D+1B+1e,480000.0,2.0,1.0,50.0,1.0,21/07/2026,88846325,https://chilepropiedades.cl/ver-publicacion/arriendo-mensual/san-miguel/departamento/av-centenario-1000/88846325,arriendo-mensual,departamento,11.751804820149644
San Miguel,"San Miguel, Santa rosa",400000.0,3.0,1.0,50.0,,21/07/2026,124295598,https://chilepropiedades.cl/ver-publicacion/arriendo-mensual/san-miguel/departamento/santa-rosa/124295598,arriendo-mensual,departamento,9.793170683458037
San Miguel,"San Miguel, Berlin",600000.0,2.0,2.0,62.0,1.0,21/07/2026,125471473,https://chilepropiedades.cl/ver-publicacion/arriendo-mensual/san-miguel/departamento/berlin/125471473,arriendo-mensual,departamento,14.689756025187055
San Miguel,"San Miguel, Jose joaquin vallejos 1260, el llano, san miguel",540000.0,2.0,2.0,55.0,7.0,21/07/2026,125470617,https://chilepropiedades.cl/ver-publicacion/arriendo-mensual/san-miguel/departamento/jose-joaquin-vallejos-1260-el-llano-san-miguel/125470617,arriendo-mensual,departamento,13.22078042266835
San Miguel,"San Miguel, Avenida Santa Rosa 5741",320000.0,2.0,1.0,45.0,,21/07/2026,124788206,https://chilepropiedades.cl/ver-publicacion/arriendo-mensual/san-miguel/departamento/avenida-santa-rosa-5741/124788206,arriendo-mensual,departamento,7.834536546766429
San Miguel,"San Miguel, Ventura Blanco Viel",485000.0,2.0,1.0,53.0,,21/07/2026,125443632,https://chilepropiedades.cl/ver-publicacion/arriendo-mensual/san-miguel/departamento/ventura-blanco-viel/125443632,arriendo-mensual,departamento,11.87421945369287
San Miguel,"San Miguel, Metro bio bio",390000.0,2.0,1.0,45.0,2.0,21/07/2026,125441044,https://chilepropiedades.cl/ver-publicacion/arriendo-mensual/san-miguel/departamento/metro-bio-bio/125441044,arriendo-mensual,departamento,9.548341416371587
San Miguel,"San Miguel, Ciudad del niño",520000.0,2.0,2.0,76.0,1.0,21/07/2026,125441005,https://chilepropiedades.cl/ver-publicacion/arriendo-mensual/san-miguel/departamento/ciudad-del-nino/125441005,arriendo-mensual,departamento,12.731121888495448
San Miguel,"San Miguel, Metro bio bio",370000.0,1.0,1.0,45.0,1.0,21/07/2026,125440984,https://chilepropiedades.cl/ver-publicacion/arriendo-mensual/san-miguel/departamento/metro-bio-bio/125440984,arriendo-mensual,departamento,9.058682882198685
San Miguel,"San Miguel, Maria Auxiliadora 975, San Miguel. Metro San Miguel",293000.0,1.0,1.0,28.0,,21/07/2026,19637167,https://chilepropiedades.cl/ver-publicacion/arriendo-mensual/san-miguel/departamento/maria-auxiliadora-975-san-miguel-metro-san-miguel/19637167,arriendo-mensual,departamento,7.173497525633012
San Miguel,"San Miguel, 2D + 1B | Estacionamiento y Bodega (175340)",550000.0,2.0,1.0,42.0,1.0,20/07/2026,124726989,https://chilepropiedades.cl/ver-publicacion/arriendo-mensual/san-miguel/departamento/2d-1b-estacionamiento-y-bodega-175340/124726989,arriendo-mensual,departamento,13.465609689754801
San Miguel,"San Miguel, Lazo con monja alferez",520000.0,2.0,2.0,58.0,,20/07/2026,123336879,https://chilepropiedades.cl/ver-publicacion/arriendo-mensual/san-miguel/departamento/lazo-con-monja-alferez/123336879,arriendo-mensual,departamento,12.731121888495448
San Miguel,"San Miguel, Municipalidad San Miguel- Jumbo --El Llano",620000.0,3.0,2.0,83.0,8.0,20/07/2026,124180824,https://chilepropiedades.cl/ver-publicacion/arriendo-mensual/san-miguel/departamento/municipalidad-san-miguel-jumbo-el-llano/124180824,arriendo-mensual,departamento,15.179414559359957
San Miguel,"San Miguel, Primera Avenida",399000.0,1.0,1.0,37.0,1.0,20/07/2026,75348957,https://chilepropiedades.cl/ver-publicacion/arriendo-mensual/san-miguel/departamento/primera-avenida/75348957,arriendo-mensual,departamento,9.768687756749392
San Miguel,"San Miguel, Alvarez de Toledo",485000.0,1.0,1.0,50.0,,20/07/2026,125336123,https://chilepropiedades.cl/ver-publicacion/arriendo-mensual/san-miguel/departamento/alvarez-de-toledo/125336123,arriendo-mensual,departamento,11.87421945369287
San Miguel,"San Miguel, San Nicolás",335000.0,1.0,1.0,35.0,,20/07/2026,125336079,https://chilepropiedades.cl/ver-publicacion/arriendo-mensual/san-miguel/departamento/san-nicolas/125336079,arriendo-mensual,departamento,8.201780447396105
San Miguel,"San Miguel, Tu Oasis Urbano con Excelente Conectividad (176166)",570000.0,3.0,2.0,68.0,1.0,20/07/2026,125329036,https://chilepropiedades.cl/ver-publicacion/arriendo-mensual/san-miguel/departamento/tu-oasis-urbano-con-excelente-conectividad-176166/125329036,arriendo-mensual,departamento,13.955268223927703
San Miguel,"San Miguel, Alcalde Pedro Alarcón",370000.0,1.0,1.0,40.0,1.0,19/07/2026,125255974,https://chilepropiedades.cl/ver-publicacion/arriendo-mensual/san-miguel/departamento/alcalde-pedro-alarcon/125255974,arriendo-mensual,departamento,9.058682882198685
San Miguel,"San Miguel, Ciudad del niño",360000.0,3.0,1.0,65.0,,19/07/2026,125251076,https://chilepropiedades.cl/ver-publicacion/arriendo-mensual/san-miguel/departamento/ciudad-del-nino/125251076,arriendo-mensual,departamento,8.813853615112233
San Miguel,"San Miguel, Varas mena",432000.0,2.0,1.0,60.0,,18/07/2026,48516102,https://chilepropiedades.cl/ver-publicacion/arriendo-mensual/san-miguel/departamento/varas-mena/48516102,arriendo-mensual,departamento,10.57662433813468
San Miguel,Departamento en Arriendo de 2 Dormitorios 2 Baños San Miguel,600000.0,2.0,2.0,64.0,1.0,18/07/2026,125184263,https://chilepropiedades.cl/ver-publicacion/arriendo-mensual/san-miguel/departamento/plaza-el-llano/125184263,arriendo-mensual,departamento,14.689756025187055
San Miguel,"San Miguel, Álvarez de Toledo",480000.0,2.0,2.0,67.0,1.0,18/07/2026,22917798,https://chilepropiedades.cl/ver-publicacion/arriendo-mensual/san-miguel/departamento/alvarez-de-toledo/22917798,arriendo-mensual,departamento,11.751804820149644
San Miguel,"San Miguel, Alcalde Pedro Alarcón",515000.0,2.0,2.0,55.0,1.0,18/07/2026,81845994,https://chilepropiedades.cl/ver-publicacion/arriendo-mensual/san-miguel/departamento/alcalde-pedro-alarcon/81845994,arriendo-mensual,departamento,12.608707254952222
San Miguel,"San Miguel, Comodidad, tranquilidad y Excelente Conectividad (175892)",450000.0,1.0,1.0,38.0,1.0,18/07/2026,125167465,https://chilepropiedades.cl/ver-publicacion/arriendo-mensual/san-miguel/departamento/comodidad-tranquilidad-y-excelente-conectividad-175892/125167465,arriendo-mensual,departamento,11.017317018890292
San Miguel,"San Miguel, Arriendo Metro El LLano Dpto 2d/2b/Bodega/EST (175890)",650000.0,2.0,2.0,70.0,1.0,18/07/2026,125167436,https://chilepropiedades.cl/ver-publicacion/arriendo-mensual/san-miguel/departamento/arriendo-metro-el-llano-dpto-2d-2b-bodega-est-175890/125167436,arriendo-mensual,departamento,15.91390236061931
San Miguel,"San Miguel, Salesianos esquina san ignacio",600000.0,3.0,2.0,70.0,1.0,18/07/2026,125166727,https://chilepropiedades.cl/ver-publicacion/arriendo-mensual/san-miguel/departamento/salesianos-esquina-san-ignacio/125166727,arriendo-mensual,departamento,14.689756025187055
San Miguel,"San Miguel, Centenario 1000",490000.0,2.0,1.0,55.0,,18/07/2026,125166023,https://chilepropiedades.cl/ver-publicacion/arriendo-mensual/san-miguel/departamento/centenario-1000/125166023,arriendo-mensual,departamento,11.996634087236096
San Miguel,"San Miguel, Álvarez de Toledo",409000.0,1.0,1.0,38.0,1.0,17/07/2026,25290735,https://chilepropiedades.cl/ver-publicacion/arriendo-mensual/san-miguel/departamento/alvarez-de-toledo/25290735,arriendo-mensual,departamento,10.013517023835842
San Miguel,"San Miguel, San Ignacio de Loyola 2903, San Miguel, Región Metropolitana de Santiago 8900000, Chile",450000.0,2.0,1.0,41.0,1.0,17/07/2026,119299774,https://chilepropiedades.cl/ver-publicacion/arriendo-mensual/san-miguel/departamento/san-ignacio-de-loyola-2903-san-miguel-region-metropolitana-de-santiago-8900000-chile/119299774,arriendo-mensual,departamento,11.017317018890292
San Miguel,"San Miguel, San Ignacio de Loyola 2903",450000.0,2.0,1.0,44.0,1.0,17/07/2026,114874854,https://chilepropiedades.cl/ver-publicacion/arriendo-mensual/san-miguel/departamento/san-ignacio-de-loyola-2903/114874854,arriendo-mensual,departamento,11.017317018890292
San Miguel,"San Miguel, Avenida centenario 1000",480000.0,3.0,1.0,60.0,,16/07/2026,125014988,https://chilepropiedades.cl/ver-publicacion/arriendo-mensual/san-miguel/departamento/avenida-centenario-1000/125014988,arriendo-mensual,departamento,11.751804820149644
San Miguel,"San Miguel, Lazo",318000.0,1.0,1.0,36.0,,16/07/2026,125007754,https://chilepropiedades.cl/ver-publicacion/arriendo-mensual/san-miguel/departamento/lazo/125007754,arriendo-mensual,departamento,7.78557069334914
San Miguel,"San Miguel, Fernando Lazcano 1249",650000.0,2.0,2.0,70.0,1.0,16/07/2026,125006225,https://chilepropiedades.cl/ver-publicacion/arriendo-mensual/san-miguel/departamento/fernando-lazcano-1249/125006225,arriendo-mensual,departamento,15.91390236061931
San Miguel,"San Miguel, Décima Avenida 1180, San Miguel, Región Metropolitana de Santiago 8900000, Chile",300000.0,1.0,1.0,25.0,,16/07/2026,124998583,https://chilepropiedades.cl/ver-publicacion/arriendo-mensual/san-miguel/departamento/decima-avenida-1180-san-miguel-region-metropolitana-de-santiago-8900000-chile/124998583,arriendo-mensual,departamento,7.344878012593528
San Miguel,"San Miguel, depto 2 dormitorios, 1 baño, San Miguel (175695)",420000.0,2.0,1.0,45.0,,16/07/2026,124944509,https://chilepropiedades.cl/ver-publicacion/arriendo-mensual/san-miguel/departamento/depto-2-dormitorios-1-bano-san-miguel-175695/124944509,arriendo-mensual,departamento,10.282829217630939
San Miguel,"San Miguel, san nicolas 1446",490000.0,2.0,2.0,62.0,1.0,16/07/2026,65523019,https://chilepropiedades.cl/ver-publicacion/arriendo-mensual/san-miguel/departamento/san-nicolas-1446/65523019,arriendo-mensual,departamento,11.996634087236096
San Miguel,"San Miguel, Alcalde Pedro Alarcón",590000.0,3.0,2.0,73.0,1.0,15/07/2026,86786964,https://chilepropiedades.cl/ver-publicacion/arriendo-mensual/san-miguel/departamento/alcalde-pedro-alarcon/86786964,arriendo-mensual,departamento,14.444926758100605
San Miguel,"San Miguel, Barrio la marina",370000.0,2.0,2.0,53.0,,15/07/2026,124865358,https://chilepropiedades.cl/ver-publicacion/arriendo-mensual/san-miguel/departamento/barrio-la-marina/124865358,arriendo-mensual,departamento,9.058682882198685
San Miguel,"San Miguel, CA - Arrienda Departamento Metro Lo Vial",525000.0,3.0,2.0,64.0,1.0,15/07/2026,22889503,https://chilepropiedades.cl/ver-publicacion/arriendo-mensual/san-miguel/departamento/ca-arrienda-departamento-metro-lo-vial/22889503,arriendo-mensual,departamento,12.853536522038674
San Miguel,"San Miguel, Chiloé 4911, San Miguel, Región Metropolitana de Santiago 8900000, Chile",400000.0,2.0,1.0,47.0,,15/07/2026,124854801,https://chilepropiedades.cl/ver-publicacion/arriendo-mensual/san-miguel/departamento/chiloe-4911-san-miguel-region-metropolitana-de-santiago-8900000-chile/124854801,arriendo-mensual,departamento,9.793170683458037
San Miguel,"San Miguel, San petersburgo con lo ovalle",370000.0,3.0,1.0,43.0,,15/07/2026,124852908,https://chilepropiedades.cl/ver-publicacion/arriendo-mensual/san-miguel/departamento/san-petersburgo-con-lo-ovalle/124852908,arriendo-mensual,departamento,9.058682882198685
San Miguel,"San Miguel, Santa rosa",330000.0,3.0,1.0,51.0,,15/07/2026,11472917,https://chilepropiedades.cl/ver-publicacion/arriendo-mensual/san-miguel/departamento/santa-rosa/11472917,arriendo-mensual,departamento,8.079365813852881
San Miguel,"San Miguel, Avenida Centenario 1000, San Miguel, Región Metropolitana de Santiago 8900000, Chile",500000.0,3.0,1.0,62.0,1.0,15/07/2026,124846083,https://chilepropiedades.cl/ver-publicacion/arriendo-mensual/san-miguel/departamento/avenida-centenario-1000-san-miguel-region-metropolitana-de-santiago-8900000-chile/124846083,arriendo-mensual,departamento,12.241463354322546
San Miguel,"San Miguel, Metro Franklin/ Carlos Silva / estacionamiento y bodega, 2 dormitorios",460000.0,2.0,2.0,59.0,1.0,14/07/2026,123783456,https://chilepropiedades.cl/ver-publicacion/arriendo-mensual/san-miguel/departamento/metro-franklin-carlos-silva-estacionamiento-y-bodega-2-dormitorios/123783456,arriendo-mensual,departamento,11.262146285976742
San Miguel,"San Miguel, San Petersburgo",385000.0,2.0,1.0,40.0,,14/07/2026,124739843,https://chilepropiedades.cl/ver-publicacion/arriendo-mensual/san-miguel/departamento/san-petersburgo/124739843,arriendo-mensual,departamento,9.42592678282836
San Miguel,"San Miguel, Luminoso depto 2dorm + Estacionamiento (175493)",390000.0,2.0,1.0,48.0,1.0,14/07/2026,124738212,https://chilepropiedades.cl/ver-publicacion/arriendo-mensual/san-miguel/departamento/luminoso-depto-2dorm-estacionamiento-175493/124738212,arriendo-mensual,departamento,9.548341416371587
San Miguel,"San Miguel, Lindo Depto. 2 dormitorios - 2 baños, San Miguel (175352)",460000.0,2.0,2.0,55.0,,14/07/2026,124731923,https://chilepropiedades.cl/ver-publicacion/arriendo-mensual/san-miguel/departamento/lindo-depto-2-dormitorios-2-banos-san-miguel-175352/124731923,arriendo-mensual,departamento,11.262146285976742
San Miguel,"San Miguel, Quinta Avenida",300000.0,1.0,1.0,36.0,,13/07/2026,119246887,https://chilepropiedades.cl/ver-publicacion/arriendo-mensual/san-miguel/departamento/quinta-avenida/119246887,arriendo-mensual,departamento,7.344878012593528
San Miguel,"San Miguel, Alcalde pedro alarcon 900",370000.0,1.0,1.0,40.2,,13/07/2026,124698590,https://chilepropiedades.cl/ver-publicacion/arriendo-mensual/san-miguel/departamento/alcalde-pedro-alarcon-900/124698590,arriendo-mensual,departamento,9.058682882198685
San Miguel,"San Miguel, Tercera Avenida",320000.0,1.0,1.0,33.0,1.0,13/07/2026,6950059,https://chilepropiedades.cl/ver-publicacion/arriendo-mensual/san-miguel/departamento/tercera-avenida/6950059,arriendo-mensual,departamento,7.834536546766429
San Miguel,Se Arrienda 2 Dormitorios San Miguel Metro Lo Vial,480000.0,2.0,1.0,43.0,1.0,13/07/2026,124647974,https://chilepropiedades.cl/ver-publicacion/arriendo-mensual/san-miguel/departamento/ventura-blanco-viel-1321/124647974,arriendo-mensual,departamento,11.751804820149644
San Miguel,"San Miguel, Cuarta Avenida",419000.0,2.0,1.0,50.0,,13/07/2026,75093927,https://chilepropiedades.cl/ver-publicacion/arriendo-mensual/san-miguel/departamento/cuarta-avenida/75093927,arriendo-mensual,departamento,10.258346290922294
San Miguel,"San Miguel, Santa Rosa 5741",370000.0,3.0,1.0,66.0,,13/07/2026,111121986,https://chilepropiedades.cl/ver-publicacion/arriendo-mensual/san-miguel/departamento/santa-rosa-5741/111121986,arriendo-mensual,departamento,9.058682882198685
San Miguel,"San Miguel, Alcalde Pedro Alarcón",380000.0,2.0,2.0,52.0,,12/07/2026,124587974,https://chilepropiedades.cl/ver-publicacion/arriendo-mensual/san-miguel/departamento/alcalde-pedro-alarcon/124587974,arriendo-mensual,departamento,9.303512149285135
San Miguel,"San Miguel, Av. Gran Avenida / v. Centenario",270000.0,1.0,1.0,37.0,,12/07/2026,124580909,https://chilepropiedades.cl/ver-publicacion/arriendo-mensual/san-miguel/departamento/av-gran-avenida-v-centenario/124580909,arriendo-mensual,departamento,6.610390211334175
San Miguel,"San Miguel, Depto 2 hab. Est y Bod. en Lo Vial (175181)",470000.0,2.0,2.0,54.0,1.0,12/07/2026,124537304,https://chilepropiedades.cl/ver-publicacion/arriendo-mensual/san-miguel/departamento/depto-2-hab-est-y-bod-en-lo-vial-175181/124537304,arriendo-mensual,departamento,11.506975553063194
San Miguel,"San Miguel, 2d+2b+terraza oriente piso 2, bajo ggcc (175241)",355000.0,2.0,2.0,44.0,,12/07/2026,124536647,https://chilepropiedades.cl/ver-publicacion/arriendo-mensual/san-miguel/departamento/2d-2b-terraza-oriente-piso-2-bajo-ggcc-175241/124536647,arriendo-mensual,departamento,8.691438981569007
San Miguel,"San Miguel, Cuarta Avenida 1170 San Miguel.",290000.0,1.0,1.0,1.0,,11/07/2026,15667121,https://chilepropiedades.cl/ver-publicacion/arriendo-mensual/san-miguel/departamento/cuarta-avenida-1170-san-miguel/15667121,arriendo-mensual,departamento,7.100048745507077
San Miguel,"San Miguel, Oportunidad! Cercado a metro! (174870)",290000.0,1.0,1.0,35.0,1.0,11/07/2026,124475399,https://chilepropiedades.cl/ver-publicacion/arriendo-mensual/san-miguel/departamento/oportunidad-cercado-a-metro-174870/124475399,arriendo-mensual,departamento,7.100048745507077
San Miguel,"Arriendo Departamento 3D+2B Estacionamiento /El Llano, San Miguel",520000.0,3.0,2.0,65.4,1.0,11/07/2026,124461476,https://chilepropiedades.cl/ver-publicacion/arriendo-mensual/san-miguel/departamento/alcalde-pedro-alarcon-834/124461476,arriendo-mensual,departamento,12.731121888495448
San Miguel,"San Miguel, San Miguel Confort y Diseño en Cada Rincón (174831)",380000.0,1.0,1.0,3.644,,11/07/2026,124457536,https://chilepropiedades.cl/ver-publicacion/arriendo-mensual/san-miguel/departamento/san-miguel-confort-y-diseno-en-cada-rincon-174831/124457536,arriendo-mensual,departamento,9.303512149285135
San Miguel,"San Miguel, San Petersburgo",238000.0,3.0,1.0,54.0,1.0,10/07/2026,124392507,https://chilepropiedades.cl/ver-publicacion/arriendo-mensual/san-miguel/departamento/san-petersburgo/124392507,arriendo-mensual,departamento,5.8269365566575315
San Miguel,"San Miguel, San Petersburgo",247500.0,3.0,1.0,54.0,,10/07/2026,124392455,https://chilepropiedades.cl/ver-publicacion/arriendo-mensual/san-miguel/departamento/san-petersburgo/124392455,arriendo-mensual,departamento,6.05952436038966
San Miguel,"San Miguel, A 7 minutos de estación ciudad del niño.",350000.0,1.0,1.0,37.0,,10/07/2026,124384686,https://chilepropiedades.cl/ver-publicacion/arriendo-mensual/san-miguel/departamento/a-7-minutos-de-estacion-ciudad-del-nino/124384686,arriendo-mensual,departamento,8.569024348025783
San Miguel,"San Miguel, Avenida Centenario 1000, San Miguel, RM (Metropolitana), Chile",420000.0,3.0,1.0,55.0,1.0,10/07/2026,124342730,https://chilepropiedades.cl/ver-publicacion/arriendo-mensual/san-miguel/departamento/avenida-centenario-1000-san-miguel-rm-metropolitana-chile/124342730,arriendo-mensual,departamento,10.282829217630939
San Miguel,Espacioso Departamento en San Miguel,700000.0,3.0,2.0,,1.0,09/07/2026,124338120,https://chilepropiedades.cl/ver-publicacion/arriendo-mensual/san-miguel/departamento/avenida-la-marina-1400/124338120,arriendo-mensual,departamento,17.138048696051566
San Miguel,Oportunidad Arriendo y/O Venta,380000.0,2.0,1.0,,,09/07/2026,99758223,https://chilepropiedades.cl/ver-publicacion/arriendo-mensual/san-miguel/departamento/san-nicolas-1092/99758223,arriendo-mensual,departamento,9.303512149285135
San Miguel,"San Miguel, Avenida Salvador Allende",600000.0,3.0,2.0,71.0,1.0,09/07/2026,88108052,https://chilepropiedades.cl/ver-publicacion/arriendo-mensual/san-miguel/departamento/avenida-salvador-allende/88108052,arriendo-mensual,departamento,14.689756025187055
San Miguel,"San Miguel, Avenida Santa Rosa",220500.0,2.0,1.0,50.0,,09/07/2026,113700770,https://chilepropiedades.cl/ver-publicacion/arriendo-mensual/san-miguel/departamento/avenida-santa-rosa/113700770,arriendo-mensual,departamento,5.398485339256243
San Miguel,"San Miguel, Alcalde Pedro Alarcón",550000.0,2.0,2.0,75.0,1.0,09/07/2026,124299153,https://chilepropiedades.cl/ver-publicacion/arriendo-mensual/san-miguel/departamento/alcalde-pedro-alarcon/124299153,arriendo-mensual,departamento,13.465609689754801
San Miguel,"San Miguel, Vargas Buston 790",550000.0,2.0,2.0,62.0,1.0,09/07/2026,124290203,https://chilepropiedades.cl/ver-publicacion/arriendo-mensual/san-miguel/departamento/vargas-buston-790/124290203,arriendo-mensual,departamento,13.465609689754801
San Miguel,"San Miguel, Avenida Santa Rosa",300000.0,3.0,1.0,51.0,,09/07/2026,6748300,https://chilepropiedades.cl/ver-publicacion/arriendo-mensual/san-miguel/departamento/avenida-santa-rosa/6748300,arriendo-mensual,departamento,7.344878012593528
San Miguel,"San Miguel, Décima Avenida",400000.0,2.0,1.0,46.0,1.0,09/07/2026,94506995,https://chilepropiedades.cl/ver-publicacion/arriendo-mensual/san-miguel/departamento/decima-avenida/94506995,arriendo-mensual,departamento,9.793170683458037
San Miguel,"San Miguel, San Nicolás 603",370000.0,2.0,2.0,52.76,1.0,08/07/2026,119257145,https://chilepropiedades.cl/ver-publicacion/arriendo-mensual/san-miguel/departamento/san-nicolas-603/119257145,arriendo-mensual,departamento,9.058682882198685
San Miguel,"San Miguel, Arrienda dpto usado 3 dormitorios 1 baño (174669)",326000.0,3.0,1.0,60.0,,08/07/2026,124185100,https://chilepropiedades.cl/ver-publicacion/arriendo-mensual/san-miguel/departamento/arrienda-dpto-usado-3-dormitorios-1-bano-174669/124185100,arriendo-mensual,departamento,7.9814341070183
San Miguel,"San Miguel, Lazo 1460",350000.0,1.0,1.0,38.0,,08/07/2026,121430916,https://chilepropiedades.cl/ver-publicacion/arriendo-mensual/san-miguel/departamento/lazo-1460/121430916,arriendo-mensual,departamento,8.569024348025783
San Miguel,"San Miguel, Carnot 955 Metro El Llano",240000.0,1.0,1.0,35.0,,08/07/2026,30953721,https://chilepropiedades.cl/ver-publicacion/arriendo-mensual/san-miguel/departamento/carnot-955-metro-el-llano/30953721,arriendo-mensual,departamento,5.875902410074822
San Miguel,"San Miguel, Avenida Santa Rosa",172500.0,2.0,1.0,45.0,,08/07/2026,73504170,https://chilepropiedades.cl/ver-publicacion/arriendo-mensual/san-miguel/departamento/avenida-santa-rosa/73504170,arriendo-mensual,departamento,4.223304857241279
San Miguel,"San Miguel, Arrendamos departamento en calle milán - san miguel",450000.0,2.0,2.0,60.0,,08/07/2026,124166168,https://chilepropiedades.cl/ver-publicacion/arriendo-mensual/san-miguel/departamento/arrendamos-departamento-en-calle-milan-san-miguel/124166168,arriendo-mensual,departamento,11.017317018890292
San Miguel,"San Miguel, Departamento 1d en llano, san miguel (23026)",320000.0,1.0,1.0,35.0,,08/07/2026,33501513,https://chilepropiedades.cl/ver-publicacion/arriendo-mensual/san-miguel/departamento/departamento-1d-en-llano-san-miguel-23026/33501513,arriendo-mensual,departamento,7.834536546766429
San Miguel,"San Miguel, Metro Ciudad del Niño",550000.0,2.0,1.0,56.0,,07/07/2026,123079872,https://chilepropiedades.cl/ver-publicacion/arriendo-mensual/san-miguel/departamento/metro-ciudad-del-nino/123079872,arriendo-mensual,departamento,13.465609689754801
San Miguel,"San Miguel, Alcalde Pedro Alarcon/Metro San Miguel",480000.0,2.0,2.0,52.0,,07/07/2026,124149815,https://chilepropiedades.cl/ver-publicacion/arriendo-mensual/san-miguel/departamento/alcalde-pedro-alarcon-metro-san-miguel/124149815,arriendo-mensual,departamento,11.751804820149644
San Miguel,"San Miguel, Florencia, 1193 (flo1406)",360000.0,1.0,1.0,39.9,,07/07/2026,124147378,https://chilepropiedades.cl/ver-publicacion/arriendo-mensual/san-miguel/departamento/florencia-1193-flo1406/124147378,arriendo-mensual,departamento,8.813853615112233
San Miguel,"San Miguel, Hermoso depto en condominio en San Miguel (174446)",580000.0,2.0,1.0,68.0,1.0,07/07/2026,124087880,https://chilepropiedades.cl/ver-publicacion/arriendo-mensual/san-miguel/departamento/hermoso-depto-en-condominio-en-san-miguel-174446/124087880,arriendo-mensual,departamento,14.200097491014153
San Miguel,"San Miguel, Sexta Avenida 1340",410000.0,2.0,1.0,50.0,1.0,07/07/2026,124085589,https://chilepropiedades.cl/ver-publicacion/arriendo-mensual/san-miguel/departamento/sexta-avenida-1340/124085589,arriendo-mensual,departamento,10.037999950544489
San Miguel,"San Miguel, Gran Avenida José Miguel Carrera",570000.0,3.0,2.0,66.0,1.0,07/07/2026,124083039,https://chilepropiedades.cl/ver-publicacion/arriendo-mensual/san-miguel/departamento/gran-avenida-jose-miguel-carrera/124083039,arriendo-mensual,departamento,13.955268223927703
San Miguel,"San Miguel, 3era Avenida con 1era Transversal",400000.0,2.0,2.0,70.0,,07/07/2026,124082181,https://chilepropiedades.cl/ver-publicacion/arriendo-mensual/san-miguel/departamento/3era-avenida-con-1era-transversal/124082181,arriendo-mensual,departamento,9.793170683458037
San Miguel,"San Miguel, San nicolas a 2 cuadras metro lo vial",375000.0,1.0,1.0,32.0,,07/07/2026,124081218,https://chilepropiedades.cl/ver-publicacion/arriendo-mensual/san-miguel/departamento/san-nicolas-a-2-cuadras-metro-lo-vial/124081218,arriendo-mensual,departamento,9.181097515741909
San Miguel,"San Miguel, Metro franklin",460000.0,2.0,2.0,60.0,1.0,07/07/2026,124079465,https://chilepropiedades.cl/ver-publicacion/arriendo-mensual/san-miguel/departamento/metro-franklin/124079465,arriendo-mensual,departamento,11.262146285976742
San Miguel,"San Miguel, Metro departamental",220000.0,,1.0,27.0,,07/07/2026,109658631,https://chilepropiedades.cl/ver-publicacion/arriendo-mensual/san-miguel/departamento/metro-departamental/109658631,arriendo-mensual,departamento,5.38624387590192
San Miguel,"San Miguel, San Ignacio de Loyola 2903, San Miguel",420000.0,2.0,1.0,44.0,1.0,07/07/2026,124024263,https://chilepropiedades.cl/ver-publicacion/arriendo-mensual/san-miguel/departamento/san-ignacio-de-loyola-2903-san-miguel/124024263,arriendo-mensual,departamento,10.282829217630939
San Miguel,Arriendo 1D Bodega Metro Comuna San Miguel Acepto Subsidio,530982.27,1.0,1.0,39.0,,06/07/2026,124019635,https://chilepropiedades.cl/ver-publicacion/arriendo-mensual/san-miguel/departamento/tercera-avenida-1198/124019635,arriendo-mensual,departamento,13.0
San Miguel,"San Miguel, San Nicolás",300000.0,1.0,1.0,30.0,,06/07/2026,110138727,https://chilepropiedades.cl/ver-publicacion/arriendo-mensual/san-miguel/departamento/san-nicolas/110138727,arriendo-mensual,departamento,7.344878012593528
San Miguel,"San Miguel, San Nicolas 1933. San Miguel",370000.0,2.0,1.0,50.0,,06/07/2026,123980475,https://chilepropiedades.cl/ver-publicacion/arriendo-mensual/san-miguel/departamento/san-nicolas-1933-san-miguel/123980475,arriendo-mensual,departamento,9.058682882198685
San Miguel,"San Miguel, carlos silva vildosola 1068",465000.0,2.0,1.0,48.0,1.0,05/07/2026,123886215,https://chilepropiedades.cl/ver-publicacion/arriendo-mensual/san-miguel/departamento/carlos-silva-vildosola-1068/123886215,arriendo-mensual,departamento,11.384560919519968
San Miguel,"San Miguel, Arriendo 3Dorm/1Baño- San Petrsburgo (174257)",370000.0,3.0,1.0,45.0,,05/07/2026,123881934,https://chilepropiedades.cl/ver-publicacion/arriendo-mensual/san-miguel/departamento/arriendo-3dorm-1bano-san-petrsburgo-174257/123881934,arriendo-mensual,departamento,9.058682882198685
San Miguel,"San Miguel, Arriendo Maria Auxiliador 872 (174035)",420000.0,2.0,1.0,45.0,1.0,05/07/2026,123881913,https://chilepropiedades.cl/ver-publicacion/arriendo-mensual/san-miguel/departamento/arriendo-maria-auxiliador-872-174035/123881913,arriendo-mensual,departamento,10.282829217630939
San Miguel,"San Miguel, Vargas Buston 790",550000.0,2.0,2.0,62.0,1.0,05/07/2026,123869297,https://chilepropiedades.cl/ver-publicacion/arriendo-mensual/san-miguel/departamento/vargas-buston-790/123869297,arriendo-mensual,departamento,13.465609689754801
San Miguel,"San Miguel, María Auxiliadora",380000.0,1.0,1.0,32.0,,04/07/2026,123782433,https://chilepropiedades.cl/ver-publicacion/arriendo-mensual/san-miguel/departamento/maria-auxiliadora/123782433,arriendo-mensual,departamento,9.303512149285135
San Miguel,"San Miguel, Ventura Blanco Viel",520000.0,2.0,2.0,57.0,,04/07/2026,123782384,https://chilepropiedades.cl/ver-publicacion/arriendo-mensual/san-miguel/departamento/ventura-blanco-viel/123782384,arriendo-mensual,departamento,12.731121888495448
San Miguel,"San Miguel, Arriendo 2 dormitorios san miguel (173480)",400000.0,2.0,1.0,49.0,,04/07/2026,123779946,https://chilepropiedades.cl/ver-publicacion/arriendo-mensual/san-miguel/departamento/arriendo-2-dormitorios-san-miguel-173480/123779946,arriendo-mensual,departamento,9.793170683458037
San Miguel,"San Miguel, Carmen Mena 838",310000.0,1.0,1.0,,,04/07/2026,33491306,https://chilepropiedades.cl/ver-publicacion/arriendo-mensual/san-miguel/departamento/carmen-mena-838/33491306,arriendo-mensual,departamento,7.5897072796799785
San Miguel,"San Miguel, Arriendo 1 hab-1b. San miguel (135569)",330000.0,1.0,1.0,30.0,,04/07/2026,104167047,https://chilepropiedades.cl/ver-publicacion/arriendo-mensual/san-miguel/departamento/arriendo-1-hab-1b-san-miguel-135569/104167047,arriendo-mensual,departamento,8.079365813852881
San Miguel,"San Miguel, Confortable Departamento Lleno de Luz Natural (173749)",750000.0,2.0,2.0,74.0,1.0,04/07/2026,123725195,https://chilepropiedades.cl/ver-publicacion/arriendo-mensual/san-miguel/departamento/confortable-departamento-lleno-de-luz-natural-173749/123725195,arriendo-mensual,departamento,18.362195031483818
San Miguel,"San Miguel, Varas Mena 865",330000.0,1.0,1.0,42.0,,03/07/2026,123677313,https://chilepropiedades.cl/ver-publicacion/arriendo-mensual/san-miguel/departamento/varas-mena-865/123677313,arriendo-mensual,departamento,8.079365813852881
San Miguel,"San Miguel, Vargas buston / chiloé",590000.0,3.0,2.0,83.0,1.0,02/07/2026,44784198,https://chilepropiedades.cl/ver-publicacion/arriendo-mensual/san-miguel/departamento/vargas-buston-chiloe/44784198,arriendo-mensual,departamento,14.444926758100605
San Miguel,"San Miguel, Álvarez de Toledo 706",330000.0,1.0,1.0,,,02/07/2026,21331888,https://chilepropiedades.cl/ver-publicacion/arriendo-mensual/san-miguel/departamento/alvarez-de-toledo-706/21331888,arriendo-mensual,departamento,8.079365813852881
San Miguel,"San Miguel, Se arrienda en chiloé 3601",260000.0,1.0,1.0,35.0,,02/07/2026,123606237,https://chilepropiedades.cl/ver-publicacion/arriendo-mensual/san-miguel/departamento/se-arrienda-en-chiloe-3601/123606237,arriendo-mensual,departamento,6.365560944247724
San Miguel,"San Miguel, Arriendo inmediato san miguel 1d/1b/1e/1b",380000.0,1.0,1.0,45.0,1.0,02/07/2026,106319677,https://chilepropiedades.cl/ver-publicacion/arriendo-mensual/san-miguel/departamento/arriendo-inmediato-san-miguel-1d-1b-1e-1b/106319677,arriendo-mensual,departamento,9.303512149285135
San Miguel,"San Miguel, San Petersburgo",195000.0,3.0,1.0,52.0,1.0,02/07/2026,25406696,https://chilepropiedades.cl/ver-publicacion/arriendo-mensual/san-miguel/departamento/san-petersburgo/25406696,arriendo-mensual,departamento,4.774170708185793
San Miguel,"San Miguel, Frankfort 5071",300000.0,1.0,1.0,33.0,1.0,01/07/2026,123527077,https://chilepropiedades.cl/ver-publicacion/arriendo-mensual/san-miguel/departamento/frankfort-5071/123527077,arriendo-mensual,departamento,7.344878012593528
San Miguel,"San Miguel, Cercano a segunda transversal con novena avenida",330000.0,2.0,1.0,45.0,,01/07/2026,123526470,https://chilepropiedades.cl/ver-publicacion/arriendo-mensual/san-miguel/departamento/cercano-a-segunda-transversal-con-novena-avenida/123526470,arriendo-mensual,departamento,8.079365813852881
San Miguel,"San Miguel, 3d3b en avenida carlos silva vildosola 870",500000.0,3.0,2.0,74.0,,01/07/2026,21416481,https://chilepropiedades.cl/ver-publicacion/arriendo-mensual/san-miguel/departamento/3d3b-en-avenida-carlos-silva-vildosola-870/21416481,arriendo-mensual,departamento,12.241463354322546
San Miguel,"San Miguel, San Petersburgo",238000.0,3.0,1.0,54.0,1.0,30/06/2026,122227014,https://chilepropiedades.cl/ver-publicacion/arriendo-mensual/san-miguel/departamento/san-petersburgo/122227014,arriendo-mensual,departamento,5.8269365566575315
San Miguel,"San Miguel, Depto 2d+2b+ bod carlos silva vildosola #870",490000.0,2.0,2.0,63.0,,30/06/2026,21416467,https://chilepropiedades.cl/ver-publicacion/arriendo-mensual/san-miguel/departamento/depto-2d-2b-bod-carlos-silva-vildosola-870/21416467,arriendo-mensual,departamento,11.996634087236096
San Miguel,"San Miguel, San Ignacio 2903 / Barrio el llano",350000.0,2.0,1.0,,1.0,30/06/2026,123458334,https://chilepropiedades.cl/ver-publicacion/arriendo-mensual/san-miguel/departamento/san-ignacio-2903-barrio-el-llano/123458334,arriendo-mensual,departamento,8.569024348025783
San Miguel,"San Miguel, Bermann 500",350000.0,2.0,2.0,47.0,,29/06/2026,41971201,https://chilepropiedades.cl/ver-publicacion/arriendo-mensual/san-miguel/departamento/bermann-500/41971201,arriendo-mensual,departamento,8.569024348025783
San Miguel,"San Miguel, Metro lo vial",430000.0,2.0,2.0,47.0,2.0,29/06/2026,123322111,https://chilepropiedades.cl/ver-publicacion/arriendo-mensual/san-miguel/departamento/metro-lo-vial/123322111,arriendo-mensual,departamento,10.52765848471739
San Miguel,"San Miguel, Novena Avenida",300000.0,1.0,1.0,33.0,,28/06/2026,123236719,https://chilepropiedades.cl/ver-publicacion/arriendo-mensual/san-miguel/departamento/novena-avenida/123236719,arriendo-mensual,departamento,7.344878012593528
San Miguel,"San Miguel, Quinta Avenida 1198",520000.0,2.0,2.0,54.0,1.0,27/06/2026,123178361,https://chilepropiedades.cl/ver-publicacion/arriendo-mensual/san-miguel/departamento/quinta-avenida-1198/123178361,arriendo-mensual,departamento,12.731121888495448
San Miguel,"San Miguel, Alcalde Pedro Alarcón",520000.0,2.0,2.0,63.0,1.0,27/06/2026,5764493,https://chilepropiedades.cl/ver-publicacion/arriendo-mensual/san-miguel/departamento/alcalde-pedro-alarcon/5764493,arriendo-mensual,departamento,12.731121888495448
San Miguel,"San Miguel, Carmen Mena",310000.0,1.0,1.0,32.0,,27/06/2026,123135432,https://chilepropiedades.cl/ver-publicacion/arriendo-mensual/san-miguel/departamento/carmen-mena/123135432,arriendo-mensual,departamento,7.5897072796799785
San Miguel,"San Miguel, Departamental con Gran Avenida",280000.0,1.0,1.0,35.0,,27/06/2026,123135377,https://chilepropiedades.cl/ver-publicacion/arriendo-mensual/san-miguel/departamento/departamental-con-gran-avenida/123135377,arriendo-mensual,departamento,6.855219478420626
San Miguel,"San Miguel, Arriendo Depto 2D/1B Comuna de San Miguel (164414)",380000.0,2.0,1.0,47.0,,26/06/2026,118740464,https://chilepropiedades.cl/ver-publicacion/arriendo-mensual/san-miguel/departamento/arriendo-depto-2d-1b-comuna-de-san-miguel-164414/118740464,arriendo-mensual,departamento,9.303512149285135
San Miguel,"San Miguel, Octava Avenida 1563",399000.0,2.0,2.0,62.0,,26/06/2026,111388596,https://chilepropiedades.cl/ver-publicacion/arriendo-mensual/san-miguel/departamento/octava-avenida-1563/111388596,arriendo-mensual,departamento,9.768687756749392
San Miguel,"San Miguel, Alcalde Pedro Alarcón 875",540000.0,2.0,2.0,56.0,1.0,26/06/2026,123031695,https://chilepropiedades.cl/ver-publicacion/arriendo-mensual/san-miguel/departamento/alcalde-pedro-alarcon-875/123031695,arriendo-mensual,departamento,13.22078042266835
San Miguel,"San Miguel, Fernandez albano /gran avenida",355000.0,2.0,1.0,40.0,,26/06/2026,123026445,https://chilepropiedades.cl/ver-publicacion/arriendo-mensual/san-miguel/departamento/fernandez-albano-gran-avenida/123026445,arriendo-mensual,departamento,8.691438981569007
San Miguel,"San Miguel, Arcadia con san ignacio de loyola, san miguel",590000.0,2.0,1.0,65.0,1.0,26/06/2026,123015319,https://chilepropiedades.cl/ver-publicacion/arriendo-mensual/san-miguel/departamento/arcadia-con-san-ignacio-de-loyola-san-miguel/123015319,arriendo-mensual,departamento,14.444926758100605
San Miguel,"San Miguel, Arriendo san petersb san miguel",285913.53,3.0,1.0,40.002,1.0,26/06/2026,44476215,https://chilepropiedades.cl/ver-publicacion/arriendo-mensual/san-miguel/departamento/arriendo-san-petersb-san-miguel/44476215,arriendo-mensual,departamento,7.0
San Miguel,"San Miguel, Seguro y Bonito Cercano a Todo (171879)",390000.0,2.0,1.0,70.0,,25/06/2026,122999924,https://chilepropiedades.cl/ver-publicacion/arriendo-mensual/san-miguel/departamento/seguro-y-bonito-cercano-a-todo-171879/122999924,arriendo-mensual,departamento,9.548341416371587
San Miguel,"San Miguel, San Petersburgo",238000.0,3.0,1.0,54.0,,25/06/2026,121575136,https://chilepropiedades.cl/ver-publicacion/arriendo-mensual/san-miguel/departamento/san-petersburgo/121575136,arriendo-mensual,departamento,5.8269365566575315
San Miguel,"San Miguel, San Nicolás 1270",530982.27,2.0,2.0,52.52,1.0,25/06/2026,122993927,https://chilepropiedades.cl/ver-publicacion/arriendo-mensual/san-miguel/departamento/san-nicolas-1270/122993927,arriendo-mensual,departamento,13.0
San Miguel,"San Miguel, Milan",500000.0,2.0,2.0,51.0,1.0,25/06/2026,122958010,https://chilepropiedades.cl/ver-publicacion/arriendo-mensual/san-miguel/departamento/milan/122958010,arriendo-mensual,departamento,12.241463354322546
San Miguel,"San Miguel, Av. Salesianos 961",620000.0,3.0,2.0,80.0,1.0,25/06/2026,72436656,https://chilepropiedades.cl/ver-publicacion/arriendo-mensual/san-miguel/departamento/av-salesianos-961/72436656,arriendo-mensual,departamento,15.179414559359957
San Miguel,"San Miguel, Metro ciudad del niño / josé miguel carrera",400000.0,2.0,1.0,45.0,1.0,25/06/2026,122945018,https://chilepropiedades.cl/ver-publicacion/arriendo-mensual/san-miguel/departamento/metro-ciudad-del-nino-jose-miguel-carrera/122945018,arriendo-mensual,departamento,9.793170683458037
San Miguel,"San Miguel, Cómodo depto 3dorm/ 1 baño (102389)",330000.0,3.0,1.0,42.0,,25/06/2026,85157436,https://chilepropiedades.cl/ver-publicacion/arriendo-mensual/san-miguel/departamento/comodo-depto-3dorm-1-bano-102389/85157436,arriendo-mensual,departamento,8.079365813852881
San Miguel,"San Miguel, Avenida Santa Rosa 5741",400000.0,2.0,1.0,50.0,1.0,24/06/2026,122840392,https://chilepropiedades.cl/ver-publicacion/arriendo-mensual/san-miguel/departamento/avenida-santa-rosa-5741/122840392,arriendo-mensual,departamento,9.793170683458037
San Miguel,"San Miguel, Primera transversal 5875",690000.0,3.0,2.0,82.0,1.0,24/06/2026,122839803,https://chilepropiedades.cl/ver-publicacion/arriendo-mensual/san-miguel/departamento/primera-transversal-5875/122839803,arriendo-mensual,departamento,16.893219428965114
San Miguel,"San Miguel, María Auxiliadora 721, San Miguel, Región Metropolitana de Santiago 8900000, Chile",380000.0,3.0,1.0,50.0,1.0,24/06/2026,122838396,https://chilepropiedades.cl/ver-publicacion/arriendo-mensual/san-miguel/departamento/maria-auxiliadora-721-san-miguel-region-metropolitana-de-santiago-8900000-chile/122838396,arriendo-mensual,departamento,9.303512149285135
San Miguel,"San Miguel, Salesianos",330000.0,1.0,1.0,45.0,,24/06/2026,65604774,https://chilepropiedades.cl/ver-publicacion/arriendo-mensual/san-miguel/departamento/salesianos/65604774,arriendo-mensual,departamento,8.079365813852881
San Miguel,"San Miguel, Maria Auxiliadora 721, San Miguel",320000.0,3.0,1.0,52.0,,23/06/2026,117135265,https://chilepropiedades.cl/ver-publicacion/arriendo-mensual/san-miguel/departamento/maria-auxiliadora-721-san-miguel/117135265,arriendo-mensual,departamento,7.834536546766429
San Miguel,"San Miguel, San Petersburgo",370000.0,3.0,1.0,45.0,1.0,23/06/2026,78672603,https://chilepropiedades.cl/ver-publicacion/arriendo-mensual/san-miguel/departamento/san-petersburgo/78672603,arriendo-mensual,departamento,9.058682882198685
San Miguel,"San Miguel, Novena avenida 1226",600000.0,3.0,2.0,60.0,1.0,23/06/2026,122758213,https://chilepropiedades.cl/ver-publicacion/arriendo-mensual/san-miguel/departamento/novena-avenida-1226/122758213,arriendo-mensual,departamento,14.689756025187055
San Miguel,"San Miguel, Fernando Lazcano 1220",490000.0,1.0,1.0,47.0,1.0,22/06/2026,122687310,https://chilepropiedades.cl/ver-publicacion/arriendo-mensual/san-miguel/departamento/fernando-lazcano-1220/122687310,arriendo-mensual,departamento,11.996634087236096
San Miguel,"San Miguel, San Nicolás 1092",370000.0,2.0,1.0,50.0,,22/06/2026,96495284,https://chilepropiedades.cl/ver-publicacion/arriendo-mensual/san-miguel/departamento/san-nicolas-1092/96495284,arriendo-mensual,departamento,9.058682882198685
San Miguel,"San Miguel, Varas mena",580000.0,2.0,1.0,74.0,,22/06/2026,122647820,https://chilepropiedades.cl/ver-publicacion/arriendo-mensual/san-miguel/departamento/varas-mena/122647820,arriendo-mensual,departamento,14.200097491014153
San Miguel,"San Miguel, Frankfort 5071",280000.0,1.0,1.0,,,21/06/2026,122639777,https://chilepropiedades.cl/ver-publicacion/arriendo-mensual/san-miguel/departamento/frankfort-5071/122639777,arriendo-mensual,departamento,6.855219478420626
San Miguel,"San Miguel, Gran oportunidad Sn Miguel 2D+2B+E+B-Metro (171709)",450000.0,2.0,2.0,54.0,1.0,21/06/2026,122543779,https://chilepropiedades.cl/ver-publicacion/arriendo-mensual/san-miguel/departamento/gran-oportunidad-sn-miguel-2d-2b-e-b-metro-171709/122543779,arriendo-mensual,departamento,11.017317018890292
San Miguel,"San Miguel, Quinta Avenida 1277, San Miguel, Región Metropolitana de Santiago 8900000, Chile",490000.0,2.0,2.0,53.0,1.0,21/06/2026,122541160,https://chilepropiedades.cl/ver-publicacion/arriendo-mensual/san-miguel/departamento/quinta-avenida-1277-san-miguel-region-metropolitana-de-santiago-8900000-chile/122541160,arriendo-mensual,departamento,11.996634087236096
San Miguel,"San Miguel, Moderno Dpto 1D con terraza - Metro El Llano (171514)",330000.0,1.0,1.0,34.0,,20/06/2026,122498762,https://chilepropiedades.cl/ver-publicacion/arriendo-mensual/san-miguel/departamento/moderno-dpto-1d-con-terraza-metro-el-llano-171514/122498762,arriendo-mensual,departamento,8.079365813852881
San Miguel,"San Miguel, Avenida Departamental",296000.0,2.0,1.0,47.0,,19/06/2026,122411620,https://chilepropiedades.cl/ver-publicacion/arriendo-mensual/san-miguel/departamento/avenida-departamental/122411620,arriendo-mensual,departamento,7.246946305758947
San Miguel,"San Miguel, Lo Ovalle/ Gran Avenida.",450000.0,3.0,1.0,,1.0,18/06/2026,39389057,https://chilepropiedades.cl/ver-publicacion/arriendo-mensual/san-miguel/departamento/lo-ovalle-gran-avenida/39389057,arriendo-mensual,departamento,11.017317018890292
San Miguel,"San Miguel, San Petersburgo y Ciudad del niño",500000.0,3.0,1.0,62.0,,18/06/2026,122235411,https://chilepropiedades.cl/ver-publicacion/arriendo-mensual/san-miguel/departamento/san-petersburgo-y-ciudad-del-nino/122235411,arriendo-mensual,departamento,12.241463354322546
San Miguel,"San Miguel, Metro lo vial",280000.0,1.0,1.0,80.0,,18/06/2026,122210055,https://chilepropiedades.cl/ver-publicacion/arriendo-mensual/san-miguel/departamento/metro-lo-vial/122210055,arriendo-mensual,departamento,6.855219478420626
San Miguel,"San Miguel, Studio en san miguel | a pasos de metro franklin $270.000",270000.0,1.0,1.0,32.0,,18/06/2026,122209616,https://chilepropiedades.cl/ver-publicacion/arriendo-mensual/san-miguel/departamento/studio-en-san-miguel-a-pasos-de-metro-franklin-270-000/122209616,arriendo-mensual,departamento,6.610390211334175
San Miguel,"San Miguel, Lazo",500000.0,2.0,2.0,60.0,,17/06/2026,122118021,https://chilepropiedades.cl/ver-publicacion/arriendo-mensual/san-miguel/departamento/lazo/122118021,arriendo-mensual,departamento,12.241463354322546
San Miguel,"San Miguel, Séptima Avenida 1355",320000.0,1.0,1.0,,,17/06/2026,112617963,https://chilepropiedades.cl/ver-publicacion/arriendo-mensual/san-miguel/departamento/septima-avenida-1355/112617963,arriendo-mensual,departamento,7.834536546766429
San Miguel,"San Miguel, Gran Avenida Jose Miguel Carrera",199500.0,1.0,1.0,30.0,,17/06/2026,19863689,https://chilepropiedades.cl/ver-publicacion/arriendo-mensual/san-miguel/departamento/gran-avenida-jose-miguel-carrera/19863689,arriendo-mensual,departamento,4.884343878374696
San Miguel,"San Miguel, Carmen Mena #838",260000.0,1.0,1.0,36.0,1.0,17/06/2026,122084591,https://chilepropiedades.cl/ver-publicacion/arriendo-mensual/san-miguel/departamento/carmen-mena-838/122084591,arriendo-mensual,departamento,6.365560944247724
San Miguel,"San Miguel, El llano Subercaseaux 3361, San Miguel RM (Metropolitana), Chile",400000.0,1.0,1.0,40.24,,17/06/2026,122084552,https://chilepropiedades.cl/ver-publicacion/arriendo-mensual/san-miguel/departamento/el-llano-subercaseaux-3361-san-miguel-rm-metropolitana-chile/122084552,arriendo-mensual,departamento,9.793170683458037
San Miguel,"San Miguel, Arriendo 3D 2B San Miguel (170798)",500000.0,3.0,2.0,70.0,1.0,17/06/2026,122065380,https://chilepropiedades.cl/ver-publicacion/arriendo-mensual/san-miguel/departamento/arriendo-3d-2b-san-miguel-170798/122065380,arriendo-mensual,departamento,12.241463354322546
San Miguel,"San Miguel, 1D Excelente estado Metro Ciudad del Niño (3716)",340000.0,1.0,1.0,32.0,,16/06/2026,122005240,https://chilepropiedades.cl/ver-publicacion/arriendo-mensual/san-miguel/departamento/1d-excelente-estado-metro-ciudad-del-nino-3716/122005240,arriendo-mensual,departamento,8.324195080939331
San Miguel,"San Miguel, curiñanca",520000.0,2.0,2.0,60.0,1.0,16/06/2026,122004424,https://chilepropiedades.cl/ver-publicacion/arriendo-mensual/san-miguel/departamento/curinanca/122004424,arriendo-mensual,departamento,12.731121888495448
San Miguel,"San Miguel, Depto 2d 1b 1e 1b san miguel (170564)",440000.0,2.0,1.0,50.0,1.0,16/06/2026,121992216,https://chilepropiedades.cl/ver-publicacion/arriendo-mensual/san-miguel/departamento/depto-2d-1b-1e-1b-san-miguel-170564/121992216,arriendo-mensual,departamento,10.77248775180384
San Miguel,Arriendo Depto. 1D/1B - San Miguel,320000.0,1.0,1.0,38.0,,16/06/2026,114366598,https://chilepropiedades.cl/ver-publicacion/arriendo-mensual/san-miguel/departamento/ventura-blanco-viel-1377/114366598,arriendo-mensual,departamento,7.834536546766429
San Miguel,Depto. 3D/1B - San Miguel,310000.0,3.0,1.0,52.0,,16/06/2026,116561349,https://chilepropiedades.cl/ver-publicacion/arriendo-mensual/san-miguel/departamento/maria-auxiliadora-721/116561349,arriendo-mensual,departamento,7.5897072796799785
San Miguel,"San Miguel, Inversión Segura en Excelente Ubicación (170578)",330000.0,1.0,1.0,35.0,1.0,16/06/2026,121949002,https://chilepropiedades.cl/ver-publicacion/arriendo-mensual/san-miguel/departamento/inversion-segura-en-excelente-ubicacion-170578/121949002,arriendo-mensual,departamento,8.079365813852881
San Miguel,"San Miguel, Inversión Segura en Excelente Ubicación (170572)",330000.0,1.0,1.0,35.0,1.0,16/06/2026,121948985,https://chilepropiedades.cl/ver-publicacion/arriendo-mensual/san-miguel/departamento/inversion-segura-en-excelente-ubicacion-170572/121948985,arriendo-mensual,departamento,8.079365813852881
San Miguel,Arriendo Depto. 3D/1B - San Miguel,310000.0,3.0,1.0,52.0,,15/06/2026,112486778,https://chilepropiedades.cl/ver-publicacion/arriendo-mensual/san-miguel/departamento/maria-auxiliadora-721/112486778,arriendo-mensual,departamento,7.5897072796799785
San Miguel,"San Miguel, Av. Salesianos / Ignacio de Loyola, San Miguel",430000.0,2.0,1.0,43.0,1.0,15/06/2026,17486866,https://chilepropiedades.cl/ver-publicacion/arriendo-mensual/san-miguel/departamento/av-salesianos-ignacio-de-loyola-san-miguel/17486866,arriendo-mensual,departamento,10.52765848471739
San Miguel,"San Miguel, Lazo con monja alferez",480000.0,2.0,2.0,58.0,1.0,14/06/2026,121788595,https://chilepropiedades.cl/ver-publicacion/arriendo-mensual/san-miguel/departamento/lazo-con-monja-alferez/121788595,arriendo-mensual,departamento,11.751804820149644
San Miguel,"San Miguel, Séptima Avenida",857740.59,3.0,2.0,50.0,1.0,14/06/2026,121787419,https://chilepropiedades.cl/ver-publicacion/arriendo-mensual/san-miguel/departamento/septima-avenida/121787419,arriendo-mensual,departamento,21.0
San Miguel,"San Miguel, Metro san miguel",400000.0,1.0,1.0,38.0,1.0,14/06/2026,121740531,https://chilepropiedades.cl/ver-publicacion/arriendo-mensual/san-miguel/departamento/metro-san-miguel/121740531,arriendo-mensual,departamento,9.793170683458037
San Miguel,"San Miguel, Alcalde Pedro Alarcón, Metro San Miguel y El Llano",310000.0,1.0,1.0,32.0,,12/06/2026,121595226,https://chilepropiedades.cl/ver-publicacion/arriendo-mensual/san-miguel/departamento/alcalde-pedro-alarcon-metro-san-miguel-y-el-llano/121595226,arriendo-mensual,departamento,7.5897072796799785
San Miguel,"San Miguel, Lazo 1456, San Miguel",385000.0,2.0,1.0,46.6,,12/06/2026,121579373,https://chilepropiedades.cl/ver-publicacion/arriendo-mensual/san-miguel/departamento/lazo-1456-san-miguel/121579373,arriendo-mensual,departamento,9.42592678282836
San Miguel,"San Miguel, Lazo 1456, San Miguel",385000.0,2.0,1.0,46.6,,12/06/2026,121579346,https://chilepropiedades.cl/ver-publicacion/arriendo-mensual/san-miguel/departamento/lazo-1456-san-miguel/121579346,arriendo-mensual,departamento,9.42592678282836
San Miguel,"San Miguel, San Petersburgo",238000.0,3.0,1.0,54.0,1.0,12/06/2026,121575163,https://chilepropiedades.cl/ver-publicacion/arriendo-mensual/san-miguel/departamento/san-petersburgo/121575163,arriendo-mensual,departamento,5.8269365566575315
San Miguel,"San Miguel, 1era avenida 1178 cercano a metro Departamental",350000.0,1.0,1.0,50.0,,12/06/2026,117055168,https://chilepropiedades.cl/ver-publicacion/arriendo-mensual/san-miguel/departamento/1era-avenida-1178-cercano-a-metro-departamental/117055168,arriendo-mensual,departamento,8.569024348025783
San Miguel,"San Miguel, Jose Joaquin Prieto - Salesianos",240000.0,,1.0,23.0,,12/06/2026,121518299,https://chilepropiedades.cl/ver-publicacion/arriendo-mensual/san-miguel/departamento/jose-joaquin-prieto-salesianos/121518299,arriendo-mensual,departamento,5.875902410074822
San Miguel,"San Miguel, San petersburgo 6351",315000.0,3.0,1.0,47.0,,12/06/2026,121518103,https://chilepropiedades.cl/ver-publicacion/arriendo-mensual/san-miguel/departamento/san-petersburgo-6351/121518103,arriendo-mensual,departamento,7.712121913223204
San Miguel,"San Miguel, Departamento en decima avenida 1180",330000.0,2.0,1.0,54.0,,12/06/2026,121508264,https://chilepropiedades.cl/ver-publicacion/arriendo-mensual/san-miguel/departamento/departamento-en-decima-avenida-1180/121508264,arriendo-mensual,departamento,8.079365813852881
San Miguel,"San Miguel, Ventura blanco viel | metro lo vial",330000.0,1.0,1.0,38.0,,12/06/2026,121508225,https://chilepropiedades.cl/ver-publicacion/arriendo-mensual/san-miguel/departamento/ventura-blanco-viel-metro-lo-vial/121508225,arriendo-mensual,departamento,8.079365813852881
San Miguel,"San Miguel, Curiñanca 715",370000.0,1.0,1.0,42.0,,12/06/2026,121504168,https://chilepropiedades.cl/ver-publicacion/arriendo-mensual/san-miguel/departamento/curinanca-715/121504168,arriendo-mensual,departamento,9.058682882198685
San Miguel,"San Miguel, salesianos 1128",460000.0,2.0,2.0,65.0,1.0,11/06/2026,118548398,https://chilepropiedades.cl/ver-publicacion/arriendo-mensual/san-miguel/departamento/salesianos-1128/118548398,arriendo-mensual,departamento,11.262146285976742
San Miguel,"San Miguel, Departamento cercano a todo. (169067)",300000.0,1.0,1.0,30.0,,11/06/2026,121442209,https://chilepropiedades.cl/ver-publicacion/arriendo-mensual/san-miguel/departamento/departamento-cercano-a-todo-169067/121442209,arriendo-mensual,departamento,7.344878012593528
San Miguel,"San Miguel, Novena Avenida",350000.0,1.0,1.0,33.0,,10/06/2026,121302589,https://chilepropiedades.cl/ver-publicacion/arriendo-mensual/san-miguel/departamento/novena-avenida/121302589,arriendo-mensual,departamento,8.569024348025783
San Miguel,"San Miguel, Ana Luisa 1171",460000.0,2.0,2.0,47.0,1.0,10/06/2026,79329431,https://chilepropiedades.cl/ver-publicacion/arriendo-mensual/san-miguel/departamento/ana-luisa-1171/79329431,arriendo-mensual,departamento,11.262146285976742
San Miguel,"San Miguel, Rey Alberto",380000.0,1.0,1.0,40.0,,09/06/2026,121200667,https://chilepropiedades.cl/ver-publicacion/arriendo-mensual/san-miguel/departamento/rey-alberto/121200667,arriendo-mensual,departamento,9.303512149285135
San Miguel,"San Miguel, ¡promociones! dpto 3d 1b - santa rosa",360000.0,3.0,1.0,45.0,,09/06/2026,121185114,https://chilepropiedades.cl/ver-publicacion/arriendo-mensual/san-miguel/departamento/promociones-dpto-3d-1b-santa-rosa/121185114,arriendo-mensual,departamento,8.813853615112233
San Miguel,"San Miguel, carmen mena 838",360000.0,1.0,1.0,35.0,1.0,08/06/2026,21915704,https://chilepropiedades.cl/ver-publicacion/arriendo-mensual/san-miguel/departamento/carmen-mena-838/21915704,arriendo-mensual,departamento,8.813853615112233
San Miguel,"San Miguel, Segunda Avenida 1340",550000.0,2.0,2.0,54.0,1.0,06/06/2026,120887436,https://chilepropiedades.cl/ver-publicacion/arriendo-mensual/san-miguel/departamento/segunda-avenida-1340/120887436,arriendo-mensual,departamento,13.465609689754801
San Miguel,"San Miguel, Rivas con gran avenida jose m carrera",460000.0,2.0,1.0,51.0,,06/06/2026,100968987,https://chilepropiedades.cl/ver-publicacion/arriendo-mensual/san-miguel/departamento/rivas-con-gran-avenida-jose-m-carrera/100968987,arriendo-mensual,departamento,11.262146285976742
San Miguel,"San Miguel, Novena Avenida / Segunda Transversal",320000.0,1.0,1.0,34.0,,05/06/2026,120837718,https://chilepropiedades.cl/ver-publicacion/arriendo-mensual/san-miguel/departamento/novena-avenida-segunda-transversal/120837718,arriendo-mensual,departamento,7.834536546766429
San Miguel,"San Miguel, maria auxiliadora 975",535000.0,2.0,2.0,55.0,,04/06/2026,120710109,https://chilepropiedades.cl/ver-publicacion/arriendo-mensual/san-miguel/departamento/maria-auxiliadora-975/120710109,arriendo-mensual,departamento,13.098365789125124
San Miguel,"San Miguel, Cuarta Avenida",350000.0,1.0,1.0,34.0,,04/06/2026,120679379,https://chilepropiedades.cl/ver-publicacion/arriendo-mensual/san-miguel/departamento/cuarta-avenida/120679379,arriendo-mensual,departamento,8.569024348025783
San Miguel,"San Miguel, Avenida Centenario",500000.0,3.0,1.0,58.0,,02/06/2026,114009864,https://chilepropiedades.cl/ver-publicacion/arriendo-mensual/san-miguel/departamento/avenida-centenario/114009864,arriendo-mensual,departamento,12.241463354322546
San Miguel,"San Miguel, San petersburgo esquina avda. Lo ovalle",190000.0,2.0,1.0,46.0,,02/06/2026,94959633,https://chilepropiedades.cl/ver-publicacion/arriendo-mensual/san-miguel/departamento/san-petersburgo-esquina-avda-lo-ovalle/94959633,arriendo-mensual,departamento,4.6517560746425675
San Miguel,"San Miguel, Arriendo san miguel 2d/1b/1e/1b",390000.0,2.0,1.0,45.0,,02/06/2026,107230089,https://chilepropiedades.cl/ver-publicacion/arriendo-mensual/san-miguel/departamento/arriendo-san-miguel-2d-1b-1e-1b/107230089,arriendo-mensual,departamento,9.548341416371587
San Miguel,"San Miguel, María Auxiliadora",300000.0,3.0,1.0,52.0,,31/05/2026,52898738,https://chilepropiedades.cl/ver-publicacion/arriendo-mensual/san-miguel/departamento/maria-auxiliadora/52898738,arriendo-mensual,departamento,7.344878012593528
San Miguel,"San Miguel, Metro bio-bio",400000.0,2.0,2.0,57.0,1.0,31/05/2026,120238511,https://chilepropiedades.cl/ver-publicacion/arriendo-mensual/san-miguel/departamento/metro-bio-bio/120238511,arriendo-mensual,departamento,9.793170683458037
San Miguel,"San Miguel, Av. Santa Rosa 5741",345000.0,3.0,1.0,45.0,1.0,29/05/2026,120090827,https://chilepropiedades.cl/ver-publicacion/arriendo-mensual/san-miguel/departamento/av-santa-rosa-5741/120090827,arriendo-mensual,departamento,8.446609714482557
San Miguel,"San Miguel, Calle alcalde pedro alarcon 868- metro el llano- san miguel",380000.0,2.0,1.0,54.0,,29/05/2026,120056694,https://chilepropiedades.cl/ver-publicacion/arriendo-mensual/san-miguel/departamento/calle-alcalde-pedro-alarcon-868-metro-el-llano-san-miguel/120056694,arriendo-mensual,departamento,9.303512149285135
San Miguel,"San Miguel, Av lo ovalle 1385",370000.0,3.0,1.0,57.0,,29/05/2026,120034876,https://chilepropiedades.cl/ver-publicacion/arriendo-mensual/san-miguel/departamento/av-lo-ovalle-1385/120034876,arriendo-mensual,departamento,9.058682882198685
San Miguel,"San Miguel, Curiñanca",345000.0,1.0,1.0,30.0,,28/05/2026,119954180,https://chilepropiedades.cl/ver-publicacion/arriendo-mensual/san-miguel/departamento/curinanca/119954180,arriendo-mensual,departamento,8.446609714482557
San Miguel,"San Miguel, San Ignacio / metro El Llano / Portal El Llano Jumbo",450000.0,1.0,1.0,40.0,,27/05/2026,119884385,https://chilepropiedades.cl/ver-publicacion/arriendo-mensual/san-miguel/departamento/san-ignacio-metro-el-llano-portal-el-llano-jumbo/119884385,arriendo-mensual,departamento,11.017317018890292
San Miguel,"San Miguel, maria auxiliadora 975",370000.0,1.0,1.0,35.0,,22/05/2026,119284773,https://chilepropiedades.cl/ver-publicacion/arriendo-mensual/san-miguel/departamento/maria-auxiliadora-975/119284773,arriendo-mensual,departamento,9.058682882198685
San Miguel,"San Miguel, Vive con Estilo en el Corazón de la Ciudad (165412)",350000.0,1.0,1.0,38.0,1.0,22/05/2026,119284705,https://chilepropiedades.cl/ver-publicacion/arriendo-mensual/san-miguel/departamento/vive-con-estilo-en-el-corazon-de-la-ciudad-165412/119284705,arriendo-mensual,departamento,8.569024348025783
San Miguel,"San Miguel, Depto remodelado 3 D, 2 B, Metro Lo Ovalle (164756)",450000.0,3.0,2.0,55.0,,19/05/2026,119004164,https://chilepropiedades.cl/ver-publicacion/arriendo-mensual/san-miguel/departamento/depto-remodelado-3-d-2-b-metro-lo-ovalle-164756/119004164,arriendo-mensual,departamento,11.017317018890292
San Miguel,"San Miguel, Metro Ciudad del Niño",500000.0,3.0,1.0,58.71,,19/05/2026,118995450,https://chilepropiedades.cl/ver-publicacion/arriendo-mensual/san-miguel/departamento/metro-ciudad-del-nino/118995450,arriendo-mensual,departamento,12.241463354322546
San Miguel,"San Miguel, Primera Avenida 1478, San Miguel, Región Metropolitana de Santiago 8900000, Chile",410000.0,2.0,2.0,53.0,1.0,15/05/2026,118660312,https://chilepropiedades.cl/ver-publicacion/arriendo-mensual/san-miguel/departamento/primera-avenida-1478-san-miguel-region-metropolitana-de-santiago-8900000-chile/118660312,arriendo-mensual,departamento,10.037999950544489
San Miguel,"San Miguel, curiñanca 869",460000.0,2.0,2.0,52.0,,15/05/2026,118651369,https://chilepropiedades.cl/ver-publicacion/arriendo-mensual/san-miguel/departamento/curinanca-869/118651369,arriendo-mensual,departamento,11.262146285976742
San Miguel,"San Miguel, IAv. Centenario - Metro Ciudad Del Niño (164241)",520000.0,3.0,2.0,57.0,1.0,15/05/2026,118619856,https://chilepropiedades.cl/ver-publicacion/arriendo-mensual/san-miguel/departamento/iav-centenario-metro-ciudad-del-nino-164241/118619856,arriendo-mensual,departamento,12.731121888495448
San Miguel,"San Miguel, 3 dormitorios, 2 baños, 1 estac. 1 bodega. (164323)",550000.0,3.0,2.0,68.0,1.0,15/05/2026,118619539,https://chilepropiedades.cl/ver-publicacion/arriendo-mensual/san-miguel/departamento/3-dormitorios-2-banos-1-estac-1-bodega-164323/118619539,arriendo-mensual,departamento,13.465609689754801
San Miguel,"San Miguel, Maria Auxiliadora 975, Estación del Metro San Miguel",356000.0,1.0,1.0,34.0,,14/05/2026,43847848,https://chilepropiedades.cl/ver-publicacion/arriendo-mensual/san-miguel/departamento/maria-auxiliadora-975-estacion-del-metro-san-miguel/43847848,arriendo-mensual,departamento,8.715921908277652
San Miguel,"San Miguel, Metro Franklin y Metro Bío Bío (148176)",420000.0,2.0,2.0,53.0,1.0,14/05/2026,110816860,https://chilepropiedades.cl/ver-publicacion/arriendo-mensual/san-miguel/departamento/metro-franklin-y-metro-bio-bio-148176/110816860,arriendo-mensual,departamento,10.282829217630939
San Miguel,"San Miguel, Luminoso depto 2dorm + Estacionamiento (164018)",350000.0,2.0,1.0,48.0,1.0,14/05/2026,118492818,https://chilepropiedades.cl/ver-publicacion/arriendo-mensual/san-miguel/departamento/luminoso-depto-2dorm-estacionamiento-164018/118492818,arriendo-mensual,departamento,8.569024348025783
San Miguel,"San Miguel, Avenida Departamental 1716, San Miguel, RM (Metropolitana)",380000.0,2.0,1.0,68.6,1.0,12/05/2026,118290995,https://chilepropiedades.cl/ver-publicacion/arriendo-mensual/san-miguel/departamento/avenida-departamental-1716-san-miguel-rm-metropolitana/118290995,arriendo-mensual,departamento,9.303512149285135
San Miguel,"San Miguel, Frankfort 5071",420000.0,3.0,2.0,65.0,1.0,12/05/2026,118263403,https://chilepropiedades.cl/ver-publicacion/arriendo-mensual/san-miguel/departamento/frankfort-5071/118263403,arriendo-mensual,departamento,10.282829217630939
San Miguel,"San Miguel, Luminoso y Cómodo, Ideal para Inversión (163126)",850000.0,2.0,2.0,64.0,1.0,09/05/2026,118034529,https://chilepropiedades.cl/ver-publicacion/arriendo-mensual/san-miguel/departamento/luminoso-y-comodo-ideal-para-inversion-163126/118034529,arriendo-mensual,departamento,20.81048770234833
San Miguel,"San Miguel, Metro San Miguel",470000.0,2.0,2.0,55.0,1.0,09/05/2026,79331757,https://chilepropiedades.cl/ver-publicacion/arriendo-mensual/san-miguel/departamento/metro-san-miguel/79331757,arriendo-mensual,departamento,11.506975553063194
San Miguel,"San Miguel, Avenida Lo Ovalle",390000.0,3.0,1.0,52.0,,08/05/2026,117985559,https://chilepropiedades.cl/ver-publicacion/arriendo-mensual/san-miguel/departamento/avenida-lo-ovalle/117985559,arriendo-mensual,departamento,9.548341416371587
San Miguel,"San Miguel, Depto. 1Dorm con Estac. Metro San Miguel (157532)",530000.0,1.0,1.0,42.0,1.0,08/05/2026,117957611,https://chilepropiedades.cl/ver-publicacion/arriendo-mensual/san-miguel/departamento/depto-1dorm-con-estac-metro-san-miguel-157532/117957611,arriendo-mensual,departamento,12.9759511555819
San Miguel,"San Miguel, Metro cuidad del niño",560000.0,3.0,2.0,56.0,1.0,07/05/2026,117874878,https://chilepropiedades.cl/ver-publicacion/arriendo-mensual/san-miguel/departamento/metro-cuidad-del-nino/117874878,arriendo-mensual,departamento,13.710438956841251
San Miguel,"San Miguel, San Nicolás",290000.0,1.0,1.0,35.0,,06/05/2026,117820535,https://chilepropiedades.cl/ver-publicacion/arriendo-mensual/san-miguel/departamento/san-nicolas/117820535,arriendo-mensual,departamento,7.100048745507077
San Miguel,"San Miguel, Maria Auxiliadora entre calle Don Bosco y Chiloe, a pasos del metro San Miguel",559000.0,2.0,2.0,61.72,,06/05/2026,71979345,https://chilepropiedades.cl/ver-publicacion/arriendo-mensual/san-miguel/departamento/maria-auxiliadora-entre-calle-don-bosco-y-chiloe-a-pasos-del-metro-san-miguel/71979345,arriendo-mensual,departamento,13.685956030132607
San Miguel,"San Miguel, Alvarez de toledo",360000.0,1.0,1.0,42.0,,05/05/2026,117724308,https://chilepropiedades.cl/ver-publicacion/arriendo-mensual/san-miguel/departamento/alvarez-de-toledo/117724308,arriendo-mensual,departamento,8.813853615112233
San Miguel,"San Miguel, Curiñanca 715",380000.0,1.0,1.0,42.0,,05/05/2026,117717975,https://chilepropiedades.cl/ver-publicacion/arriendo-mensual/san-miguel/departamento/curinanca-715/117717975,arriendo-mensual,departamento,9.303512149285135
San Miguel,"San Miguel, Alvarez de Toledo 706",430000.0,2.0,2.0,,,30/04/2026,117316245,https://chilepropiedades.cl/ver-publicacion/arriendo-mensual/san-miguel/departamento/alvarez-de-toledo-706/117316245,arriendo-mensual,departamento,10.52765848471739
San Miguel,"San Miguel, Isabel riquelme con chiloé",460000.0,2.0,1.0,55.0,1.0,25/04/2026,54038208,https://chilepropiedades.cl/ver-publicacion/arriendo-mensual/san-miguel/departamento/isabel-riquelme-con-chiloe/54038208,arriendo-mensual,departamento,11.262146285976742
San Miguel,"San Miguel, Gran avenida",620000.0,3.0,2.0,78.0,,21/04/2026,116345030,https://chilepropiedades.cl/ver-publicacion/arriendo-mensual/san-miguel/departamento/gran-avenida/116345030,arriendo-mensual,departamento,15.179414559359957
San Miguel,"San Miguel, Carlos Valdovinos 1055",450000.0,3.0,2.0,68.0,1.0,21/04/2026,116340607,https://chilepropiedades.cl/ver-publicacion/arriendo-mensual/san-miguel/departamento/carlos-valdovinos-1055/116340607,arriendo-mensual,departamento,11.017317018890292
San Miguel,"San Miguel, Metro Franklin y Metro Bío Bío (158818)",420000.0,2.0,2.0,57.0,1.0,17/04/2026,115945710,https://chilepropiedades.cl/ver-publicacion/arriendo-mensual/san-miguel/departamento/metro-franklin-y-metro-bio-bio-158818/115945710,arriendo-mensual,departamento,10.282829217630939
San Miguel,"San Miguel, Alcalde Pedro Alarcon 932, San Miguel. A pasos del Jumbo",476000.0,2.0,2.0,55.0,,17/04/2026,45576798,https://chilepropiedades.cl/ver-publicacion/arriendo-mensual/san-miguel/departamento/alcalde-pedro-alarcon-932-san-miguel-a-pasos-del-jumbo/45576798,arriendo-mensual,departamento,11.653873113315063
San Miguel,"San Miguel, Euclides",450000.0,1.0,1.0,34.0,1.0,17/04/2026,115900276,https://chilepropiedades.cl/ver-publicacion/arriendo-mensual/san-miguel/departamento/euclides/115900276,arriendo-mensual,departamento,11.017317018890292
San Miguel,"San Miguel, Moderno Depto. 2H/2B tipo Mariposa (158509)",487000.0,2.0,2.0,50.58,,15/04/2026,115737627,https://chilepropiedades.cl/ver-publicacion/arriendo-mensual/san-miguel/departamento/moderno-depto-2h-2b-tipo-mariposa-158509/115737627,arriendo-mensual,departamento,11.92318530711016
San Miguel,"San Miguel, San Nicolás muy agradable depto. (157638)",300000.0,,,,,11/04/2026,115301743,https://chilepropiedades.cl/ver-publicacion/arriendo-mensual/san-miguel/departamento/san-nicolas-muy-agradable-depto-157638/115301743,arriendo-mensual,departamento,7.344878012593528
San Miguel,"San Miguel, Septima Avenida 1355",390000.0,2.0,1.0,60.0,1.0,10/04/2026,115189383,https://chilepropiedades.cl/ver-publicacion/arriendo-mensual/san-miguel/departamento/septima-avenida-1355/115189383,arriendo-mensual,departamento,9.548341416371587
San Miguel,"San Miguel, Novena Avenida / Segunda Transversal",380000.0,1.0,1.0,32.0,1.0,02/04/2026,114301270,https://chilepropiedades.cl/ver-publicacion/arriendo-mensual/san-miguel/departamento/novena-avenida-segunda-transversal/114301270,arriendo-mensual,departamento,9.303512149285135
San Miguel,"San Miguel, Arriendo depto remodelado en barrio residencial consolidado",492000.0,2.0,2.0,57.0,1.0,01/04/2026,114187309,https://chilepropiedades.cl/ver-publicacion/arriendo-mensual/san-miguel/departamento/arriendo-depto-remodelado-en-barrio-residencial-consolidado/114187309,arriendo-mensual,departamento,12.045599940653386
San Miguel,"San Miguel, Avenida Centenario Torre B",550000.0,3.0,2.0,562.0,,28/03/2026,42072923,https://chilepropiedades.cl/ver-publicacion/arriendo-mensual/san-miguel/departamento/avenida-centenario-torre-b/42072923,arriendo-mensual,departamento,13.465609689754801
San Miguel,"San Miguel, Metro bio-bio",550000.0,2.0,2.0,62.0,1.0,24/03/2026,113364748,https://chilepropiedades.cl/ver-publicacion/arriendo-mensual/san-miguel/departamento/metro-bio-bio/113364748,arriendo-mensual,departamento,13.465609689754801
San Miguel,"San Miguel, Alcalde Pedro Alarcón",480000.0,2.0,2.0,48.0,1.0,21/03/2026,113144950,https://chilepropiedades.cl/ver-publicacion/arriendo-mensual/san-miguel/departamento/alcalde-pedro-alarcon/113144950,arriendo-mensual,departamento,11.751804820149644
San Miguel,"San Miguel, Berlin 927",350000.0,1.0,1.0,36.0,,21/03/2026,113132519,https://chilepropiedades.cl/ver-publicacion/arriendo-mensual/san-miguel/departamento/berlin-927/113132519,arriendo-mensual,departamento,8.569024348025783
San Miguel,"San Miguel, Primera avenida",300000.0,1.0,1.0,32.0,1.0,16/03/2026,112637799,https://chilepropiedades.cl/ver-publicacion/arriendo-mensual/san-miguel/departamento/primera-avenida/112637799,arriendo-mensual,departamento,7.344878012593528
San Miguel,"San Miguel, Depto 3d+1b // san miguel (106780)",340000.0,3.0,1.0,55.0,,07/03/2026,88041014,https://chilepropiedades.cl/ver-publicacion/arriendo-mensual/san-miguel/departamento/depto-3d-1b-san-miguel-106780/88041014,arriendo-mensual,departamento,8.324195080939331
San Miguel,"San Miguel, Arriendo dpto 3d 2b Familiar en San Miguel (149271)",600000.0,3.0,2.0,69.0,1.0,02/03/2026,111323705,https://chilepropiedades.cl/ver-publicacion/arriendo-mensual/san-miguel/departamento/arriendo-dpto-3d-2b-familiar-en-san-miguel-149271/111323705,arriendo-mensual,departamento,14.689756025187055
San Miguel,"San Miguel, 2d san miguel maria aux",180000.0,2.0,1.0,48.0,,23/02/2026,93885221,https://chilepropiedades.cl/ver-publicacion/arriendo-mensual/san-miguel/departamento/2d-san-miguel-maria-aux/93885221,arriendo-mensual,departamento,4.4069268075561165
San Miguel,"San Miguel, Arriendo depto San Miguel (147156)",350000.0,1.0,1.0,30.0,,18/02/2026,110245174,https://chilepropiedades.cl/ver-publicacion/arriendo-mensual/san-miguel/departamento/arriendo-depto-san-miguel-147156/110245174,arriendo-mensual,departamento,8.569024348025783
San Miguel,"San Miguel, Avenida Primera",540000.0,2.0,2.0,50.0,1.0,13/01/2026,72356802,https://chilepropiedades.cl/ver-publicacion/arriendo-mensual/san-miguel/departamento/avenida-primera/72356802,arriendo-mensual,departamento,13.22078042266835
San Miguel,"San Miguel, Arriendo Depto Estudio cerca Metro San Miguel",270000.0,,1.0,20.0,,07/01/2026,97271471,https://chilepropiedades.cl/ver-publicacion/arriendo-mensual/san-miguel/departamento/arriendo-depto-estudio-cerca-metro-san-miguel/97271471,arriendo-mensual,departamento,6.610390211334175
San Miguel,"San Miguel, Depto 3dormitorios san petersburgo - san miguel",200000.0,3.0,1.0,48.0,25.0,22/12/2025,93885136,https://chilepropiedades.cl/ver-publicacion/arriendo-mensual/san-miguel/departamento/depto-3dormitorios-san-petersburgo-san-miguel/93885136,arriendo-mensual,departamento,4.896585341729018
San Miguel,"San Miguel, Dpto 3 dorm ovalle- san miguel",300000.0,3.0,1.0,52.0,,17/12/2025,44476285,https://chilepropiedades.cl/ver-publicacion/arriendo-mensual/san-miguel/departamento/dpto-3-dorm-ovalle-san-miguel/44476285,arriendo-mensual,departamento,7.344878012593528
San Miguel,"San Miguel, Alcalde pedro alarcon con gran avenida",460000.0,2.0,1.0,45.0,,20/11/2025,101311758,https://chilepropiedades.cl/ver-publicacion/arriendo-mensual/san-miguel/departamento/alcalde-pedro-alarcon-con-gran-avenida/101311758,arriendo-mensual,departamento,11.262146285976742
San Miguel,"San Miguel, María Auxiliadora",330000.0,3.0,1.0,50.0,,08/02/2025,73617596,https://chilepropiedades.cl/ver-publicacion/arriendo-mensual/san-miguel/departamento/maria-auxiliadora/73617596,arriendo-mensual,departamento,8.079365813852881
