confianza,id_aviso,titulo,comuna,tipo,operacion,precio_uf,precio_clp,m2_util,m2_total,dormitorios,banos,senales,url
ALTA,3585368896,Castillo Velasco,nunoa,casa,venta,5500.0,224646345,21,85,1,1,firma_5_campos_vacios | titulo_corto_tipo_nombre | m2_util_minimo_de_rango,https://portalinmobiliario.com/MLC-3585368896-castillo-velasco-_JM
ALTA,1464544279,Townhouse Coventry,nunoa,casa,venta,11581.0,473023513,99,162,3,3,firma_5_campos_vacios | nombre_de_proyecto,https://portalinmobiliario.com/MLC-1464544279-townhouse-coventry-_JM
ALTA,1984831109,Eco Quilín - Fundamenta,macul,departamento,venta,3640.0,,35,,1,1,firma_5_campos_vacios | inmobiliaria_en_titulo | nombre_de_proyecto,https://portalinmobiliario.com/MLC-1984831109-eco-quilin-fundamenta-_JM
ALTA,2928063342,Edificio Urban Up,macul,departamento,venta,3125.0,,34,,1,1,firma_5_campos_vacios | nombre_de_proyecto,https://portalinmobiliario.com/MLC-2928063342-edificio-urban-up-_JM
ALTA,1490334957,Almagro Insigne,macul,departamento,venta,4410.0,,54,,2,2,firma_5_campos_vacios | inmobiliaria_en_titulo | titulo_corto_tipo_nombre,https://portalinmobiliario.com/MLC-1490334957-almagro-insigne-_JM
ALTA,3940090700,Concepto New Life Macul,macul,departamento,venta,3698.0,,44,,2,1,firma_5_campos_vacios | nombre_de_proyecto,https://portalinmobiliario.com/MLC-3940090700-concepto-new-life-macul-_JM
ALTA,3433106196,Edificio Exequiel Fernandez 3430,macul,departamento,venta,3562.0,,34,,1,1,firma_5_campos_vacios | nombre_de_proyecto,https://portalinmobiliario.com/MLC-3433106196-edificio-exequiel-fernandez-3430-_JM
ALTA,1568725024,Macul Urbano,macul,departamento,venta,2750.0,,31,,1,1,firma_5_campos_vacios | nombre_de_proyecto,https://portalinmobiliario.com/MLC-1568725024-macul-urbano-_JM
ALTA,4164845696,Eco Quilín,macul,departamento,venta,3320.0,,37,,1,1,firma_5_campos_vacios | nombre_de_proyecto,https://portalinmobiliario.com/MLC-4164845696-eco-quilin-_JM
ALTA,2496487976,Urbano Mackenna,macul,departamento,venta,2620.0,,36,,1,1,firma_5_campos_vacios | nombre_de_proyecto,https://portalinmobiliario.com/MLC-2496487976-urbano-mackenna-_JM
ALTA,1419416115,Socovesa Coipué,macul,departamento,venta,3430.0,,33,,1,1,firma_5_campos_vacios | inmobiliaria_en_titulo | titulo_corto_tipo_nombre,https://portalinmobiliario.com/MLC-1419416115-socovesa-coipue-_JM
ALTA,1851075913,Macul 3803,macul,departamento,venta,3105.0,,32,,1,1,firma_5_campos_vacios | titulo_corto_tipo_nombre,https://portalinmobiliario.com/MLC-1851075913-macul-3803-_JM
ALTA,3227457630,Condominio Vista Valle Iv,la-florida,casa,venta,8091.0,,105,329,3,3,firma_5_campos_vacios | nombre_de_proyecto,https://portalinmobiliario.com/MLC-3227457630-condominio-vista-valle-iv-_JM
ALTA,4027741152,Condominio Alonso De Ercilla,la-florida,casa,venta,5120.0,,69,84,3,2,firma_5_campos_vacios | nombre_de_proyecto,https://portalinmobiliario.com/MLC-4027741152-condominio-alonso-de-ercilla-_JM
ALTA,1572694927,Terrazas De Lientur Townhouse,la-florida,casa,venta,6350.0,,113,82,3,3,firma_5_campos_vacios | nombre_de_proyecto,https://portalinmobiliario.com/MLC-1572694927-terrazas-de-lientur-townhouse-_JM
ALTA,4191178072,Entre Vicuñas - Euro,la-florida,departamento,venta,3093.0,,13,,1,1,firma_5_campos_vacios | inmobiliaria_en_titulo | titulo_corto_tipo_nombre | m2_util_minimo_de_rango,https://portalinmobiliario.com/MLC-4191178072-entre-vicunas-euro-_JM
ALTA,3625552360,Los Lilenes - Ingevec,la-florida,departamento,venta,3180.0,,32,,1,1,firma_5_campos_vacios | inmobiliaria_en_titulo | titulo_corto_tipo_nombre,https://portalinmobiliario.com/MLC-3625552360-los-lilenes-ingevec-_JM
ALTA,3706258960,El Aromo - Ingevec,la-florida,departamento,venta,3236.0,,31,,1,1,firma_5_campos_vacios | inmobiliaria_en_titulo | titulo_corto_tipo_nombre,https://portalinmobiliario.com/MLC-3706258960-el-aromo-ingevec-_JM
ALTA,3225188606,Edificio Vicuña Mackenna 6896 - Norte Verde,la-florida,departamento,venta,3081.0,,23,,1,1,firma_5_campos_vacios | inmobiliaria_en_titulo | nombre_de_proyecto,https://portalinmobiliario.com/MLC-3225188606-edificio-vicuna-mackenna-6896-norte-verde-_JM
ALTA,3259428136,Froilán Roa 5731 - Euro,la-florida,departamento,venta,3049.0,,29,,1,1,firma_5_campos_vacios | inmobiliaria_en_titulo,https://portalinmobiliario.com/MLC-3259428136-froilan-roa-5731-euro-_JM
ALTA,3622176108,Vespucio Capital - Ingevec,la-florida,departamento,venta,3256.0,,31,,1,1,firma_5_campos_vacios | inmobiliaria_en_titulo | titulo_corto_tipo_nombre,https://portalinmobiliario.com/MLC-3622176108-vespucio-capital-ingevec-_JM
ALTA,1933353649,Edificio Mirador Azul - Ebco,la-florida,departamento,venta,3069.0,,29,,1,1,firma_5_campos_vacios | nombre_de_proyecto,https://portalinmobiliario.com/MLC-1933353649-edificio-mirador-azul-ebco-_JM
ALTA,1975383239,Puerta La Florida - Ssilva,la-florida,departamento,venta,2256.0,,20,,1,1,firma_5_campos_vacios | inmobiliaria_en_titulo | m2_util_minimo_de_rango,https://portalinmobiliario.com/MLC-1975383239-puerta-la-florida-ssilva-_JM
ALTA,3899679432,Eco Florida - Fundamenta,la-florida,departamento,venta,2859.0,,28,,2,1,firma_5_campos_vacios | inmobiliaria_en_titulo | nombre_de_proyecto,https://portalinmobiliario.com/MLC-3899679432-eco-florida-fundamenta-_JM
ALTA,1710981805,Mirador La Florida,la-florida,departamento,venta,2658.0,,20,,1,1,firma_5_campos_vacios | titulo_corto_tipo_nombre | m2_util_minimo_de_rango,https://portalinmobiliario.com/MLC-1710981805-mirador-la-florida-_JM
ALTA,3894975288,Socovesa Plaza Mirador,la-florida,departamento,venta,2690.0,,33,,1,1,firma_5_campos_vacios | inmobiliaria_en_titulo | nombre_de_proyecto,https://portalinmobiliario.com/MLC-3894975288-socovesa-plaza-mirador-_JM
ALTA,2074130965,Las Acacias 7894,la-florida,departamento,venta,2668.0,,29,,1,1,firma_5_campos_vacios | titulo_corto_tipo_nombre,https://portalinmobiliario.com/MLC-2074130965-las-acacias-7894-_JM
ALTA,4042605914,Eco Valdés - Fundamenta,la-florida,departamento,venta,2738.0,,26,,2,1,firma_5_campos_vacios | inmobiliaria_en_titulo | nombre_de_proyecto,https://portalinmobiliario.com/MLC-4042605914-eco-valdes-fundamenta-_JM
ALTA,1599992660,Convet Vicuña Mackenna 8656,la-florida,departamento,venta,3600.0,,50,,2,1,firma_5_campos_vacios | titulo_corto_tipo_nombre,https://portalinmobiliario.com/MLC-1599992660-convet-vicuna-mackenna-8656-_JM
ALTA,3453633704,Rojas Magallanes,la-florida,departamento,venta,4872.0,,77,,3,2,firma_5_campos_vacios | titulo_corto_tipo_nombre,https://portalinmobiliario.com/MLC-3453633704-rojas-magallanes-_JM
ALTA,2150791498,Vicuña Mackenna 7244,la-florida,departamento,venta,1890.0,,25,,1,1,firma_5_campos_vacios | titulo_corto_tipo_nombre,https://portalinmobiliario.com/MLC-2150791498-vicuna-mackenna-7244-_JM
ALTA,3945752310,Eco Florida,la-florida,departamento,venta,2286.0,,28,,2,1,firma_5_campos_vacios | nombre_de_proyecto,https://portalinmobiliario.com/MLC-3945752310-eco-florida-_JM
ALTA,1511372833,Serafín Zamora 22,la-florida,departamento,venta,2390.0,,26,,2,1,firma_5_campos_vacios | titulo_corto_tipo_nombre,https://portalinmobiliario.com/MLC-1511372833-serafin-zamora-22-_JM
ALTA,2851468238,Rodríguez Velasco 10,la-florida,departamento,venta,2890.0,,31,,1,1,firma_5_campos_vacios | titulo_corto_tipo_nombre,https://portalinmobiliario.com/MLC-2851468238-rodriguez-velasco-10-_JM
ALTA,3453124374,Oasis Plaza,la-florida,departamento,venta,2744.0,,41,,1,1,firma_5_campos_vacios | titulo_corto_tipo_nombre,https://portalinmobiliario.com/MLC-3453124374-oasis-plaza-_JM
ALTA,3259336212,Edificio Don Pepe 154 - Euro,la-florida,departamento,venta,3290.0,,28,,1,1,firma_5_campos_vacios | inmobiliaria_en_titulo | nombre_de_proyecto,https://portalinmobiliario.com/MLC-3259336212-edificio-don-pepe-154-euro-_JM
ALTA,3479994056,Mirador 950,la-florida,departamento,venta,1810.0,,22,,2,1,firma_5_campos_vacios | titulo_corto_tipo_nombre,https://portalinmobiliario.com/MLC-3479994056-mirador-950-_JM
ALTA,3309205568,Alto Lo Cañas,la-florida,departamento,venta,3228.0,,48,,2,2,firma_5_campos_vacios | nombre_de_proyecto,https://portalinmobiliario.com/MLC-3309205568-alto-lo-canas-_JM
ALTA,1997630443,Froilán Lagos 1360,la-florida,departamento,venta,2623.0,,25,,1,1,firma_5_campos_vacios | titulo_corto_tipo_nombre,https://portalinmobiliario.com/MLC-1997630443-froilan-lagos-1360-_JM
ALTA,1801134273,Concepto Walker Town,la-florida,departamento,venta,2832.0,,34,,1,1,firma_5_campos_vacios | nombre_de_proyecto,https://portalinmobiliario.com/MLC-1801134273-concepto-walker-town-_JM
ALTA,1527614276,Concepto Smart La Florida,la-florida,departamento,venta,3014.0,,34,,1,1,firma_5_campos_vacios | nombre_de_proyecto,https://portalinmobiliario.com/MLC-1527614276-concepto-smart-la-florida-_JM
ALTA,1774806637,Edificio Mirador Azul,la-florida,departamento,venta,3400.0,,33,,1,1,firma_5_campos_vacios | nombre_de_proyecto,https://portalinmobiliario.com/MLC-1774806637-edificio-mirador-azul-_JM
ALTA,3940038970,Edificio Vicuña Mackenna 6896,la-florida,departamento,venta,3081.0,,23,,1,1,firma_5_campos_vacios | nombre_de_proyecto,https://portalinmobiliario.com/MLC-3940038970-edificio-vicuna-mackenna-6896-_JM
ALTA,1467796597,Vista La Florida,la-florida,departamento,venta,3952.0,,55,,2,2,firma_5_campos_vacios | nombre_de_proyecto,https://portalinmobiliario.com/MLC-1467796597-vista-la-florida-_JM
ALTA,1857983825,Eco Valdés,la-florida,departamento,venta,2233.0,,27,,2,1,firma_5_campos_vacios | nombre_de_proyecto,https://portalinmobiliario.com/MLC-1857983825-eco-valdes-_JM
ALTA,3501380928,Edificio Lía Aguirre,la-florida,departamento,venta,3184.0,,49,,2,2,firma_5_campos_vacios | nombre_de_proyecto,https://portalinmobiliario.com/MLC-3501380928-edificio-lia-aguirre-_JM
ALTA,1850451241,Walker Martínez 880,la-florida,departamento,venta,3062.0,,32,,1,1,firma_5_campos_vacios | titulo_corto_tipo_nombre,https://portalinmobiliario.com/MLC-1850451241-walker-martinez-880-_JM
ALTA,1681700489,Vicuña Mackenna 1432 - Euro,nunoa,departamento,venta,3625.0,148062364,29,,1,1,firma_5_campos_vacios | inmobiliaria_en_titulo,https://portalinmobiliario.com/MLC-1681700489-vicuna-mackenna-1432-euro-_JM
ALTA,3896729410,Eco Egaña - Fundamenta,nunoa,departamento,venta,4529.0,184986054,30,,0,1,firma_5_campos_vacios | inmobiliaria_en_titulo | nombre_de_proyecto,https://portalinmobiliario.com/MLC-3896729410-eco-egana-fundamenta-_JM
ALTA,1893519913,Edificio V - Euro,nunoa,departamento,venta,3160.0,129069536,27,,1,1,firma_5_campos_vacios | inmobiliaria_en_titulo | nombre_de_proyecto,https://portalinmobiliario.com/MLC-1893519913-edificio-v-euro-_JM
ALTA,3252270364,Guillermo Mann 1401 - Euro,nunoa,departamento,venta,3357.0,137115960,31,,1,1,firma_5_campos_vacios | inmobiliaria_en_titulo,https://portalinmobiliario.com/MLC-3252270364-guillermo-mann-1401-euro-_JM
ALTA,1997643215,Feel,nunoa,departamento,venta,4842.0,197770473,51,,2,1,firma_5_campos_vacios | titulo_corto_tipo_nombre,https://portalinmobiliario.com/MLC-1997643215-feel-_JM
ALTA,2862009508,Almagro Plus,nunoa,departamento,venta,3190.0,130294880,35,,1,1,firma_5_campos_vacios | inmobiliaria_en_titulo | titulo_corto_tipo_nombre,https://portalinmobiliario.com/MLC-2862009508-almagro-plus-_JM
ALTA,1857789591,Eco Egaña,nunoa,departamento,venta,3681.0,150349672,29,,0,1,firma_5_campos_vacios | nombre_de_proyecto,https://portalinmobiliario.com/MLC-1857789591-eco-egana-_JM
ALTA,2869529152,Vicuña Mackena 1432,nunoa,departamento,venta,2695.0,110076709,29,,1,1,firma_5_campos_vacios | titulo_corto_tipo_nombre,https://portalinmobiliario.com/MLC-2869529152-vicuna-mackena-1432-_JM
ALTA,1720033917,Edificio Los Leones Ñuñoa,nunoa,departamento,venta,5590.0,228322376,61,,2,2,firma_5_campos_vacios | nombre_de_proyecto,https://portalinmobiliario.com/MLC-1720033917-edificio-los-leones-nunoa-_JM
ALTA,2986741956,Socovesa Marathon,nunoa,departamento,venta,2850.0,116407652,35,,1,1,firma_5_campos_vacios | inmobiliaria_en_titulo | titulo_corto_tipo_nombre,https://portalinmobiliario.com/MLC-2986741956-socovesa-marathon-_JM
ALTA,2649334824,Moller Zañartu 1179,nunoa,departamento,venta,2454.0,100233115,24,,1,1,firma_5_campos_vacios | titulo_corto_tipo_nombre,https://portalinmobiliario.com/MLC-2649334824-moller-zanartu-1179-_JM
ALTA,4068928222,Byte,nunoa,departamento,venta,2397.0,97904962,25,,1,1,firma_5_campos_vacios | titulo_corto_tipo_nombre,https://portalinmobiliario.com/MLC-4068928222-byte-_JM
ALTA,4085052924,Distrito Ñuñoa Etapa Ii,nunoa,departamento,venta,2700.0,110280933,24,,0,1,firma_5_campos_vacios | nombre_de_proyecto,https://portalinmobiliario.com/MLC-4085052924-distrito-nunoa-etapa-ii-_JM
ALTA,1444493781,Guillermo Mann 1305,nunoa,departamento,venta,3090.0,126210401,34,,1,1,firma_5_campos_vacios | titulo_corto_tipo_nombre,https://portalinmobiliario.com/MLC-1444493781-guillermo-mann-1305-_JM
ALTA,4164899472,Metropolitan Park Ñuñoa,nunoa,departamento,venta,3238.0,132255430,34,,0,1,firma_5_campos_vacios | titulo_corto_tipo_nombre,https://portalinmobiliario.com/MLC-4164899472-metropolitan-park-nunoa-_JM
ALTA,4164845952,Concepto Smart Too,nunoa,departamento,venta,4020.0,164196056,47,,0,1,firma_5_campos_vacios | nombre_de_proyecto,https://portalinmobiliario.com/MLC-4164845952-concepto-smart-too-_JM
ALTA,1521134207,Urban Ñuñoa,nunoa,departamento,venta,3671.0,149941224,36,,1,1,firma_5_campos_vacios | titulo_corto_tipo_nombre,https://portalinmobiliario.com/MLC-1521134207-urban-nunoa-_JM
ALTA,1521224917,Residential Park Ñuñoa,nunoa,departamento,venta,3125.0,127639969,35,,1,1,firma_5_campos_vacios | titulo_corto_tipo_nombre,https://portalinmobiliario.com/MLC-1521224917-residential-park-nunoa-_JM
ALTA,1375493951,Distrito Ñuñoa,nunoa,departamento,venta,3030.0,123759714,24,,0,1,firma_5_campos_vacios | nombre_de_proyecto,https://portalinmobiliario.com/MLC-1375493951-distrito-nunoa-_JM
ALTA,2476021880,Seminario 2,nunoa,departamento,venta,3698.0,151044033,32,,1,1,firma_5_campos_vacios | titulo_corto_tipo_nombre,https://portalinmobiliario.com/MLC-2476021880-seminario-2-_JM
ALTA,1850394609,Seminario 775,nunoa,departamento,venta,3113.0,127149831,27,,0,0,firma_5_campos_vacios | titulo_corto_tipo_nombre,https://portalinmobiliario.com/MLC-1850394609-seminario-775-_JM
ALTA,1466556445,Concepto Best Ñuñoa,nunoa,departamento,venta,4508.0,184128313,55,,2,2,firma_5_campos_vacios | nombre_de_proyecto,https://portalinmobiliario.com/MLC-1466556445-concepto-best-nunoa-_JM
ALTA,1572759247,Edificio Vista Antonio,nunoa,departamento,venta,6081.0,248377168,58,,2,2,firma_5_campos_vacios | nombre_de_proyecto,https://portalinmobiliario.com/MLC-1572759247-edificio-vista-antonio-_JM
ALTA,1521147219,Concepto All Ñuñoa Ii,nunoa,departamento,venta,7246.0,295961348,85,,3,2,firma_5_campos_vacios | nombre_de_proyecto,https://portalinmobiliario.com/MLC-1521147219-concepto-all-nunoa-ii-_JM
ALTA,1684246114,Edificio Matta,nunoa,departamento,venta,3776.0,154229927,31,,1,1,firma_5_campos_vacios | nombre_de_proyecto,https://portalinmobiliario.com/MLC-1684246114-edificio-matta-_JM
ALTA,2853326410,Ñuñoa 2024,nunoa,departamento,venta,3895.0,159090457,34,,1,1,firma_5_campos_vacios | titulo_corto_tipo_nombre,https://portalinmobiliario.com/MLC-2853326410-nunoa-2024-_JM
ALTA,3501211794,Edificio Guillermo Mann,nunoa,departamento,venta,3648.0,149001794,50,,2,2,firma_5_campos_vacios | nombre_de_proyecto,https://portalinmobiliario.com/MLC-3501211794-edificio-guillermo-mann-_JM
ALTA,1377813005,Edificio Milan 1242 San Miguel,san-miguel,departamento,venta,2680.0,109464037,35,,1,1,firma_5_campos_vacios | nombre_de_proyecto,https://portalinmobiliario.com/MLC-1377813005-edificio-milan-1242-san-miguel-_JM
ALTA,1744306255,Condominio Vitalis,san-miguel,departamento,venta,2478.0,101213390,33,,1,1,firma_5_campos_vacios | nombre_de_proyecto,https://portalinmobiliario.com/MLC-1744306255-condominio-vitalis-_JM
ALTA,1572694887,Edificio Rey Alberto,san-miguel,departamento,venta,2690.0,109872485,34,,1,1,firma_5_campos_vacios | nombre_de_proyecto,https://portalinmobiliario.com/MLC-1572694887-edificio-rey-alberto-_JM
ALTA,1792874031,Edificio Teresa Vial,san-miguel,departamento,venta,4222.0,172446703,61,,3,2,firma_5_campos_vacios | nombre_de_proyecto,https://portalinmobiliario.com/MLC-1792874031-edificio-teresa-vial-_JM
ALTA,2089985535,Vista Despejada- Luminoso- Maiten Propiedades,macul,departamento,venta,3450.0,,58,,2,2,firma_5_campos_vacios | nombre_de_proyecto,https://portalinmobiliario.com/MLC-2089985535-vista-despejada-luminoso-maiten-propiedades-_JM
ALTA,2089683039,Excelente Ubicación (172961),macul,departamento,venta,4500.0,,58,,2,2,firma_5_campos_vacios | titulo_corto_tipo_nombre,https://portalinmobiliario.com/MLC-2089683039-excelente-ubicacion-172961-_JM
ALTA,4243844980,Depto Con Hermosa Vista En Macul (114885),macul,departamento,venta,3790.0,,70,,3,2,firma_5_campos_vacios | nombre_de_proyecto,https://portalinmobiliario.com/MLC-4243844980-depto-con-hermosa-vista-en-macul-114885-_JM
ALTA,4244617204,Macul (172957),macul,departamento,venta,4360.0,,56,,2,2,firma_5_campos_vacios | titulo_corto_tipo_nombre,https://portalinmobiliario.com/MLC-4244617204-macul-172957-_JM
ALTA,4247387292,Venta Departamento,macul,departamento,venta,3100.0,,59,,2,2,firma_5_campos_vacios | titulo_corto_tipo_nombre,https://portalinmobiliario.com/MLC-4247387292-venta-departamento-_JM
ALTA,4246174502,3 Dormitorios Condominio Los Andes Comuna Macul,macul,departamento,venta,4112.0,,70,,3,2,firma_5_campos_vacios | nombre_de_proyecto,https://portalinmobiliario.com/MLC-4246174502-3-dormitorios-condominio-los-andes-comuna-macul-_JM
ALTA,4244617202,La Florida (172963),la-florida,casa,venta,7900.0,,136,,4,3,firma_5_campos_vacios | titulo_corto_tipo_nombre,https://portalinmobiliario.com/MLC-4244617202-la-florida-172963-_JM
ALTA,4247388082,"Casa En Condominio, Piscina Temperada, Valle Las Pirca",la-florida,casa,venta,9900.0,,140,,4,4,firma_5_campos_vacios | nombre_de_proyecto,https://portalinmobiliario.com/MLC-4247388082-casa-en-condominio-piscina-temperada-valle-las-pirca-_JM
ALTA,4246175838,"Casa  De Tres Pisos  Amplia Y  Comoda, Barrio Residencial",la-florida,casa,venta,2150.0,,80,,3,2,firma_5_campos_vacios | nombre_de_proyecto,https://portalinmobiliario.com/MLC-4246175838-casa-de-tres-pisos-amplia-y-comoda-barrio-residencial-_JM
ALTA,4247386322,Altos De La Florida 2 Depto 3 D 1baño,la-florida,departamento,venta,2990.0,,57,,3,1,firma_5_campos_vacios | nombre_de_proyecto,https://portalinmobiliario.com/MLC-4247386322-altos-de-la-florida-2-depto-3-d-1bano-_JM
ALTA,2091480255,"Imperdible, Precio Bajo Tasacion",la-florida,departamento,venta,,119000000.0,79,,3,2,firma_5_campos_vacios | titulo_corto_tipo_nombre,https://portalinmobiliario.com/MLC-2091480255-imperdible-precio-bajo-tasacion-_JM
MEDIA,4230682744,En Venta Hermosa Casa Villa Macul Rebajada,macul,casa,venta,6734.0,,123,328,4,3,firma_5_campos_vacios,https://portalinmobiliario.com/MLC-4230682744-en-venta-hermosa-casa-villa-macul-rebajada-_JM
MEDIA,4230797256,. (176770),macul,departamento,arriendo,,630000.0,60,,2,2,firma_5_campos_vacios | titulo_corto_tipo_nombre,https://portalinmobiliario.com/MLC-4230797256--176770-_JM
MEDIA,2072653925,Depto Nuevo 2d2b Con Bodega Vista Despejada Metro Macul,macul,departamento,arriendo,,520000.0,54,,2,2,firma_5_campos_vacios | nombre_de_proyecto,https://portalinmobiliario.com/MLC-2072653925-depto-nuevo-2d2b-con-bodega-vista-despejada-metro-macul-_JM
MEDIA,2087349511,Vendemos Estudio  A Pasos Mall Plaza Vespucio - Viva Facil P,la-florida,departamento,venta,1800.0,,2,26,1,1,nombre_de_proyecto | superficies_incoherentes | m2_util_minimo_de_rango,https://portalinmobiliario.com/MLC-2087349511-vendemos-estudio-a-pasos-mall-plaza-vespucio-viva-facil-p-_JM
MEDIA,4116163056,"Dpto. Como Nuevo, Con Vista Despejada. 1d/1b/1e/1bga. Metro",nunoa,departamento,venta,3823.0,156149632,6,41,,1,nombre_de_proyecto | superficies_incoherentes | m2_util_minimo_de_rango,https://portalinmobiliario.com/MLC-4116163056-dpto-como-nuevo-con-vista-despejada-1d1b1e1bga-metro-_JM
MEDIA,1868910767,Somma Plaza Ñuñoa 1d Y 2d - Metro Ñuñoa Y Chile España,nunoa,departamento,arriendo,13.71,560000.0,34,37,1,1,firma_5_campos_vacios | nombre_de_proyecto,https://portalinmobiliario.com/MLC-1868910767-somma-plaza-nunoa-1d-y-2d-metro-nunoa-y-chile-espana-_JM
MEDIA,1499556701,Somma Parque Bustamante - Metro Irarrázaval Ñuñoa,nunoa,departamento,arriendo,13.82,564575.0,33,38,1,1,firma_5_campos_vacios | nombre_de_proyecto,https://portalinmobiliario.com/MLC-1499556701-somma-parque-bustamante-metro-irarrazaval-nunoa-_JM
MEDIA,3823269928,Collective Bustamante,nunoa,departamento,arriendo,12.0,490137,21,21,1,1,firma_5_campos_vacios | titulo_corto_tipo_nombre | m2_util_minimo_de_rango,https://portalinmobiliario.com/MLC-3823269928-collective-bustamante-_JM
MEDIA,4100172852,Cómodo Depto Mariposa - Plaza Zañartu - Metro,nunoa,departamento,arriendo,14.44,590000.0,6,54,,2,nombre_de_proyecto | superficies_incoherentes | m2_util_minimo_de_rango,https://portalinmobiliario.com/MLC-4100172852-comodo-depto-mariposa-plaza-zanartu-metro-_JM
MEDIA,2020102029,Edificio Parque Toledo,san-miguel,departamento,arriendo,7.57,309000.0,30,34,1,1,firma_5_campos_vacios | nombre_de_proyecto,https://portalinmobiliario.com/MLC-2020102029-edificio-parque-toledo-_JM
MEDIA,4225150578,Acogedor Y Hermoso Departamento En Barrio El Llano,san-miguel,departamento,arriendo,11.02,450000.0,3,35,1,1,nombre_de_proyecto | superficies_incoherentes | m2_util_minimo_de_rango,https://portalinmobiliario.com/MLC-4225150578-acogedor-y-hermoso-departamento-en-barrio-el-llano-_JM
MEDIA,4247974282,Oportunidad De Negocio Casa Av. Macul,macul,casa,venta,8000.0,,119,,4,2,firma_5_campos_vacios,https://portalinmobiliario.com/MLC-4247974282-oportunidad-de-negocio-casa-av-macul-_JM
MEDIA,4244617192,Excelente Oportunidad En Macul (172973),macul,departamento,venta,2690.0,,34,,1,1,firma_5_campos_vacios,https://portalinmobiliario.com/MLC-4244617192-excelente-oportunidad-en-macul-172973-_JM
MEDIA,2089683269,"Venta Dpto. Macul, Metro Camino Agricola (166443)",macul,departamento,venta,1690.0,,24,,1,1,firma_5_campos_vacios,https://portalinmobiliario.com/MLC-2089683269-venta-dpto-macul-metro-camino-agricola-166443-_JM
MEDIA,3885534798,Departamento 1d+1b Metro Carlos Valdovinos. Laguna Navegable,macul,departamento,venta,2000.0,,34,,1,1,firma_5_campos_vacios,https://portalinmobiliario.com/MLC-3885534798-departamento-1d1b-metro-carlos-valdovinos-laguna-navegable-_JM
MEDIA,2091479859,Amplio Departamento En Macul De 3d1b,macul,departamento,venta,2690.0,,50,,3,1,firma_5_campos_vacios,https://portalinmobiliario.com/MLC-2091479859-amplio-departamento-en-macul-de-3d1b-_JM
MEDIA,4246174348,Departamento Amplio  3d2b Estacionamiento Y Bod,macul,departamento,venta,4000.0,,63,,3,2,firma_5_campos_vacios,https://portalinmobiliario.com/MLC-4246174348-departamento-amplio-3d2b-estacionamiento-y-bod-_JM
MEDIA,2092201033,Los Clarines 3050 & Exequiel Fernandez,macul,departamento,venta,2800.0,,31,,1,1,firma_5_campos_vacios,https://portalinmobiliario.com/MLC-2092201033-los-clarines-3050-exequiel-fernandez-_JM
MEDIA,4246175052,Departamento En Venta De 3 Dorm. En Macul,macul,departamento,venta,,120000000.0,,,3,1,firma_5_campos_vacios,https://portalinmobiliario.com/MLC-4246175052-departamento-en-venta-de-3-dorm-en-macul-_JM
MEDIA,4246174898,Venta Departamento 2 Dormitorios 2 Baños Estacionamiento Mac,macul,departamento,venta,,183000000.0,1,,2,2,firma_5_campos_vacios | m2_util_minimo_de_rango,https://portalinmobiliario.com/MLC-4246174898-venta-departamento-2-dormitorios-2-banos-estacionamiento-mac-_JM
MEDIA,4247392454,Depto En Venta De 2 Dorm. En Macul - Metro Los Presidentes,macul,departamento,venta,,85000000.0,47,,2,1,firma_5_campos_vacios,https://portalinmobiliario.com/MLC-4247392454-depto-en-venta-de-2-dorm-en-macul-metro-los-presidentes-_JM
MEDIA,2091479779,Departamento En Venta En Rodrigo De Araya,macul,departamento,venta,4500.0,,66,,2,2,firma_5_campos_vacios,https://portalinmobiliario.com/MLC-2091479779-departamento-en-venta-en-rodrigo-de-araya-_JM
MEDIA,4247389852,Depto. 3d-1b Excelente Conectividad Cerca Del Metro Pedreros,macul,departamento,venta,,54000000.0,40,,3,1,firma_5_campos_vacios,https://portalinmobiliario.com/MLC-4247389852-depto-3d-1b-excelente-conectividad-cerca-del-metro-pedreros-_JM
MEDIA,2091977071,Edificio Exequiel Fernández (1 Est. 1 Bod.) Vista Oriente,macul,departamento,arriendo,,530000.0,40,,2,2,firma_5_campos_vacios | nombre_de_proyecto,https://portalinmobiliario.com/MLC-2091977071-edificio-exequiel-fernandez-1-est-1-bod-vista-oriente-_JM
MEDIA,2091481083,"Departamento 2 Dormitorios, Edificio En Macul",macul,departamento,arriendo,,470000.0,47,,2,1,firma_5_campos_vacios | nombre_de_proyecto,https://portalinmobiliario.com/MLC-2091481083-departamento-2-dormitorios-edificio-en-macul-_JM
MEDIA,4243844570,Se Vende Casa En La Florida (172812),la-florida,casa,venta,5600.0,,119,,3,3,firma_5_campos_vacios,https://portalinmobiliario.com/MLC-4243844570-se-vende-casa-en-la-florida-172812-_JM
MEDIA,4246166518,Casa En Excelente Ubicación En La Florida,la-florida,casa,venta,7200.0,,140,,4,3,firma_5_campos_vacios,https://portalinmobiliario.com/MLC-4246166518-casa-en-excelente-ubicacion-en-la-florida-_JM
MEDIA,2089683003,Conectividad Y Estilo En Cada Rincón (172980),la-florida,casa,venta,7600.0,,119,,5,3,firma_5_campos_vacios,https://portalinmobiliario.com/MLC-2089683003-conectividad-y-estilo-en-cada-rincon-172980-_JM
MEDIA,2089984275,"Amplia Casa 3 Dormitorios, Las Acacias, La Florida",la-florida,casa,venta,,280000000.0,87,,3,2,firma_5_campos_vacios,https://portalinmobiliario.com/MLC-2089984275-amplia-casa-3-dormitorios-las-acacias-la-florida-_JM
MEDIA,4243844422,Casa 4d + 4b+1e (172964),la-florida,casa,venta,6250.0,,135,,4,4,firma_5_campos_vacios,https://portalinmobiliario.com/MLC-4243844422-casa-4d-4b1e-172964-_JM
MEDIA,2089683463,Jose Miguel Carrera- Sta Raquel (148843),la-florida,casa,venta,3770.0,,95,,3,2,firma_5_campos_vacios,https://portalinmobiliario.com/MLC-2089683463-jose-miguel-carrera-sta-raquel-148843-_JM
MEDIA,2089683189,Oportunidad Para Invertir 2 Casas Unidas. (172804),la-florida,casa,venta,9515.0,,159,,7,5,firma_5_campos_vacios,https://portalinmobiliario.com/MLC-2089683189-oportunidad-para-invertir-2-casas-unidas-172804-_JM
MEDIA,2091485527,Linda Casa Gran Oportunidad,la-florida,casa,venta,3257.0,,130,,3,2,firma_5_campos_vacios,https://portalinmobiliario.com/MLC-2091485527-linda-casa-gran-oportunidad-_JM
MEDIA,4247386898,G. De Alderete/av. La Florida: Gran Casa Con Piscina!!,la-florida,casa,venta,,280000000.0,113,,3,2,firma_5_campos_vacios,https://portalinmobiliario.com/MLC-4247386898-g-de-aldereteav-la-florida-gran-casa-con-piscina-_JM
MEDIA,2091483305,Casa 3 Dormitorios A Minutos Metro San Jose De La Estrella,la-florida,casa,venta,,90000000.0,120,,3,1,firma_5_campos_vacios,https://portalinmobiliario.com/MLC-2091483305-casa-3-dormitorios-a-minutos-metro-san-jose-de-la-estrella-_JM
MEDIA,2091975901,Venta Casa 5hab 3ba La Florida,la-florida,casa,venta,8000.0,,140,,5,3,firma_5_campos_vacios,https://portalinmobiliario.com/MLC-2091975901-venta-casa-5hab-3ba-la-florida-_JM
MEDIA,4247386318,Espectacular Casa A La Venta,la-florida,casa,venta,9000.0,,140,,5,4,firma_5_campos_vacios,https://portalinmobiliario.com/MLC-4247386318-espectacular-casa-a-la-venta-_JM
MEDIA,4247386570,Oportunidad Casa Y Oficina Independientes En Un Solo Lugar,la-florida,casa,venta,17000.0,,525,,4,4,firma_5_campos_vacios,https://portalinmobiliario.com/MLC-4247386570-oportunidad-casa-y-oficina-independientes-en-un-solo-lugar-_JM
MEDIA,4248036326,Casa En Venta En La Florida,la-florida,casa,venta,,230000000.0,80,,3,2,firma_5_campos_vacios,https://portalinmobiliario.com/MLC-4248036326-casa-en-venta-en-la-florida-_JM
MEDIA,2091973581,Casa En Venta En La Florida,la-florida,casa,venta,,300000000.0,104,,3,1,firma_5_campos_vacios,https://portalinmobiliario.com/MLC-2091973581-casa-en-venta-en-la-florida-_JM
MEDIA,4247393758,Casa En Venta En La Florida Alto,la-florida,casa,venta,3650.0,,55,,3,2,firma_5_campos_vacios,https://portalinmobiliario.com/MLC-4247393758-casa-en-venta-en-la-florida-alto-_JM
MEDIA,2092204699,Amplia Casa De 2 Pisos | 154 M2 Construidos | Terreno 277 M2,la-florida,casa,venta,4407.0,,154,,3,1,firma_5_campos_vacios,https://portalinmobiliario.com/MLC-2092204699-amplia-casa-de-2-pisos-154-m2-construidos-terreno-277-m2-_JM
MEDIA,2091479765,"Casa En Venta En La Florida, 4d-3b, Precio Oferta.",la-florida,casa,venta,3300.0,,115,,4,3,firma_5_campos_vacios,https://portalinmobiliario.com/MLC-2091479765-casa-en-venta-en-la-florida-4d-3b-precio-oferta-_JM
MEDIA,4243844832,Departamento En Venta De 2 Dorm. En La Florida,la-florida,departamento,venta,4631.0,,65,,2,2,firma_5_campos_vacios,https://portalinmobiliario.com/MLC-4243844832-departamento-en-venta-de-2-dorm-en-la-florida-_JM
MEDIA,2089683501,Departamento En Venta De 2 Dorm. En La Florida,la-florida,departamento,venta,4000.0,,70,,2,2,firma_5_campos_vacios,https://portalinmobiliario.com/MLC-2089683501-departamento-en-venta-de-2-dorm-en-la-florida-_JM
MEDIA,2089683499,Departamento En Venta De 2 Dorm. En La Florida,la-florida,departamento,venta,3671.0,,51,,2,2,firma_5_campos_vacios,https://portalinmobiliario.com/MLC-2089683499-departamento-en-venta-de-2-dorm-en-la-florida-_JM
MEDIA,4243844712,"Venta Depto. La Florida, Ideal Para Inversión (166223)",la-florida,departamento,venta,2960.0,,45,,2,1,firma_5_campos_vacios,https://portalinmobiliario.com/MLC-4243844712-venta-depto-la-florida-ideal-para-inversion-166223-_JM
MEDIA,2089987245,"Venta De Departamento En Vicuña Mackenna, Comuna La Florida",la-florida,departamento,venta,,89000000.0,35,,1,1,firma_5_campos_vacios,https://portalinmobiliario.com/MLC-2089987245-venta-de-departamento-en-vicuna-mackenna-comuna-la-florida-_JM
MEDIA,2089683529,Depto 3d 2b Rodeado De Jardines Primer Piso (143207),la-florida,departamento,venta,3980.0,,76,,3,2,firma_5_campos_vacios,https://portalinmobiliario.com/MLC-2089683529-depto-3d-2b-rodeado-de-jardines-primer-piso-143207-_JM
MEDIA,2089683037,Depto En Venta En Tobalaba (172962),la-florida,departamento,venta,4000.0,,74,,3,2,firma_5_campos_vacios,https://portalinmobiliario.com/MLC-2089683037-depto-en-venta-en-tobalaba-172962-_JM
MEDIA,4244617666,Departamento En Venta De 2 Dorm. En La Florida,la-florida,departamento,venta,4481.0,,67,,2,2,firma_5_campos_vacios,https://portalinmobiliario.com/MLC-4244617666-departamento-en-venta-de-2-dorm-en-la-florida-_JM
MEDIA,4244618166,Avenida Vicuña Mackenna Paso El Roble  (64348),la-florida,departamento,venta,2400.0,,34,,1,1,firma_5_campos_vacios,https://portalinmobiliario.com/MLC-4244618166-avenida-vicuna-mackenna-paso-el-roble-64348-_JM
MEDIA,4246174092,Se Vende Departamento En La Florida,la-florida,departamento,venta,3800.0,,48,,2,2,firma_5_campos_vacios,https://portalinmobiliario.com/MLC-4246174092-se-vende-departamento-en-la-florida-_JM
MEDIA,2091480297,!el Sector Que Muchos Buscan Y A Precio Accesible!,la-florida,departamento,venta,2200.0,,60,,3,2,firma_5_campos_vacios,https://portalinmobiliario.com/MLC-2091480297-el-sector-que-muchos-buscan-y-a-precio-accesible-_JM
MEDIA,4247386340,!el Sector Que Muchos Buscan Y A Precio Accesible!,la-florida,departamento,venta,,89900000.0,60,,3,2,firma_5_campos_vacios,https://portalinmobiliario.com/MLC-4247386340-el-sector-que-muchos-buscan-y-a-precio-accesible-_JM
MEDIA,4246174902,Venta Departamento 2 Dormitorios 2 Baños Estilo Mariposa Est,la-florida,departamento,venta,,155000000.0,1,,2,2,firma_5_campos_vacios | m2_util_minimo_de_rango,https://portalinmobiliario.com/MLC-4246174902-venta-departamento-2-dormitorios-2-banos-estilo-mariposa-est-_JM
MEDIA,4246174878,Venta De Departamento En La Florida,la-florida,departamento,venta,2000.0,,40,,2,1,firma_5_campos_vacios,https://portalinmobiliario.com/MLC-4246174878-venta-de-departamento-en-la-florida-_JM
MEDIA,2091480215,Departamento En Venta De 2 Dorm. En La Florida,la-florida,departamento,venta,,124000000.0,,,2,2,firma_5_campos_vacios,https://portalinmobiliario.com/MLC-2091480215-departamento-en-venta-de-2-dorm-en-la-florida-_JM
MEDIA,2091485537,Venta Departamento 3hab 2ba La Florida,la-florida,departamento,venta,4790.0,,85,,3,2,firma_5_campos_vacios,https://portalinmobiliario.com/MLC-2091485537-venta-departamento-3hab-2ba-la-florida-_JM
MEDIA,4246174698,Departamento En Venta De 3 Dorm. En La Florida,la-florida,departamento,venta,,103000000.0,,,3,2,firma_5_campos_vacios,https://portalinmobiliario.com/MLC-4246174698-departamento-en-venta-de-3-dorm-en-la-florida-_JM
MEDIA,4246174744,Departamento En Venta De 2 Dorm. En La Florida,la-florida,departamento,venta,,123000000.0,,,1,2,firma_5_campos_vacios,https://portalinmobiliario.com/MLC-4246174744-departamento-en-venta-de-2-dorm-en-la-florida-_JM
MEDIA,4247385154,Departamento En Venta Lo Caña (176786),la-florida,departamento,venta,5600.0,,95,,3,,firma_5_campos_vacios,https://portalinmobiliario.com/MLC-4247385154-departamento-en-venta-lo-cana-176786-_JM
MEDIA,4247975302,Oportunidad De Inversión | Departamento Con Opción Comercial,la-florida,departamento,venta,,90000000.0,43,,1,1,firma_5_campos_vacios,https://portalinmobiliario.com/MLC-4247975302-oportunidad-de-inversion-departamento-con-opcion-comercial-_JM
MEDIA,4247385112,Departamento De 1 Dormitorio. Entrega 2027!,la-florida,departamento,venta,2730.0,,32,,1,1,firma_5_campos_vacios,https://portalinmobiliario.com/MLC-4247385112-departamento-de-1-dormitorio-entrega-2027-_JM
MEDIA,2092201913,Departamento Remodelado En Vicuña Mackenna,la-florida,departamento,venta,2100.0,,32,,1,1,firma_5_campos_vacios,https://portalinmobiliario.com/MLC-2092201913-departamento-remodelado-en-vicuna-mackenna-_JM
MEDIA,2092204555,Departamento En Venta En La Florida,la-florida,departamento,venta,,92000000.0,60,,3,1,firma_5_campos_vacios,https://portalinmobiliario.com/MLC-2092204555-departamento-en-venta-en-la-florida-_JM
MEDIA,4248046442,Gran Oportunidad!excelente Ubicación Frente A Florida Center,la-florida,departamento,venta,3790.0,,58,,3,2,firma_5_campos_vacios,https://portalinmobiliario.com/MLC-4248046442-gran-oportunidadexcelente-ubicacion-frente-a-florida-center-_JM
MEDIA,2091156769,Moderno Y Comodo Duplex Alta Vista La Florida,la-florida,departamento,arriendo,,890000.0,90,,2,2,firma_5_campos_vacios | nombre_de_proyecto,https://portalinmobiliario.com/MLC-2091156769-moderno-y-comodo-duplex-alta-vista-la-florida-_JM
MEDIA,4182741182,"Home Studio Amplio Frente Cenco Florida, Con Grande Terraza",la-florida,departamento,arriendo,,280000.0,25,,1,1,firma_5_campos_vacios | nombre_de_proyecto,https://portalinmobiliario.com/MLC-4182741182-home-studio-amplio-frente-cenco-florida-con-grande-terraza-_JM
MEDIA,2092204871,"Buen Dep. 3d / 2b  / 1e, Condominio Saint Gallen, La Florida",la-florida,departamento,arriendo,,530000.0,75,,3,2,firma_5_campos_vacios | nombre_de_proyecto,https://portalinmobiliario.com/MLC-2092204871-buen-dep-3d-2b-1e-condominio-saint-gallen-la-florida-_JM
MEDIA,4248044544,Edificio Av. Vicuña Mackenna Vista Sur Piso 7,la-florida,departamento,arriendo,,360000.0,31,,1,1,firma_5_campos_vacios | nombre_de_proyecto,https://portalinmobiliario.com/MLC-4248044544-edificio-av-vicuna-mackenna-vista-sur-piso-7-_JM
MEDIA,4247395096,Edificio Activa Vicuña Mackenna Poniente Vista Norponiente,la-florida,departamento,arriendo,,571000.0,56,,2,2,firma_5_campos_vacios | nombre_de_proyecto,https://portalinmobiliario.com/MLC-4247395096-edificio-activa-vicuna-mackenna-poniente-vista-norponiente-_JM
MEDIA,4247393220,Edificio Activa Vicuña Mackenna Poniente Vista Nororiente,la-florida,departamento,arriendo,,561000.0,50,,2,2,firma_5_campos_vacios | nombre_de_proyecto,https://portalinmobiliario.com/MLC-4247393220-edificio-activa-vicuna-mackenna-poniente-vista-nororiente-_JM
MEDIA,2092298521,Edificio Mirador Capital Vista Nororiente Piso 7,la-florida,departamento,arriendo,,381000.0,31,,1,1,firma_5_campos_vacios | nombre_de_proyecto,https://portalinmobiliario.com/MLC-2092298521-edificio-mirador-capital-vista-nororiente-piso-7-_JM
MEDIA,2092204901,Edificio Av. Vicuña Mackenna Vista Norte Piso 3,la-florida,departamento,arriendo,,320000.0,26,,,1,firma_5_campos_vacios | nombre_de_proyecto,https://portalinmobiliario.com/MLC-2092204901-edificio-av-vicuna-mackenna-vista-norte-piso-3-_JM
MEDIA,2092402373,Homestudio Cercano A Metro Vicente Valdés,la-florida,departamento,arriendo,,350000.0,36,,1,1,firma_5_campos_vacios | nombre_de_proyecto,https://portalinmobiliario.com/MLC-2092402373-homestudio-cercano-a-metro-vicente-valdes-_JM
MEDIA,4248046784,"Departamento A Pasos De Metro Mirador, Vista Despejada",la-florida,departamento,arriendo,,400000.0,34,,1,1,firma_5_campos_vacios | nombre_de_proyecto,https://portalinmobiliario.com/MLC-4248046784-departamento-a-pasos-de-metro-mirador-vista-despejada-_JM
BAJA,3804135116,"Residencial O Comercial, Vive El Estilo Art Decó!!",nunoa,casa,venta,13900.0,567742581,254,490,6,4,nombre_de_proyecto,https://portalinmobiliario.com/MLC-3804135116-residencial-o-comercial-vive-el-estilo-art-deco-_JM
BAJA,4019472302,Plaza Ñuñoa | 4d | 3b | 3 Est | 435m2 Terr. | Bajo Tasación,nunoa,casa,venta,11500.0,469715085,137,435,,3,nombre_de_proyecto,https://portalinmobiliario.com/MLC-4019472302-plaza-nunoa-4d-3b-3-est-435m2-terr-bajo-tasacion-_JM
BAJA,3578588150,Moderno Townhouse Con Rooftop Y Paneles Solares,nunoa,casa,venta,8390.0,342687788,102,102,,,nombre_de_proyecto,https://portalinmobiliario.com/MLC-3578588150-moderno-townhouse-con-rooftop-y-paneles-solares-_JM
BAJA,4179310630,"Venta Directa: Casa 486 M2, En El Mejor Barrio De Ñuñoa",nunoa,casa,venta,12200.0,498306438,248,486,,4,nombre_de_proyecto,https://portalinmobiliario.com/MLC-4179310630-venta-directa-casa-486-m2-en-el-mejor-barrio-de-nunoa-_JM
BAJA,4151691786,Casa Condominio Cerrado / Rosita Renard Metro Principe Gales,nunoa,casa,venta,9500.0,388025505,123,114,,,nombre_de_proyecto,https://portalinmobiliario.com/MLC-4151691786-casa-condominio-cerrado-rosita-renard-metro-principe-gales-_JM
BAJA,4182526862,"Plaza Ñuñoa, Pasos De Irarrázaval Y 1 Cuadra De Metro",nunoa,casa,venta,11700.0,477884043,150,236,3,,nombre_de_proyecto,https://portalinmobiliario.com/MLC-4182526862-plaza-nunoa-pasos-de-irarrazaval-y-1-cuadra-de-metro-_JM
BAJA,2081782569,Casa En Ñuñoa 500m2,nunoa,casa,venta,14990.0,612263402,316,500,5,2,titulo_corto_tipo_nombre,https://portalinmobiliario.com/MLC-2081782569-casa-en-nunoa-500m2-_JM
BAJA,4211504816,Linda Casa Plaza Guillermo Franke,nunoa,casa,venta,9793.17,400000000.0,154,332,,,nombre_de_proyecto,https://portalinmobiliario.com/MLC-4211504816-linda-casa-plaza-guillermo-franke-_JM
BAJA,2082157481,Venta Casa 6 Dormitorios - Barrio Residencial - Ñuñoa,nunoa,casa,venta,16450.0,671896796,290,580,6,3,nombre_de_proyecto,https://portalinmobiliario.com/MLC-2082157481-venta-casa-6-dormitorios-barrio-residencial-nunoa-_JM
BAJA,1945117601,Casa Con Patente Comercial Y Uso Residencial,nunoa,casa,venta,11250.0,459503888,186,350,5,1,nombre_de_proyecto,https://portalinmobiliario.com/MLC-1945117601-casa-con-patente-comercial-y-uso-residencial-_JM
BAJA,4068927966,Renovada Casa Condominio Cerrado En Macul,macul,casa,venta,5850.0,,92,120,4,2,nombre_de_proyecto,https://portalinmobiliario.com/MLC-4068927966-renovada-casa-condominio-cerrado-en-macul-_JM
BAJA,1974291835,El Libano / Macul,macul,casa,venta,20000.0,,184,1200,,,titulo_corto_tipo_nombre,https://portalinmobiliario.com/MLC-1974291835-el-libano-macul-_JM
BAJA,3964379828,Casa Para Remodelar,macul,casa,venta,3990.0,,59,260,3,1,titulo_corto_tipo_nombre,https://portalinmobiliario.com/MLC-3964379828-casa-para-remodelar-_JM
BAJA,1916439229,Campus San Joaquín / Barrio Residencial,macul,casa,venta,,221000000.0,100,264,4,2,nombre_de_proyecto,https://portalinmobiliario.com/MLC-1916439229-campus-san-joaquin-barrio-residencial-_JM
BAJA,2072644605,Casa En Sector Residencial Y Consolidado (171542),macul,casa,venta,,130000000.0,66,94,2,2,nombre_de_proyecto,https://portalinmobiliario.com/MLC-2072644605-casa-en-sector-residencial-y-consolidado-171542-_JM
BAJA,4230665644,Amplia Propiedad En Excelente Entorno Residencial,macul,casa,venta,6800.0,,196,306,5,2,nombre_de_proyecto,https://portalinmobiliario.com/MLC-4230665644-amplia-propiedad-en-excelente-entorno-residencial-_JM
BAJA,4239744850,Casa Familiar Barrio Tradicional (63920),macul,casa,venta,8100.0,,147,328,4,2,nombre_de_proyecto,https://portalinmobiliario.com/MLC-4239744850-casa-familiar-barrio-tradicional-63920-_JM
BAJA,2072644995,Gran Casa Macul (74972),macul,casa,venta,9000.0,367603110,120,325,,,titulo_corto_tipo_nombre,https://portalinmobiliario.com/MLC-2072644995-gran-casa-macul-74972-_JM
BAJA,1957380087,Venta Casa - Macul,macul,casa,venta,9990.0,,117,650,4,2,titulo_corto_tipo_nombre,https://portalinmobiliario.com/MLC-1957380087-venta-casa-macul-_JM
BAJA,4027740638,"Villa Macul, Macul",macul,casa,venta,7890.0,,257,328,5,4,titulo_corto_tipo_nombre,https://portalinmobiliario.com/MLC-4027740638-villa-macul-macul-_JM
BAJA,2049075121,Casa Condominio San Vicente A Pasos De Rotonda Quilin Macul,macul,casa,venta,4390.0,,70,115,3,2,nombre_de_proyecto,https://portalinmobiliario.com/MLC-2049075121-casa-condominio-san-vicente-a-pasos-de-rotonda-quilin-macul-_JM
BAJA,3918965182,Poeta Vicente Huidobro- Barrio Residencial Y Tranquilo -,macul,casa,venta,7500.0,,97,423,4,2,nombre_de_proyecto,https://portalinmobiliario.com/MLC-3918965182-poeta-vicente-huidobro-barrio-residencial-y-tranquilo--_JM
BAJA,3982879124,"Bajamos El Precio¡¡¡¡¡ Sólida, Antigua  En Barrio Clasico",macul,casa,venta,5900.0,,167,240,3,1,nombre_de_proyecto,https://portalinmobiliario.com/MLC-3982879124-bajamos-el-precio-solida-antigua-en-barrio-clasico-_JM
BAJA,4146245772,Venta Casa Macul (121559),macul,casa,venta,,290000000.0,136,250,5,3,titulo_corto_tipo_nombre,https://portalinmobiliario.com/MLC-4146245772-venta-casa-macul-121559-_JM
BAJA,4201744884,Casa En Macul,macul,casa,venta,6500.0,,100,340,4,2,titulo_corto_tipo_nombre,https://portalinmobiliario.com/MLC-4201744884-casa-en-macul-_JM
BAJA,4201707882,Casa,macul,casa,venta,7360.0,,110,420,4,2,titulo_corto_tipo_nombre,https://portalinmobiliario.com/MLC-4201707882-casa-_JM
BAJA,3854651528,Venta De Casa En Condominio El Sentauro En Macul,macul,casa,venta,13000.0,,200,700,6,5,nombre_de_proyecto,https://portalinmobiliario.com/MLC-3854651528-venta-de-casa-en-condominio-el-sentauro-en-macul-_JM
BAJA,4234292288,Macul (176880),macul,casa,venta,,199000000.0,89,180,3,2,titulo_corto_tipo_nombre,https://portalinmobiliario.com/MLC-4234292288-macul-176880-_JM
BAJA,3894109544,Casa  Macul Bajamos Precio,macul,casa,venta,2500.0,,63,42,3,1,titulo_corto_tipo_nombre,https://portalinmobiliario.com/MLC-3894109544-casa-macul-bajamos-precio-_JM
BAJA,1957475983,Casa En Condominio Macul,macul,casa,venta,5750.0,,90,115,4,2,nombre_de_proyecto,https://portalinmobiliario.com/MLC-1957475983-casa-en-condominio-macul-_JM
BAJA,4145380750,Venta Casa - Macul,macul,casa,venta,4700.0,,180,250,6,2,titulo_corto_tipo_nombre,https://portalinmobiliario.com/MLC-4145380750-venta-casa-macul-_JM
BAJA,1913886253,Avenida El Libano (74848),macul,casa,venta,10300.0,,220,363,5,4,titulo_corto_tipo_nombre,https://portalinmobiliario.com/MLC-1913886253-avenida-el-libano-74848-_JM
BAJA,4198324750,Excelente Casa Solida Familiar- Plaza Purranque Villa Macul,macul,casa,venta,,145000000.0,60,160,2,1,nombre_de_proyecto,https://portalinmobiliario.com/MLC-4198324750-excelente-casa-solida-familiar-plaza-purranque-villa-macul-_JM
BAJA,2051233467,Preciosa Casa Tranquilo Barrio Macul 5d4b (145699),macul,casa,venta,6780.0,,232,414,4,,nombre_de_proyecto,https://portalinmobiliario.com/MLC-2051233467-preciosa-casa-tranquilo-barrio-macul-5d4b-145699-_JM
BAJA,4201715184,Casa Departamental Metro (158987),macul,casa,venta,,180000000.0,66,165,3,2,titulo_corto_tipo_nombre,https://portalinmobiliario.com/MLC-4201715184-casa-departamental-metro-158987-_JM
BAJA,1873097387,Casa Townhouse 3 Dormitorios | 70 M2 | Cond San Vicente,macul,casa,venta,4450.0,,70,115,3,2,nombre_de_proyecto,https://portalinmobiliario.com/MLC-1873097387-casa-townhouse-3-dormitorios-70-m2-cond-san-vicente-_JM
BAJA,3783462012,Casa Villa Santa Carolina,macul,casa,venta,,253000000.0,90,215,2,1,titulo_corto_tipo_nombre,https://portalinmobiliario.com/MLC-3783462012-casa-villa-santa-carolina-_JM
BAJA,4176332916,Oport. Familiar! Bella En Barrio Tranquilo (157761),macul,casa,venta,,199900000.0,85,140,3,2,nombre_de_proyecto,https://portalinmobiliario.com/MLC-4176332916-oport-familiar-bella-en-barrio-tranquilo-157761-_JM
BAJA,4108980886,Casa En Sector Residencial Para Vivir En Un Barrio Tranquilo,macul,casa,venta,,152000000.0,89,153,2,1,nombre_de_proyecto,https://portalinmobiliario.com/MLC-4108980886-casa-en-sector-residencial-para-vivir-en-un-barrio-tranquilo-_JM
BAJA,1956497449,Madreselva Av Macul,macul,casa,venta,5990.0,,105,150,4,2,titulo_corto_tipo_nombre,https://portalinmobiliario.com/MLC-1956497449-madreselva-av-macul-_JM
BAJA,4045549490,Amércio Vespucio (74121),macul,casa,venta,4790.0,,120,120,3,3,titulo_corto_tipo_nombre,https://portalinmobiliario.com/MLC-4045549490-amercio-vespucio-74121-_JM
BAJA,4032753986,Propiedad Con Alto Potencial Comercial A Pasos De Av. Macul,macul,casa,venta,7200.0,,117,328,4,2,nombre_de_proyecto,https://portalinmobiliario.com/MLC-4032753986-propiedad-con-alto-potencial-comercial-a-pasos-de-av-macul-_JM
BAJA,4087964394,Linda Casa Pareada  De 2 Pisos En Condominio,macul,casa,venta,4450.0,,83,149,2,1,nombre_de_proyecto,https://portalinmobiliario.com/MLC-4087964394-linda-casa-pareada-de-2-pisos-en-condominio-_JM
BAJA,3827533746,"Froilán Roa 5640, Macul",macul,casa,venta,,220000000.0,135,288,5,2,titulo_corto_tipo_nombre,https://portalinmobiliario.com/MLC-3827533746-froilan-roa-5640-macul-_JM
BAJA,3979120052,Linda Casa En Condominio En Tranquilo Sector De Macul,macul,casa,venta,6700.0,,100,210,3,2,nombre_de_proyecto,https://portalinmobiliario.com/MLC-3979120052-linda-casa-en-condominio-en-tranquilo-sector-de-macul-_JM
BAJA,4201712762,Casa Cercana A Plaza Juan Renz Peeters,macul,casa,venta,,375000000.0,152,400,3,2,nombre_de_proyecto,https://portalinmobiliario.com/MLC-4201712762-casa-cercana-a-plaza-juan-renz-peeters-_JM
BAJA,1990029759,4d1b Remodelada,macul,casa,venta,,195000000.0,108,156,4,1,titulo_corto_tipo_nombre,https://portalinmobiliario.com/MLC-1990029759-4d1b-remodelada-_JM
BAJA,4213162162,Casa En Macul.,macul,casa,venta,4092.0,,75,47,3,2,titulo_corto_tipo_nombre,https://portalinmobiliario.com/MLC-4213162162-casa-en-macul-_JM
BAJA,1887179999,"Casa Esquina, Remodelada, Impacable",macul,casa,venta,,160000000.0,74,160,2,1,titulo_corto_tipo_nombre,https://portalinmobiliario.com/MLC-1887179999-casa-esquina-remodelada-impacable-_JM
BAJA,4084873112,"Casa En Condominio Residencial A Pasos De Av, Macul",macul,casa,venta,4547.0,,80,210,3,1,nombre_de_proyecto,https://portalinmobiliario.com/MLC-4084873112-casa-en-condominio-residencial-a-pasos-de-av-macul-_JM
BAJA,4234265610,Casa 3hab 2bañ 144m2 Condominio,macul,casa,venta,,150000000.0,90,144,3,2,nombre_de_proyecto,https://portalinmobiliario.com/MLC-4234265610-casa-3hab-2ban-144m2-condominio-_JM
BAJA,4135261432,Potencial Casa En Hermoso Barrio Tranquilo Y Seguro,macul,casa,venta,,245000000.0,163,202,4,2,nombre_de_proyecto,https://portalinmobiliario.com/MLC-4135261432-potencial-casa-en-hermoso-barrio-tranquilo-y-seguro-_JM
BAJA,1692042567,Novus E - Stitchkin,macul,departamento,venta,4266.0,,56,,2,2,titulo_corto_tipo_nombre,https://portalinmobiliario.com/MLC-1692042567-novus-e-stitchkin-_JM
BAJA,1692119483,Novus G - Stitchkin,macul,departamento,venta,3084.0,,35,,1,1,titulo_corto_tipo_nombre,https://portalinmobiliario.com/MLC-1692119483-novus-g-stitchkin-_JM
BAJA,1591446777,Edificio Vicuña Mackenna 3826,macul,departamento,venta,2411.0,,27,,1,1,nombre_de_proyecto,https://portalinmobiliario.com/MLC-1591446777-edificio-vicuna-mackenna-3826-_JM
BAJA,1572682567,Edificio Terra Nueva,macul,departamento,venta,2840.0,,35,,1,1,nombre_de_proyecto,https://portalinmobiliario.com/MLC-1572682567-edificio-terra-nueva-_JM
BAJA,3350870116,Macul Oriente,macul,departamento,venta,2643.0,,25,,1,1,titulo_corto_tipo_nombre,https://portalinmobiliario.com/MLC-3350870116-macul-oriente-_JM
BAJA,4233322062,Almagro Insigne Ii,macul,departamento,venta,3210.0,,35,,1,1,inmobiliaria_en_titulo | titulo_corto_tipo_nombre,https://portalinmobiliario.com/MLC-4233322062-almagro-insigne-ii-_JM
BAJA,2174950616,Exequiel Ii,macul,departamento,venta,3846.0,,41,,2,2,titulo_corto_tipo_nombre,https://portalinmobiliario.com/MLC-2174950616-exequiel-ii-_JM
BAJA,1374513424,Jardines De Ramón Cruz,macul,departamento,venta,2970.0,,35,,1,1,nombre_de_proyecto,https://portalinmobiliario.com/MLC-1374513424-jardines-de-ramon-cruz-_JM
BAJA,1555790055,Edificio Missouri 3885,macul,departamento,venta,2647.0,,29,,1,1,nombre_de_proyecto,https://portalinmobiliario.com/MLC-1555790055-edificio-missouri-3885-_JM
BAJA,1560621054,Condominio Gregorio De La Fuente,macul,departamento,venta,3150.0,,36,,1,1,nombre_de_proyecto,https://portalinmobiliario.com/MLC-1560621054-condominio-gregorio-de-la-fuente-_JM
BAJA,3370761830,Alto Vespucio,macul,departamento,venta,2738.0,,59,,2,2,nombre_de_proyecto,https://portalinmobiliario.com/MLC-3370761830-alto-vespucio-_JM
BAJA,3230783814,Novus,macul,departamento,venta,2767.0,,7,,1,1,titulo_corto_tipo_nombre | m2_util_minimo_de_rango,https://portalinmobiliario.com/MLC-3230783814-novus-_JM
BAJA,4135263188,Novus G,macul,departamento,venta,2436.0,,35,,1,1,titulo_corto_tipo_nombre,https://portalinmobiliario.com/MLC-4135263188-novus-g-_JM
BAJA,1540378423,Home,macul,departamento,venta,3572.0,,38,,1,1,nombre_de_proyecto,https://portalinmobiliario.com/MLC-1540378423-home-_JM
BAJA,2950183610,Edificio Limit,macul,departamento,venta,3164.0,,32,,1,1,nombre_de_proyecto,https://portalinmobiliario.com/MLC-2950183610-edificio-limit-_JM
BAJA,4179340672,Estacionam/ Bodega/ Amplio2d2b/jpa Y Quilín/ Piscina/quincho,macul,departamento,venta,3990.0,,4,61,2,2,superficies_incoherentes | m2_util_minimo_de_rango,https://portalinmobiliario.com/MLC-4179340672-estacionam-bodega-amplio2d2bjpa-y-quilin-piscinaquincho-_JM
BAJA,4146269062,"Amplio Depto. Vista Panoramica 3d, 2b, 2est Y Bod",macul,departamento,venta,5199.0,,91,101,3,2,nombre_de_proyecto,https://portalinmobiliario.com/MLC-4146269062-amplio-depto-vista-panoramica-3d-2b-2est-y-bod-_JM
BAJA,4238307808,"Moderno Depto,  Premio Nobel/los Plátanos, Vista Despejada",macul,departamento,venta,4100.0,,64,69,2,2,nombre_de_proyecto,https://portalinmobiliario.com/MLC-4238307808-moderno-depto-premio-nobellos-platanos-vista-despejada-_JM
BAJA,2041091579,Magnifico Departamento,macul,departamento,venta,3400.0,,52,54,2,2,titulo_corto_tipo_nombre,https://portalinmobiliario.com/MLC-2041091579-magnifico-departamento-_JM
BAJA,4217828334,Moderno Y Con Estacionamiento,macul,departamento,venta,3190.0,,60,64,2,2,titulo_corto_tipo_nombre,https://portalinmobiliario.com/MLC-4217828334-moderno-y-con-estacionamiento-_JM
BAJA,1912735087,"Lindo Depto. Como Nuevo, Luminoso, Vista Oriente, Metro",macul,departamento,venta,2049.0,,28,30,1,1,nombre_de_proyecto,https://portalinmobiliario.com/MLC-1912735087-lindo-depto-como-nuevo-luminoso-vista-oriente-metro-_JM
BAJA,1967476435,Pedro De Valdivia C_423830,macul,departamento,venta,4350.0,,77,82,3,2,titulo_corto_tipo_nombre,https://portalinmobiliario.com/MLC-1967476435-pedro-de-valdivia-c423830-_JM
BAJA,1968315547,"En El Mejor Barrio De Macul, Futura Linea 8",macul,departamento,venta,2700.0,,34,37,1,1,nombre_de_proyecto,https://portalinmobiliario.com/MLC-1968315547-en-el-mejor-barrio-de-macul-futura-linea-8-_JM
BAJA,4009569314,Departamento De 1d 1b En Edificio Con Laguna En Macul,macul,departamento,venta,1950.0,,32,35,,1,nombre_de_proyecto,https://portalinmobiliario.com/MLC-4009569314-departamento-de-1d-1b-en-edificio-con-laguna-en-macul-_JM
BAJA,1974265805,Atencion Inversionistas!!!!!,macul,departamento,venta,6800.0,,82,87,2,2,titulo_corto_tipo_nombre,https://portalinmobiliario.com/MLC-1974265805-atencion-inversionistas-_JM
BAJA,1949797065,Departamento 2d 2b En Edificio Con Todas Las Comodidades.,macul,departamento,venta,3550.0,,49,52,2,2,nombre_de_proyecto,https://portalinmobiliario.com/MLC-1949797065-departamento-2d-2b-en-edificio-con-todas-las-comodidades-_JM
BAJA,4152847292,"Macul/los Olmos - 3 Dor., Vista Despejada Poniente",macul,departamento,venta,4100.0,,72,76,3,2,nombre_de_proyecto,https://portalinmobiliario.com/MLC-4152847292-macullos-olmos-3-dor-vista-despejada-poniente-_JM
BAJA,1968292601,!departamento Vista Oriente Nuevo En Macul!,macul,departamento,venta,3648.0,,42,46,2,1,nombre_de_proyecto,https://portalinmobiliario.com/MLC-1968292601-departamento-vista-oriente-nuevo-en-macul-_JM
BAJA,4021096898,Metro Macul,macul,departamento,venta,3000.0,,52,55,2,2,titulo_corto_tipo_nombre,https://portalinmobiliario.com/MLC-4021096898-metro-macul-_JM
BAJA,2063337411,Avda Quilin / Siria,macul,departamento,venta,2500.0,,48,52,2,1,titulo_corto_tipo_nombre,https://portalinmobiliario.com/MLC-2063337411-avda-quilin-siria-_JM
BAJA,4130986584,Vista Despejada- Luminoso- Maiten Propiedades,macul,departamento,venta,3450.0,,59,62,2,2,nombre_de_proyecto,https://portalinmobiliario.com/MLC-4130986584-vista-despejada-luminoso-maiten-propiedades-_JM
BAJA,4021072754,Los Olmos/los Platanos/macul C_423838,macul,departamento,venta,3200.0,,58,60,3,2,titulo_corto_tipo_nombre,https://portalinmobiliario.com/MLC-4021072754-los-olmoslos-platanosmacul-c423838-_JM
BAJA,3991402538,Vista Despejada- Luminoso- Maiten Propiedades,macul,departamento,venta,3450.0,,59,62,2,2,nombre_de_proyecto,https://portalinmobiliario.com/MLC-3991402538-vista-despejada-luminoso-maiten-propiedades-_JM
BAJA,4054615536,Sector Metro Camino Agrícola,macul,departamento,venta,2750.0,,30,39,1,1,titulo_corto_tipo_nombre,https://portalinmobiliario.com/MLC-4054615536-sector-metro-camino-agricola-_JM
BAJA,1968314839,"En El Mejor Barrio De Macul, Depto Cercano A Todo.",macul,departamento,venta,2700.0,,30,36,1,1,nombre_de_proyecto,https://portalinmobiliario.com/MLC-1968314839-en-el-mejor-barrio-de-macul-depto-cercano-a-todo-_JM
BAJA,1877965705,Venta Depto. Sector Residencial En Macul,macul,departamento,venta,5000.0,,94,94,3,3,nombre_de_proyecto,https://portalinmobiliario.com/MLC-1877965705-venta-depto-sector-residencial-en-macul-_JM
BAJA,4217816756,Venta De Departamento En Edificio Vista Andina,macul,departamento,venta,4750.0,,75,75,3,2,nombre_de_proyecto,https://portalinmobiliario.com/MLC-4217816756-venta-de-departamento-en-edificio-vista-andina-_JM
BAJA,4218351944,Moderno Departamento Conectado (79273),macul,departamento,venta,3750.0,,55,59,2,2,titulo_corto_tipo_nombre,https://portalinmobiliario.com/MLC-4218351944-moderno-departamento-conectado-79273-_JM
BAJA,2079808891,Metro Macul,macul,departamento,venta,2700.0,,53,54,2,2,titulo_corto_tipo_nombre,https://portalinmobiliario.com/MLC-2079808891-metro-macul-_JM
BAJA,2074132471,Departamento Vista Despejada (74834),macul,departamento,venta,3550.0,,58,65,2,2,nombre_de_proyecto,https://portalinmobiliario.com/MLC-2074132471-departamento-vista-despejada-74834-_JM
BAJA,4219657846,Gran Depto Penthouse Con Vista Panorámica  Y Terraza 1e  1b,macul,departamento,venta,4400.0,,76,84,3,2,nombre_de_proyecto,https://portalinmobiliario.com/MLC-4219657846-gran-depto-penthouse-con-vista-panoramica-y-terraza-1e-1b-_JM
BAJA,4210791200,"Depto En Vta. En Parque Las Palmas Vespucio, Frente A Metro",macul,departamento,venta,3190.0,,46,49,2,2,nombre_de_proyecto,https://portalinmobiliario.com/MLC-4210791200-depto-en-vta-en-parque-las-palmas-vespucio-frente-a-metro-_JM
BAJA,4211492098,Metro Las Torres,macul,departamento,venta,5800.0,,72,72,3,2,titulo_corto_tipo_nombre,https://portalinmobiliario.com/MLC-4211492098-metro-las-torres-_JM
BAJA,4211492074,Escuela Agrícola Alt. 1700,macul,departamento,venta,3000.0,,57,60,2,1,titulo_corto_tipo_nombre,https://portalinmobiliario.com/MLC-4211492074-escuela-agricola-alt-1700-_JM
BAJA,2084518919,Dos Dormitorios Amplios/estacionamiento&conectividad,macul,departamento,venta,3520.0,,55,58,2,2,titulo_corto_tipo_nombre,https://portalinmobiliario.com/MLC-2084518919-dos-dormitorios-ampliosestacionamientoconectividad-_JM
BAJA,2072646477,Vicuña Mackenna (primer Piso),macul,departamento,venta,2790.0,,30,39,1,1,titulo_corto_tipo_nombre,https://portalinmobiliario.com/MLC-2072646477-vicuna-mackenna-primer-piso-_JM
BAJA,4218753594,Hermoso Departamento Con Vista A La Cordillera,macul,departamento,venta,4350.0,,60,68,2,2,nombre_de_proyecto,https://portalinmobiliario.com/MLC-4218753594-hermoso-departamento-con-vista-a-la-cordillera-_JM
BAJA,2084447349,Vista Despejada - Norte (176885),macul,departamento,venta,3050.0,,49,52,2,2,nombre_de_proyecto,https://portalinmobiliario.com/MLC-2084447349-vista-despejada-norte-176885-_JM
BAJA,2072646571,Precioso Depto Con Patio,macul,departamento,venta,4990.0,,65,118,2,2,titulo_corto_tipo_nombre | superficies_incoherentes,https://portalinmobiliario.com/MLC-2072646571-precioso-depto-con-patio-_JM
BAJA,2079119709,Departamento Macul Los Platanos,macul,departamento,venta,3000.0,,56,60,2,2,titulo_corto_tipo_nombre,https://portalinmobiliario.com/MLC-2079119709-departamento-macul-los-platanos-_JM
BAJA,4229155758,Depto Mariposa Vista Despejada  / Metro Las Torres,macul,departamento,venta,2750.0,,52,56,2,2,nombre_de_proyecto,https://portalinmobiliario.com/MLC-4229155758-depto-mariposa-vista-despejada-metro-las-torres-_JM
BAJA,4042604072,Preciosa Vista Despejada 1d Y 1b Ideal Inversionistas,macul,departamento,venta,2250.0,,38,40,1,1,nombre_de_proyecto,https://portalinmobiliario.com/MLC-4042604072-preciosa-vista-despejada-1d-y-1b-ideal-inversionistas-_JM
BAJA,3824381552,Depto 1d 1b Con Terraza Y Vista Abierta | Macul,macul,departamento,venta,2990.0,,55,47,2,1,nombre_de_proyecto,https://portalinmobiliario.com/MLC-3824381552-depto-1d-1b-con-terraza-y-vista-abierta-macul-_JM
BAJA,2057048823,"Moderno Depto. 2d/1b/1e, 50m2, Condominio Laguna Centro",macul,departamento,venta,3200.0,,44,50,2,1,nombre_de_proyecto,https://portalinmobiliario.com/MLC-2057048823-moderno-depto-2d1b1e-50m2-condominio-laguna-centro-_JM
BAJA,1882148427,"Amplio, Estilo Mariposa",macul,departamento,venta,3800.0,,61,64,2,2,titulo_corto_tipo_nombre,https://portalinmobiliario.com/MLC-1882148427-amplio-estilo-mariposa-_JM
BAJA,2061588365,Departamento 3 Dormitorios 2 B Vista Despejada (175579),macul,departamento,venta,4350.0,,76,84,3,2,nombre_de_proyecto,https://portalinmobiliario.com/MLC-2061588365-departamento-3-dormitorios-2-b-vista-despejada-175579-_JM
BAJA,1891052017,Metro Carlos Valdovinos 1d1b,macul,departamento,venta,2100.0,,35,40,1,1,titulo_corto_tipo_nombre,https://portalinmobiliario.com/MLC-1891052017-metro-carlos-valdovinos-1d1b-_JM
BAJA,4168145882,Luis Valenzuela Aris 3220,macul,departamento,venta,3680.0,,58,62,2,2,titulo_corto_tipo_nombre,https://portalinmobiliario.com/MLC-4168145882-luis-valenzuela-aris-3220-_JM
BAJA,3730259080,Macul/ Depto Nuevo 2d2b,macul,departamento,venta,3800.0,,42,50,2,2,titulo_corto_tipo_nombre,https://portalinmobiliario.com/MLC-3730259080-macul-depto-nuevo-2d2b-_JM
BAJA,4201705052,Madreselvas - P,macul,departamento,venta,4250.0,,63,70,3,2,titulo_corto_tipo_nombre,https://portalinmobiliario.com/MLC-4201705052-madreselvas-p-_JM
BAJA,1867923463,Inversión Con Renta Inmediata: Edificio 10 Studios Arrend...,macul,departamento,venta,10050.0,,305,524,10,10,nombre_de_proyecto,https://portalinmobiliario.com/MLC-1867923463-inversion-con-renta-inmediata-edificio-10-studios-arrend-_JM
BAJA,4201706270,Metro Las Torres,macul,departamento,venta,2800.0,,49,55,2,2,titulo_corto_tipo_nombre,https://portalinmobiliario.com/MLC-4201706270-metro-las-torres-_JM
BAJA,4155685318,"Gran Departamento Mariposa En Condominio Laguna, M...",macul,departamento,venta,3300.0,,60,62,2,2,nombre_de_proyecto,https://portalinmobiliario.com/MLC-4155685318-gran-departamento-mariposa-en-condominio-laguna-m-_JM
BAJA,4201705620,Armando Moock - H,macul,departamento,venta,3600.0,,55,65,2,2,titulo_corto_tipo_nombre,https://portalinmobiliario.com/MLC-4201705620-armando-moock-h-_JM
BAJA,3763395586,"Nuevos 2d En Suite. Condominio Equipado. Metro Araya, Macul",macul,departamento,venta,4073.0,,47,52,2,2,nombre_de_proyecto,https://portalinmobiliario.com/MLC-3763395586-nuevos-2d-en-suite-condominio-equipado-metro-araya-macul-_JM
BAJA,3763247130,"Proyecto Residencial Excelente Condominio, Metro R. De Araya",macul,departamento,venta,3335.0,,38,43,2,1,nombre_de_proyecto,https://portalinmobiliario.com/MLC-3763247130-proyecto-residencial-excelente-condominio-metro-r-de-araya-_JM
BAJA,4173922498,Cocina Independiente! (169569),macul,departamento,venta,3990.0,,58,62,2,2,titulo_corto_tipo_nombre,https://portalinmobiliario.com/MLC-4173922498-cocina-independiente-169569-_JM
BAJA,4188274588,Los Olmos-macul,macul,departamento,venta,4500.0,,80,80,2,2,titulo_corto_tipo_nombre,https://portalinmobiliario.com/MLC-4188274588-los-olmos-macul-_JM
BAJA,3989431248,Gran Dpto En Macul,macul,departamento,venta,4850.0,,81,85,3,2,titulo_corto_tipo_nombre,https://portalinmobiliario.com/MLC-3989431248-gran-dpto-en-macul-_JM
BAJA,4143696444,Departamento En Condominio 3 Dorm.2 Baños En Macul,macul,departamento,venta,4550.0,,69,75,3,2,nombre_de_proyecto,https://portalinmobiliario.com/MLC-4143696444-departamento-en-condominio-3-dorm2-banos-en-macul-_JM
BAJA,3871138988,Departamento Macul,macul,departamento,venta,3600.0,,70,,3,2,titulo_corto_tipo_nombre,https://portalinmobiliario.com/MLC-3871138988-departamento-macul-_JM
BAJA,1896752961,Exequiel Fernandez/macul,macul,departamento,venta,4530.0,,57,62,2,2,titulo_corto_tipo_nombre,https://portalinmobiliario.com/MLC-1896752961-exequiel-fernandezmacul-_JM
BAJA,4182754932,Venta Depto 2h2b1e1b Madreselvas Macul Sector Residencial,macul,departamento,venta,3600.0,,57,57,2,2,nombre_de_proyecto,https://portalinmobiliario.com/MLC-4182754932-venta-depto-2h2b1e1b-madreselvas-macul-sector-residencial-_JM
BAJA,2050886371,Excelente Ubicación (172961),macul,departamento,venta,4500.0,183801555,58,63,,,titulo_corto_tipo_nombre,https://portalinmobiliario.com/MLC-2050886371-excelente-ubicacion-172961-_JM
BAJA,4201706402,"Precio Especial, Barrio Cívico",macul,departamento,venta,3288.0,,44,46,2,1,nombre_de_proyecto,https://portalinmobiliario.com/MLC-4201706402-precio-especial-barrio-civico-_JM
BAJA,1949778027,Departamento Santa Cristina Id: 151793,macul,departamento,venta,4990.0,,65,118,2,2,superficies_incoherentes,https://portalinmobiliario.com/MLC-1949778027-departamento-santa-cristina-id-151793-_JM
BAJA,2035103981,Venta Departamento Macul (173762),macul,departamento,venta,2800.0,,50,54,2,2,titulo_corto_tipo_nombre,https://portalinmobiliario.com/MLC-2035103981-venta-departamento-macul-173762-_JM
BAJA,2020097733,Vende Departamento Macul,macul,departamento,venta,2990.0,,58,60,2,2,titulo_corto_tipo_nombre,https://portalinmobiliario.com/MLC-2020097733-vende-departamento-macul-_JM
BAJA,4201707072,Hermoso Departamento Nuevo,macul,departamento,venta,3950.0,,68,70,2,2,titulo_corto_tipo_nombre,https://portalinmobiliario.com/MLC-4201707072-hermoso-departamento-nuevo-_JM
BAJA,4191870246,Práctico Y Cómodo Departamento En Condominio  (158690),macul,departamento,venta,3200.0,,56,58,3,2,nombre_de_proyecto,https://portalinmobiliario.com/MLC-4191870246-practico-y-comodo-departamento-en-condominio-158690-_JM
BAJA,4027748530,Vende Dpto Edificio Acción Vespucio / 2d 2b,macul,departamento,venta,2990.0,,58,60,2,2,nombre_de_proyecto,https://portalinmobiliario.com/MLC-4027748530-vende-dpto-edificio-accion-vespucio-2d-2b-_JM
BAJA,4182777720,Metro Macul / Condominio / Ideal Inversion,macul,departamento,venta,3100.0,,50,55,2,2,nombre_de_proyecto,https://portalinmobiliario.com/MLC-4182777720-metro-macul-condominio-ideal-inversion-_JM
BAJA,4206492298,Oportunidad  Excelente Departamento  2d Y 2b Estilo Mariposa,macul,departamento,venta,2600.0,,3,45,2,2,superficies_incoherentes | m2_util_minimo_de_rango,https://portalinmobiliario.com/MLC-4206492298-oportunidad-excelente-departamento-2d-y-2b-estilo-mariposa-_JM
BAJA,4191871788,Excelente  Condominio Los Andes Comuna Macul Lado Metro,macul,departamento,venta,4112.0,167953776,70,76,,2,nombre_de_proyecto,https://portalinmobiliario.com/MLC-4191871788-excelente-condominio-los-andes-comuna-macul-lado-metro-_JM
BAJA,2071198155,Santa Cristina/ Edificio Fai Origen (171381),macul,departamento,venta,4600.0,,60,64,2,2,nombre_de_proyecto,https://portalinmobiliario.com/MLC-2071198155-santa-cristina-edificio-fai-origen-171381-_JM
BAJA,4097808918,Venta Departamento,macul,departamento,venta,,105000000.0,60,60,3,1,titulo_corto_tipo_nombre,https://portalinmobiliario.com/MLC-4097808918-venta-departamento-_JM
BAJA,4151685844,Av Macul (133746),macul,departamento,venta,5700.0,,93,97,4,3,titulo_corto_tipo_nombre,https://portalinmobiliario.com/MLC-4151685844-av-macul-133746-_JM
BAJA,1968327621,"Excelente, Condominio Seguro, 2 Estac &#43; 2 Bodega",macul,departamento,venta,5200.0,,91,101,3,2,nombre_de_proyecto,https://portalinmobiliario.com/MLC-1968327621-excelente-condominio-seguro-2-estac-43-2-bodega-_JM
BAJA,3989434042,"Tradicional Barrio En Macul, Cercano A Todo.",macul,departamento,venta,,120000000.0,70,70,2,1,nombre_de_proyecto,https://portalinmobiliario.com/MLC-3989434042-tradicional-barrio-en-macul-cercano-a-todo-_JM
BAJA,3968071676,Departamento 3d 2b Vista Despejada Macul,macul,departamento,venta,3550.0,,64,66,3,2,nombre_de_proyecto,https://portalinmobiliario.com/MLC-3968071676-departamento-3d-2b-vista-despejada-macul-_JM
BAJA,1953767717,"Venta Departamento En Parque Las Palmas Vespucio 6405, Macul",macul,departamento,venta,3190.0,,52,55,2,2,nombre_de_proyecto,https://portalinmobiliario.com/MLC-1953767717-venta-departamento-en-parque-las-palmas-vespucio-6405-macul-_JM
BAJA,3742367806,Departamento Familiar 3d 2d. Sector Residencial De Macul,macul,departamento,venta,,130000000.0,58,60,3,2,nombre_de_proyecto,https://portalinmobiliario.com/MLC-3742367806-departamento-familiar-3d-2d-sector-residencial-de-macul-_JM
BAJA,4047672798,Inmejorable Vista/ Metro Agrícola,macul,departamento,venta,2280.0,,40,41,1,1,titulo_corto_tipo_nombre,https://portalinmobiliario.com/MLC-4047672798-inmejorable-vista-metro-agricola-_JM
BAJA,4151737028,Venta Departamento Macul (128024),macul,departamento,venta,2250.0,,33,38,1,1,titulo_corto_tipo_nombre,https://portalinmobiliario.com/MLC-4151737028-venta-departamento-macul-128024-_JM
BAJA,1914928059,Metro Rodrigo De Araya,macul,departamento,venta,,69999999.0,35,35,1,1,titulo_corto_tipo_nombre,https://portalinmobiliario.com/MLC-1914928059-metro-rodrigo-de-araya-_JM
BAJA,1896832871,Dpto. 2d / 2b + Estacionamiento / Vista Despejada,macul,departamento,venta,4000.0,,46,55,2,2,nombre_de_proyecto,https://portalinmobiliario.com/MLC-1896832871-dpto-2d-2b-estacionamiento-vista-despejada-_JM
BAJA,2025084497,Depto Con Hermosa Vista En Macul (114885),macul,departamento,venta,3790.0,154801754,70,74,,,nombre_de_proyecto,https://portalinmobiliario.com/MLC-2025084497-depto-con-hermosa-vista-en-macul-114885-_JM
BAJA,2062073425,Vista Insuperable Depto Mariposa En Plena Av Macul,macul,departamento,venta,3700.0,,65,71,2,2,nombre_de_proyecto,https://portalinmobiliario.com/MLC-2062073425-vista-insuperable-depto-mariposa-en-plena-av-macul-_JM
BAJA,4155693960,Macul  (139399),macul,departamento,venta,3200.0,,50,52,2,2,titulo_corto_tipo_nombre,https://portalinmobiliario.com/MLC-4155693960-macul-139399-_JM
BAJA,4058541402,Gregorio De La Fuente,macul,departamento,venta,2850.0,,53,57,2,2,titulo_corto_tipo_nombre,https://portalinmobiliario.com/MLC-4058541402-gregorio-de-la-fuente-_JM
BAJA,4031339738,"Semi Nuevo, Vista Despejada¡",macul,departamento,venta,2200.0,,32,32,1,1,nombre_de_proyecto,https://portalinmobiliario.com/MLC-4031339738-semi-nuevo-vista-despejada-_JM
BAJA,4161006148,2d |1b Terrazas De Macul | Estacionamiento (174773),macul,departamento,venta,2880.0,,47,53,2,1,nombre_de_proyecto,https://portalinmobiliario.com/MLC-4161006148-2d-1b-terrazas-de-macul-estacionamiento-174773-_JM
BAJA,3798875178,Acogedor Departamento En Condominio Las Palmas,macul,departamento,venta,2600.0,,52,55,2,2,nombre_de_proyecto,https://portalinmobiliario.com/MLC-3798875178-acogedor-departamento-en-condominio-las-palmas-_JM
BAJA,4164837784,Metro Grecia (l4) (174872),macul,departamento,venta,3664.0,,53,56,3,2,titulo_corto_tipo_nombre,https://portalinmobiliario.com/MLC-4164837784-metro-grecia-l4-174872-_JM
BAJA,1978745523,Venta  Departamento  2 Dormitorios 1 Baño. Vista Despejada.,macul,departamento,venta,2270.0,,42,45,2,1,nombre_de_proyecto,https://portalinmobiliario.com/MLC-1978745523-venta-departamento-2-dormitorios-1-bano-vista-despejada-_JM
BAJA,1956510897,Condominio Las Palmas Macul,macul,departamento,venta,,91000000.0,34,37,1,1,nombre_de_proyecto,https://portalinmobiliario.com/MLC-1956510897-condominio-las-palmas-macul-_JM
BAJA,1983514815,Departamento Unico En Distribucion Macul Sector Residencial,macul,departamento,venta,5200.0,,91,101,3,2,nombre_de_proyecto,https://portalinmobiliario.com/MLC-1983514815-departamento-unico-en-distribucion-macul-sector-residencial-_JM
BAJA,4093524292,Futura Estación Metro.,macul,departamento,venta,4900.0,,75,75,3,2,titulo_corto_tipo_nombre,https://portalinmobiliario.com/MLC-4093524292-futura-estacion-metro-_JM
BAJA,4100169120,"Excelente Departamento En Parque Rodrigo De Araya, Macul",macul,departamento,venta,,83000000.0,35,38,2,1,nombre_de_proyecto,https://portalinmobiliario.com/MLC-4100169120-excelente-departamento-en-parque-rodrigo-de-araya-macul-_JM
BAJA,4120943528,Departamento Arturo Prat Id: 142503,macul,departamento,venta,3443.0,,10,10,2,2,m2_util_minimo_de_rango,https://portalinmobiliario.com/MLC-4120943528-departamento-arturo-prat-id-142503-_JM
BAJA,4054789944,Vende Hermoso Departamento,macul,departamento,venta,3890.0,,62,57,2,2,titulo_corto_tipo_nombre,https://portalinmobiliario.com/MLC-4054789944-vende-hermoso-departamento-_JM
BAJA,4045536498,Macul/los Plátanos (97476),macul,departamento,venta,2500.0,,32,32,1,1,titulo_corto_tipo_nombre,https://portalinmobiliario.com/MLC-4045536498-macullos-platanos-97476-_JM
BAJA,4229052448,Acogedor Departamento Vista A La Cordillera,macul,departamento,venta,4600.0,,76,86,3,2,nombre_de_proyecto,https://portalinmobiliario.com/MLC-4229052448-acogedor-departamento-vista-a-la-cordillera-_JM
BAJA,4009582226,A Pasos De Metro Macul En Condominio Con Amenities Únicos,macul,departamento,venta,2980.0,,48,53,2,2,nombre_de_proyecto,https://portalinmobiliario.com/MLC-4009582226-a-pasos-de-metro-macul-en-condominio-con-amenities-unicos-_JM
BAJA,1928353779,Venta Departamento Al Lado Metro Las Rejas Piscina Parques,macul,departamento,venta,2090.0,,36,36,1,1,nombre_de_proyecto,https://portalinmobiliario.com/MLC-1928353779-venta-departamento-al-lado-metro-las-rejas-piscina-parques-_JM
BAJA,1910974485,"Av. Macul 2330, Macul",macul,departamento,venta,5400.0,,70,70,2,2,titulo_corto_tipo_nombre,https://portalinmobiliario.com/MLC-1910974485-av-macul-2330-macul-_JM
BAJA,3827469372,"Av. Quilín 139, Macul",macul,departamento,venta,3150.0,,50,50,2,1,titulo_corto_tipo_nombre,https://portalinmobiliario.com/MLC-3827469372-av-quilin-139-macul-_JM
BAJA,2037566289,Edificio Av. Américo Vespucio (1 Est. 1 Bod.) Vista Norte,macul,departamento,venta,3016.0,,57,63,2,2,nombre_de_proyecto,https://portalinmobiliario.com/MLC-2037566289-edificio-av-americo-vespucio-1-est-1-bod-vista-norte-_JM
BAJA,4143477860,Edificio Av. Américo Vespucio (1 Est. 1 Bod.) Vista Norpon,macul,departamento,venta,3561.0,,72,77,3,2,nombre_de_proyecto,https://portalinmobiliario.com/MLC-4143477860-edificio-av-americo-vespucio-1-est-1-bod-vista-norpon-_JM
BAJA,2037597167,Edificio Av. Américo Vespucio (1 Est. 1 Bod.) Vista Norpon,macul,departamento,venta,3561.0,,72,77,3,2,nombre_de_proyecto,https://portalinmobiliario.com/MLC-2037597167-edificio-av-americo-vespucio-1-est-1-bod-vista-norpon-_JM
BAJA,4143477914,Edificio Los Olmos (1 Est. 1 Bod.) Vista Oriente Piso 10,macul,departamento,venta,3590.0,,50,55,2,2,nombre_de_proyecto,https://portalinmobiliario.com/MLC-4143477914-edificio-los-olmos-1-est-1-bod-vista-oriente-piso-10-_JM
BAJA,2037597163,Edificio Av. Américo Vespucio (1 Est. 1 Bod.) Vista Norpon,macul,departamento,venta,3561.0,,72,77,3,2,nombre_de_proyecto,https://portalinmobiliario.com/MLC-2037597163-edificio-av-americo-vespucio-1-est-1-bod-vista-norpon-_JM
BAJA,2037609763,Edificio Av. Américo Vespucio (1 Est. 1 Bod.) Vista Surpon,macul,departamento,venta,3463.0,,67,72,3,2,nombre_de_proyecto,https://portalinmobiliario.com/MLC-2037609763-edificio-av-americo-vespucio-1-est-1-bod-vista-surpon-_JM
BAJA,2037566285,Edificio Av. Américo Vespucio (1 Est. 1 Bod.) Vista Surpon,macul,departamento,venta,3463.0,,67,72,3,2,nombre_de_proyecto,https://portalinmobiliario.com/MLC-2037566285-edificio-av-americo-vespucio-1-est-1-bod-vista-surpon-_JM
BAJA,2037609767,Edificio Av. Américo Vespucio (1 Est. 1 Bod.) Vista Surpon,macul,departamento,venta,3463.0,,67,72,3,2,nombre_de_proyecto,https://portalinmobiliario.com/MLC-2037609767-edificio-av-americo-vespucio-1-est-1-bod-vista-surpon-_JM
BAJA,2037566391,Edificio Av. Américo Vespucio (1 Est. 1 Bod.) Vista Orient,macul,departamento,venta,4760.0,,57,63,2,2,nombre_de_proyecto,https://portalinmobiliario.com/MLC-2037566391-edificio-av-americo-vespucio-1-est-1-bod-vista-orient-_JM
BAJA,2037597159,Edificio Av. Américo Vespucio (1 Est. 1 Bod.) Vista Norpon,macul,departamento,venta,3708.0,,72,77,3,2,nombre_de_proyecto,https://portalinmobiliario.com/MLC-2037597159-edificio-av-americo-vespucio-1-est-1-bod-vista-norpon-_JM
BAJA,1920403013,Precioso Departamento Ampliado En Exclusivo Condominio Macul,macul,departamento,venta,,125000000.0,60,60,2,1,nombre_de_proyecto,https://portalinmobiliario.com/MLC-1920403013-precioso-departamento-ampliado-en-exclusivo-condominio-macul-_JM
BAJA,2037609567,Edificio Av. Quilín Vista Suroriente Piso 23,macul,departamento,venta,2250.0,,32,37,1,1,nombre_de_proyecto,https://portalinmobiliario.com/MLC-2037609567-edificio-av-quilin-vista-suroriente-piso-23-_JM
BAJA,2037596923,Edificio Av. Quilín (1 Est. 1 Bod.) Vista Norponiente Piso,macul,departamento,venta,4110.0,,48,52,2,2,nombre_de_proyecto,https://portalinmobiliario.com/MLC-2037596923-edificio-av-quilin-1-est-1-bod-vista-norponiente-piso-_JM
BAJA,2037609793,Edificio Juan Mitjans Vista Poniente Piso 6,macul,departamento,venta,2700.0,,28,36,1,1,nombre_de_proyecto,https://portalinmobiliario.com/MLC-2037609793-edificio-juan-mitjans-vista-poniente-piso-6-_JM
BAJA,2037566145,Edificio Av. Américo Vespucio Vista Norte Piso 9,macul,departamento,venta,2515.0,,35,38,1,1,nombre_de_proyecto,https://portalinmobiliario.com/MLC-2037566145-edificio-av-americo-vespucio-vista-norte-piso-9-_JM
BAJA,2037596975,Edificio Av Macul (1 Est. 1 Bod.) Vista Norte Piso 3,macul,departamento,venta,4582.0,,70,80,3,2,nombre_de_proyecto,https://portalinmobiliario.com/MLC-2037596975-edificio-av-macul-1-est-1-bod-vista-norte-piso-3-_JM
BAJA,2037597601,Edificio Av. Américo Vespucio (1 Est. 1 Bod.) Vista Norte,macul,departamento,venta,2604.0,,30,65,1,1,nombre_de_proyecto | superficies_incoherentes,https://portalinmobiliario.com/MLC-2037597601-edificio-av-americo-vespucio-1-est-1-bod-vista-norte-_JM
BAJA,1890501017,"Espacioso 1d1b, Vista Despejada, Luminoso. Laguna Navegable",macul,departamento,venta,2300.0,,34,38,1,1,nombre_de_proyecto,https://portalinmobiliario.com/MLC-1890501017-espacioso-1d1b-vista-despejada-luminoso-laguna-navegable-_JM
BAJA,2020676411,Acogedor Departamento En Pleno Barrio Universitario,macul,departamento,venta,1800.0,,28,28,1,1,nombre_de_proyecto,https://portalinmobiliario.com/MLC-2020676411-acogedor-departamento-en-pleno-barrio-universitario-_JM
BAJA,1932623625,Departamento Condominio Laguna Centro / 1d+1b,macul,departamento,venta,1990.0,,32,37,1,1,nombre_de_proyecto,https://portalinmobiliario.com/MLC-1932623625-departamento-condominio-laguna-centro-1d1b-_JM
BAJA,3842771092,"Precioso Dpto. Nuevo 2d/2b En Condominio EquiPadísimo, Macul",macul,departamento,venta,3600.0,,55,55,2,2,nombre_de_proyecto,https://portalinmobiliario.com/MLC-3842771092-precioso-dpto-nuevo-2d2b-en-condominio-equipadisimo-macul-_JM
BAJA,2037566171,Edificio Los Olmos (1 Est.) Piso 3,macul,departamento,venta,2883.0,,,,3,2,nombre_de_proyecto,https://portalinmobiliario.com/MLC-2037566171-edificio-los-olmos-1-est-piso-3-_JM
BAJA,2037566283,Edificio Av. Américo Vespucio (1 Est. 1 Bod.) Vista Surpon,macul,departamento,venta,3463.0,,67,72,3,2,nombre_de_proyecto,https://portalinmobiliario.com/MLC-2037566283-edificio-av-americo-vespucio-1-est-1-bod-vista-surpon-_JM
BAJA,4143477854,Edificio Av. Américo Vespucio (1 Est. 1 Bod.) Vista Surpon,macul,departamento,venta,3463.0,,67,72,3,2,nombre_de_proyecto,https://portalinmobiliario.com/MLC-4143477854-edificio-av-americo-vespucio-1-est-1-bod-vista-surpon-_JM
BAJA,3864076836,Camino Agricola,macul,departamento,venta,3185.0,,63,63,2,2,titulo_corto_tipo_nombre,https://portalinmobiliario.com/MLC-3864076836-camino-agricola-_JM
BAJA,3767842178,Oport Depto 1d1b En Resort Urbano ¡ideal Inv O Primer Hogar!,macul,departamento,venta,2050.0,,35,40,1,1,nombre_de_proyecto,https://portalinmobiliario.com/MLC-3767842178-oport-depto-1d1b-en-resort-urbano-ideal-inv-o-primer-hogar-_JM
BAJA,1919254545,"Moderno Dpto De 3d 2b En Condominio Las Palmas, Macul",macul,departamento,venta,3535.0,,64,68,3,2,nombre_de_proyecto,https://portalinmobiliario.com/MLC-1919254545-moderno-dpto-de-3d-2b-en-condominio-las-palmas-macul-_JM
BAJA,1986968729,Amplio Departamento En Macul,macul,departamento,venta,4400.0,,78,95,3,2,titulo_corto_tipo_nombre,https://portalinmobiliario.com/MLC-1986968729-amplio-departamento-en-macul-_JM
BAJA,4064402724,Dep 2d2b Eb En Exclusivo Condominio Sin Comision,macul,departamento,venta,4900.0,,72,80,2,2,nombre_de_proyecto,https://portalinmobiliario.com/MLC-4064402724-dep-2d2b-eb-en-exclusivo-condominio-sin-comision-_JM
BAJA,2005991285,Oport Única! Depto 2d1b1e1b Resort Urbano Precio Insuperable,macul,departamento,venta,2800.0,,43,49,2,1,nombre_de_proyecto,https://portalinmobiliario.com/MLC-2005991285-oport-unica-depto-2d1b1e1b-resort-urbano-precio-insuperable-_JM
BAJA,1988147657,"Depto. 1d, 1bodega, Terraza En Gran Condominio",macul,departamento,venta,2350.0,,32,35,1,1,nombre_de_proyecto,https://portalinmobiliario.com/MLC-1988147657-depto-1d-1bodega-terraza-en-gran-condominio-_JM
BAJA,4234292930,Estudio Vista Oriente. Metro Camino Agrícola,macul,departamento,venta,1690.0,,25,28,1,1,nombre_de_proyecto,https://portalinmobiliario.com/MLC-4234292930-estudio-vista-oriente-metro-camino-agricola-_JM
BAJA,3968825206,Entrega Inmediata,macul,departamento,venta,,91000000.0,46,46,2,1,titulo_corto_tipo_nombre,https://portalinmobiliario.com/MLC-3968825206-entrega-inmediata-_JM
BAJA,1865511775,Metro Agricola,macul,departamento,venta,2500.0,,40,43,1,1,titulo_corto_tipo_nombre,https://portalinmobiliario.com/MLC-1865511775-metro-agricola-_JM
BAJA,4064385990,Metro Las Torres,macul,departamento,venta,2650.0,,51,55,2,2,titulo_corto_tipo_nombre,https://portalinmobiliario.com/MLC-4064385990-metro-las-torres-_JM
BAJA,3760081864,Acogedor Y Luminoso Dpto 2 Dor. Condominio Las Palmas,macul,departamento,venta,2950.0,,51,54,2,2,nombre_de_proyecto,https://portalinmobiliario.com/MLC-3760081864-acogedor-y-luminoso-dpto-2-dor-condominio-las-palmas-_JM
BAJA,3862098318,Departamento Con Espectacular Vista!,macul,departamento,venta,3100.0,,53,60,2,1,titulo_corto_tipo_nombre,https://portalinmobiliario.com/MLC-3862098318-departamento-con-espectacular-vista-_JM
BAJA,1949782291,"Uf. 2.090 Lindo Departamento, Edificio Equipadisimo",macul,departamento,venta,2090.0,,36,40,1,1,nombre_de_proyecto,https://portalinmobiliario.com/MLC-1949782291-uf-2090-lindo-departamento-edificio-equipadisimo-_JM
BAJA,1923765317,Metro Quilin,macul,departamento,venta,2070.0,,30,30,1,1,titulo_corto_tipo_nombre,https://portalinmobiliario.com/MLC-1923765317-metro-quilin-_JM
BAJA,2046359957,¡acogedor Home Estudio En Barrio Universitario De Macul!,macul,departamento,venta,,60000000.0,28,29,1,1,nombre_de_proyecto,https://portalinmobiliario.com/MLC-2046359957-acogedor-home-estudio-en-barrio-universitario-de-macul-_JM
BAJA,1961555957,Departamento En Macul,macul,departamento,venta,3999.0,,46,,2,2,titulo_corto_tipo_nombre,https://portalinmobiliario.com/MLC-1961555957-departamento-en-macul-_JM
BAJA,3866524782,Departamento En Venta En Macul,macul,departamento,venta,,69000000.0,27,51,3,1,superficies_incoherentes,https://portalinmobiliario.com/MLC-3866524782-departamento-en-venta-en-macul-_JM
BAJA,3973054364,Venta Depto Macul,macul,departamento,venta,1789.0,,27,30,1,1,titulo_corto_tipo_nombre,https://portalinmobiliario.com/MLC-3973054364-venta-depto-macul-_JM
BAJA,3867131556,Macul - Quilin,macul,departamento,venta,3600.0,,52,57,2,2,titulo_corto_tipo_nombre,https://portalinmobiliario.com/MLC-3867131556-macul-quilin-_JM
BAJA,3893377444,Venta Departamento Condominio Laguna Centro,macul,departamento,venta,2350.0,,34,36,1,1,nombre_de_proyecto,https://portalinmobiliario.com/MLC-3893377444-venta-departamento-condominio-laguna-centro-_JM
BAJA,1932616967,Hermoso Depto Vista Despejada Comuna Macul,macul,departamento,venta,,168000000.0,77,81,3,2,nombre_de_proyecto,https://portalinmobiliario.com/MLC-1932616967-hermoso-depto-vista-despejada-comuna-macul-_JM
BAJA,2007811255,"Venta,departamento,macul,2dormitorios 2baños,estacionamiento",macul,departamento,venta,2850.0,,47,49,2,2,titulo_corto_tipo_nombre,https://portalinmobiliario.com/MLC-2007811255-ventadepartamentomacul2dormitorios-2banosestacionamiento-_JM
BAJA,3902079824,Hermoso Dpto En Macul/quilin Con Vista Despejada,macul,departamento,venta,4000.0,,74,74,2,2,nombre_de_proyecto,https://portalinmobiliario.com/MLC-3902079824-hermoso-dpto-en-maculquilin-con-vista-despejada-_JM
BAJA,3723252142,"Condominio Los Viñedos  , 2 Dorm , Metro Los Presidentes",macul,departamento,venta,1690.0,,48,48,2,1,nombre_de_proyecto,https://portalinmobiliario.com/MLC-3723252142-condominio-los-vinedos-2-dorm-metro-los-presidentes-_JM
BAJA,3794505704,Departamento En Macul.,macul,departamento,venta,3946.0,,81,,3,2,titulo_corto_tipo_nombre,https://portalinmobiliario.com/MLC-3794505704-departamento-en-macul-_JM
BAJA,4087076096,Amplio Departamento De 3d/2b En Condominio Con Laguna!,macul,departamento,venta,3990.0,,61,67,3,2,nombre_de_proyecto,https://portalinmobiliario.com/MLC-4087076096-amplio-departamento-de-3d2b-en-condominio-con-laguna-_JM
BAJA,4134304360,Metro Macul / Condominio / Nuevo Precio,macul,departamento,venta,2900.0,,51,58,2,2,nombre_de_proyecto,https://portalinmobiliario.com/MLC-4134304360-metro-macul-condominio-nuevo-precio-_JM
BAJA,4134714602,Metro Macul / Condominio / Ideal Inversión,macul,departamento,venta,3100.0,,51,55,2,2,nombre_de_proyecto,https://portalinmobiliario.com/MLC-4134714602-metro-macul-condominio-ideal-inversion-_JM
BAJA,4044510982,En Condominio/excelente Ubicación/seguridad,macul,departamento,venta,2250.0,,30,32,1,1,nombre_de_proyecto,https://portalinmobiliario.com/MLC-4044510982-en-condominioexcelente-ubicacionseguridad-_JM
BAJA,4198326192,Departamento En Condominio Cerrado Macul/rodrigo De Araya,macul,departamento,venta,4200.0,,75,90,3,2,nombre_de_proyecto,https://portalinmobiliario.com/MLC-4198326192-departamento-en-condominio-cerrado-maculrodrigo-de-araya-_JM
BAJA,1949398883,Venta Departamento Estudio Macul,macul,departamento,venta,2949.0,,28,35,,1,titulo_corto_tipo_nombre,https://portalinmobiliario.com/MLC-1949398883-venta-departamento-estudio-macul-_JM
BAJA,2071210613,Departamento Macul 2301,macul,departamento,venta,3490.0,,59,67,2,2,titulo_corto_tipo_nombre,https://portalinmobiliario.com/MLC-2071210613-departamento-macul-2301-_JM
BAJA,4205342462,Increíble Depto 1d1b1e1b Macul,macul,departamento,venta,,156000000.0,30,39,1,1,titulo_corto_tipo_nombre,https://portalinmobiliario.com/MLC-4205342462-increible-depto-1d1b1e1b-macul-_JM
BAJA,4188211372,El Baño Tiene Lavadora....hay Dos Piscinas Hay Tres Parques,macul,departamento,venta,,65000000.0,29,29,,1,nombre_de_proyecto,https://portalinmobiliario.com/MLC-4188211372-el-bano-tiene-lavadorahay-dos-piscinas-hay-tres-parques-_JM
BAJA,2079325335,Vista A La Cordillera Y Sin Comisión,macul,departamento,venta,2700.0,,34,37,1,1,nombre_de_proyecto,https://portalinmobiliario.com/MLC-2079325335-vista-a-la-cordillera-y-sin-comision-_JM
BAJA,2074074411,Excelente Departamento Full Conectividad,macul,departamento,venta,4750.0,,72,76,3,2,titulo_corto_tipo_nombre,https://portalinmobiliario.com/MLC-2074074411-excelente-departamento-full-conectividad-_JM
BAJA,4206492772,Departamento Remodelado,macul,departamento,venta,,99000000.0,60,60,3,1,titulo_corto_tipo_nombre,https://portalinmobiliario.com/MLC-4206492772-departamento-remodelado-_JM
BAJA,4235672726,Macul Con Quilin 1d/1b/est/bod Hermosa Vista / Sin Comisión,macul,departamento,venta,3190.0,,39,45,1,1,nombre_de_proyecto,https://portalinmobiliario.com/MLC-4235672726-macul-con-quilin-1d1bestbod-hermosa-vista-sin-comision-_JM
BAJA,4146274966,El Libano / Macul,macul,casa,arriendo,100.0,,184,1200,,,titulo_corto_tipo_nombre,https://portalinmobiliario.com/MLC-4146274966-el-libano-macul-_JM
BAJA,2066638925,Casita Interior,macul,casa,arriendo,,340000.0,20,20,2,1,titulo_corto_tipo_nombre | m2_util_minimo_de_rango,https://portalinmobiliario.com/MLC-2066638925-casita-interior-_JM
BAJA,4098483132,Premio Nobel / Macul,macul,casa,arriendo,,950000.0,93,112,3,2,titulo_corto_tipo_nombre,https://portalinmobiliario.com/MLC-4098483132-premio-nobel-macul-_JM
BAJA,3318539902,Activa Juan Mitjans,macul,departamento,arriendo,,415000.0,36,40,1,1,titulo_corto_tipo_nombre,https://portalinmobiliario.com/MLC-3318539902-activa-juan-mitjans-_JM
BAJA,4138910136,Excelente Departamento Sector Residencial,macul,departamento,arriendo,15.0,,76,80,3,2,nombre_de_proyecto,https://portalinmobiliario.com/MLC-4138910136-excelente-departamento-sector-residencial-_JM
BAJA,2059426515,Estacionam Subterr/ Amplio/2 Aire Acondici/ Piscina/ Quincho,macul,departamento,arriendo,,620000.0,4,61,2,2,superficies_incoherentes | m2_util_minimo_de_rango,https://portalinmobiliario.com/MLC-2059426515-estacionam-subterr-amplio2-aire-acondici-piscina-quincho-_JM
BAJA,4098488196,Depto Estudio Vista Despejada-terraza Xl Excelente Ubicación,macul,departamento,arriendo,,320000.0,34,38,1,1,nombre_de_proyecto,https://portalinmobiliario.com/MLC-4098488196-depto-estudio-vista-despejada-terraza-xl-excelente-ubicacion-_JM
BAJA,4152885530,Departamento Laguna Centro,macul,departamento,arriendo,,320000.0,37,40,1,1,titulo_corto_tipo_nombre,https://portalinmobiliario.com/MLC-4152885530-departamento-laguna-centro-_JM
BAJA,2064049449,Hermoso Home Estudio Con Vista A Cordillera Junto Al Metro,macul,departamento,arriendo,,335000.0,27,30,1,1,nombre_de_proyecto,https://portalinmobiliario.com/MLC-2064049449-hermoso-home-estudio-con-vista-a-cordillera-junto-al-metro-_JM
BAJA,4162522692,Hermos Home Estudio Con Amplia Terraza Junto Almetro,macul,departamento,arriendo,,345000.0,22,30,1,1,nombre_de_proyecto,https://portalinmobiliario.com/MLC-4162522692-hermos-home-estudio-con-amplia-terraza-junto-almetro-_JM
BAJA,1982217885,"Entrega Inmediata, Barrio Macul, Estación Quilín",macul,departamento,arriendo,,430000.0,40,40,2,1,nombre_de_proyecto,https://portalinmobiliario.com/MLC-1982217885-entrega-inmediata-barrio-macul-estacion-quilin-_JM
BAJA,4134830018,"Espectacular Vista Despejada A Cordillera, Amplio, Luminoso",macul,departamento,arriendo,,700000.0,85,91,3,2,nombre_de_proyecto,https://portalinmobiliario.com/MLC-4134830018-espectacular-vista-despejada-a-cordillera-amplio-luminoso-_JM
BAJA,4225143560,Amplio Y Cómodo Departamanento,macul,departamento,arriendo,,450000.0,50,52,2,2,titulo_corto_tipo_nombre,https://portalinmobiliario.com/MLC-4225143560-amplio-y-comodo-departamanento-_JM
BAJA,4241418670,Vista Panoramica  2d 1b 1e 1b Av Departamental 4730,macul,departamento,arriendo,,495000.0,44,51,2,1,nombre_de_proyecto,https://portalinmobiliario.com/MLC-4241418670-vista-panoramica-2d-1b-1e-1b-av-departamental-4730-_JM
BAJA,2073963087,Departamento Con Vista Despejada- Sector Macul,macul,departamento,arriendo,,590000.0,60,71,2,2,nombre_de_proyecto,https://portalinmobiliario.com/MLC-2073963087-departamento-con-vista-despejada-sector-macul-_JM
BAJA,4225061076,Arriendo Departamento 1hab 1ba Macul,macul,departamento,arriendo,,350000.0,27,,1,1,firma_5_campos_vacios,https://portalinmobiliario.com/MLC-4225061076-arriendo-departamento-1hab-1ba-macul-_JM
BAJA,4230685866,Nuevo  Departamento A Estrenar,macul,departamento,arriendo,,500000.0,45,50,2,2,titulo_corto_tipo_nombre,https://portalinmobiliario.com/MLC-4230685866-nuevo-departamento-a-estrenar-_JM
BAJA,4234262924,Vista Despejada! (176715),macul,departamento,arriendo,,550000.0,60,63,2,2,nombre_de_proyecto,https://portalinmobiliario.com/MLC-4234262924-vista-despejada-176715-_JM
BAJA,2087348847,Departamento Ideal Para Familias,macul,departamento,arriendo,,500000.0,40,48,2,1,titulo_corto_tipo_nombre,https://portalinmobiliario.com/MLC-2087348847-departamento-ideal-para-familias-_JM
BAJA,4225846538,Departamento En Arriendo 1d1b En Macul,macul,departamento,arriendo,,380000.0,34,,1,1,firma_5_campos_vacios,https://portalinmobiliario.com/MLC-4225846538-departamento-en-arriendo-1d1b-en-macul-_JM
BAJA,4206488914,Departamento,macul,departamento,arriendo,,570000.0,26,32,2,1,titulo_corto_tipo_nombre,https://portalinmobiliario.com/MLC-4206488914-departamento-_JM
BAJA,4155488012,Home Studio+bodega. Parque Mackenna Macul,macul,departamento,arriendo,,370000.0,26,26,1,1,nombre_de_proyecto,https://portalinmobiliario.com/MLC-4155488012-home-studiobodega-parque-mackenna-macul-_JM
BAJA,4155493470,"Acogedor Departamento Con Hermosa Vista A La Cordillera, Mac",macul,departamento,arriendo,,550000.0,53,56,2,1,nombre_de_proyecto,https://portalinmobiliario.com/MLC-4155493470-acogedor-departamento-con-hermosa-vista-a-la-cordillera-mac-_JM
BAJA,2070935089,Estudio Parque Mackenna Salida Metro Agricola,macul,departamento,arriendo,8.32,340000.0,25,33,,1,nombre_de_proyecto,https://portalinmobiliario.com/MLC-2070935089-estudio-parque-mackenna-salida-metro-agricola-_JM
BAJA,4201737356,Amplio Departamento Con Excelente Vista  (176064),macul,departamento,arriendo,,690000.0,58,58,2,2,nombre_de_proyecto,https://portalinmobiliario.com/MLC-4201737356-amplio-departamento-con-excelente-vista-176064-_JM
BAJA,2070929311,Moderno Depto 2d + 2b Cercano A Metro. (171189),macul,departamento,arriendo,,520000.0,54,,2,2,firma_5_campos_vacios,https://portalinmobiliario.com/MLC-2070929311-moderno-depto-2d-2b-cercano-a-metro-171189-_JM
BAJA,4162526938,Lindo Dpto 1d-1b-1bodega En Condominio Lado Metro Macul.,macul,departamento,arriendo,,400000.0,35,39,1,1,nombre_de_proyecto,https://portalinmobiliario.com/MLC-4162526938-lindo-dpto-1d-1b-1bodega-en-condominio-lado-metro-macul-_JM
BAJA,2076507357,Estrena Moderno Estudio En Macul Con Vista Despejada,macul,departamento,arriendo,,350000.0,28,34,1,1,nombre_de_proyecto,https://portalinmobiliario.com/MLC-2076507357-estrena-moderno-estudio-en-macul-con-vista-despejada-_JM
BAJA,4235680650,Av Macul- Hiperlider Macul- Los Espinos- Macul,macul,departamento,arriendo,,550000.0,8,57,2,2,superficies_incoherentes | m2_util_minimo_de_rango,https://portalinmobiliario.com/MLC-4235680650-av-macul-hiperlider-macul-los-espinos-macul-_JM
BAJA,4223760198,Metro Camino  Agrícola / 1d / 1 B / Estac. / Bodega /oriente,macul,departamento,arriendo,,380000.0,46,,1,1,firma_5_campos_vacios,https://portalinmobiliario.com/MLC-4223760198-metro-camino-agricola-1d-1-b-estac-bodega-oriente-_JM
BAJA,4229750254,Departamento 2d/2b Con Vista A La Cordillera Macul,macul,departamento,arriendo,,520000.0,59,59,2,2,nombre_de_proyecto,https://portalinmobiliario.com/MLC-4229750254-departamento-2d2b-con-vista-a-la-cordillera-macul-_JM
BAJA,2076828441,Moderno Y Nuevo !! Con Vista Despejada !!,macul,departamento,arriendo,,450000.0,43,53,2,1,nombre_de_proyecto,https://portalinmobiliario.com/MLC-2076828441-moderno-y-nuevo-con-vista-despejada--_JM
BAJA,2079753059,Arriendo Moderno Departamento En Macul,macul,departamento,arriendo,,570000.0,60,,2,2,firma_5_campos_vacios,https://portalinmobiliario.com/MLC-2079753059-arriendo-moderno-departamento-en-macul-_JM
BAJA,2079334459,Departamento Con Gran Vista Frente A Metro Macul,macul,departamento,arriendo,,350000.0,42,45,1,1,nombre_de_proyecto,https://portalinmobiliario.com/MLC-2079334459-departamento-con-gran-vista-frente-a-metro-macul-_JM
BAJA,2082077007,Oportunidad!! Vista Despejada Arriendo Depto 1 Dorm En Macul,macul,departamento,arriendo,,375000.0,33,,1,1,firma_5_campos_vacios,https://portalinmobiliario.com/MLC-2082077007-oportunidad-vista-despejada-arriendo-depto-1-dorm-en-macul-_JM
BAJA,4213160638,Departamento En Arriendo,macul,departamento,arriendo,,320000.0,30,,1,1,firma_5_campos_vacios,https://portalinmobiliario.com/MLC-4213160638-departamento-en-arriendo-_JM
BAJA,2068810395,Departamento Amoblado Vista Despejada¡,macul,departamento,arriendo,,350000.0,26,32,,1,nombre_de_proyecto,https://portalinmobiliario.com/MLC-2068810395-departamento-amoblado-vista-despejada-_JM
BAJA,2007823917,Se Arrienda Amplio Depto 2 Dorm- 2 Baños- 1 Estacionamiento,macul,departamento,arriendo,,620000.0,3,58,2,2,superficies_incoherentes | m2_util_minimo_de_rango,https://portalinmobiliario.com/MLC-2007823917-se-arrienda-amplio-depto-2-dorm-2-banos-1-estacionamiento-_JM
BAJA,2063335203,Departamento Amoblado Con Estacionamiento,macul,departamento,arriendo,,410000.0,26,32,,1,titulo_corto_tipo_nombre,https://portalinmobiliario.com/MLC-2063335203-departamento-amoblado-con-estacionamiento-_JM
BAJA,2061564081,"Nuevo 2d+2b, Vista Despejada, Espacio Lavadora, Metro Macul",macul,departamento,arriendo,,470000.0,44,51,2,2,nombre_de_proyecto,https://portalinmobiliario.com/MLC-2061564081-nuevo-2d2b-vista-despejada-espacio-lavadora-metro-macul-_JM
BAJA,4144015822,Comodidad En Macul.cbg,macul,departamento,arriendo,,560000.0,50,50,2,2,titulo_corto_tipo_nombre,https://portalinmobiliario.com/MLC-4144015822-comodidad-en-maculcbg-_JM
BAJA,2042150883,"Casi Nuevo, 1estacionamiento (168631)",macul,departamento,arriendo,,430000.0,36,44,1,1,titulo_corto_tipo_nombre,https://portalinmobiliario.com/MLC-2042150883-casi-nuevo-1estacionamiento-168631-_JM
BAJA,2070929187,Amplio Renovado Vista Despejada 2d (171341),macul,departamento,arriendo,,470000.0,75,78,2,1,nombre_de_proyecto,https://portalinmobiliario.com/MLC-2070929187-amplio-renovado-vista-despejada-2d-171341-_JM
BAJA,2017185983,Home Estudio. A Pasos De Metro Camino Agricola. Macul,macul,departamento,arriendo,8.08,330000.0,28,31,,1,nombre_de_proyecto,https://portalinmobiliario.com/MLC-2017185983-home-estudio-a-pasos-de-metro-camino-agricola-macul-_JM
BAJA,2066640587,Luminoso Departamento En Barrio Tranquilo (175866),macul,departamento,arriendo,,435000.0,36,38,1,1,nombre_de_proyecto,https://portalinmobiliario.com/MLC-2066640587-luminoso-departamento-en-barrio-tranquilo-175866-_JM
BAJA,4210800522,Armando Moock - H,macul,departamento,arriendo,,570000.0,55,57,2,2,titulo_corto_tipo_nombre,https://portalinmobiliario.com/MLC-4210800522-armando-moock-h-_JM
BAJA,2071202591,Depto 2dor 2ba Est Bod Vista Poniente,macul,departamento,arriendo,10.65,435000.0,55,57,,,nombre_de_proyecto,https://portalinmobiliario.com/MLC-2071202591-depto-2dor-2ba-est-bod-vista-poniente-_JM
BAJA,4146267706,Arrienda Departamento Macul/ Madre Selvas,macul,departamento,arriendo,,550000.0,1,1,2,2,m2_util_minimo_de_rango,https://portalinmobiliario.com/MLC-4146267706-arrienda-departamento-macul-madre-selvas-_JM
BAJA,4195736552,Home Estudio Amoblado En Parque Mackenna,macul,departamento,arriendo,,350000.0,25,35,,1,nombre_de_proyecto,https://portalinmobiliario.com/MLC-4195736552-home-estudio-amoblado-en-parque-mackenna-_JM
BAJA,4151691448,A Pasos Del Metro Agrícola | 1d+1b | Condominio Premium,macul,departamento,arriendo,10.0,,40,48,1,1,nombre_de_proyecto,https://portalinmobiliario.com/MLC-4151691448-a-pasos-del-metro-agricola-1d1b-condominio-premium-_JM
BAJA,4182752152,Departamento Avd. Macul. Edificio Coipue. Macul.,macul,departamento,arriendo,,480000.0,46,46,1,1,nombre_de_proyecto,https://portalinmobiliario.com/MLC-4182752152-departamento-avd-macul-edificio-coipue-macul-_JM
BAJA,2009520613,"Condominio Muy Comodo, Privilegiada Ubicacion",macul,departamento,arriendo,,490000.0,48,50,2,1,nombre_de_proyecto,https://portalinmobiliario.com/MLC-2009520613-condominio-muy-comodo-privilegiada-ubicacion-_JM
BAJA,2079806339,1 (176572),macul,departamento,arriendo,,850000.0,90,94,3,2,titulo_corto_tipo_nombre,https://portalinmobiliario.com/MLC-2079806339-1-176572-_JM
BAJA,4144014232,"Vista Norte Despejada, Metro E. Agrícola  (173978)",macul,departamento,arriendo,12.24,500000.0,72,75,,,nombre_de_proyecto,https://portalinmobiliario.com/MLC-4144014232-vista-norte-despejada-metro-e-agricola-173978-_JM
BAJA,2061520089,Departamento En Arriendo De 2 Dorm. En Macul,macul,departamento,arriendo,,400000.0,4,4,2,1,m2_util_minimo_de_rango,https://portalinmobiliario.com/MLC-2061520089-departamento-en-arriendo-de-2-dorm-en-macul-_JM
BAJA,4234262114,Vista Panorámica,macul,departamento,arriendo,,570000.0,72,72,2,2,nombre_de_proyecto,https://portalinmobiliario.com/MLC-4234262114-vista-panoramica-_JM
BAJA,2074150525,Dpto Nuevo Jardines De Ramón Cruz 1d1b Estac. Y Bodega,macul,departamento,arriendo,,450000.0,37,45,1,1,nombre_de_proyecto,https://portalinmobiliario.com/MLC-2074150525-dpto-nuevo-jardines-de-ramon-cruz-1d1b-estac-y-bodega-_JM
BAJA,4162495056,"Oferta!!! Depto 2d,1b Laguna Centro, Metro Carlos Valdovinos",macul,departamento,arriendo,,350000.0,3,48,2,1,superficies_incoherentes | m2_util_minimo_de_rango,https://portalinmobiliario.com/MLC-4162495056-oferta-depto-2d1b-laguna-centro-metro-carlos-valdovinos-_JM
BAJA,4105555600,Amplio Departamento En Condominio Cerrado,macul,departamento,arriendo,,400000.0,58,64,2,1,nombre_de_proyecto,https://portalinmobiliario.com/MLC-4105555600-amplio-departamento-en-condominio-cerrado-_JM
BAJA,4182739614,Amoblado / Laguna Centro,macul,departamento,arriendo,,380000.0,40,45,1,,titulo_corto_tipo_nombre,https://portalinmobiliario.com/MLC-4182739614-amoblado-laguna-centro-_JM
BAJA,4170348874,Los Platanos,macul,departamento,arriendo,,580000.0,60,70,2,2,titulo_corto_tipo_nombre,https://portalinmobiliario.com/MLC-4170348874-los-platanos-_JM
BAJA,2068825827,"Metro Quilin 1d1b, Macul",macul,departamento,arriendo,,320000.0,33,33,1,1,titulo_corto_tipo_nombre,https://portalinmobiliario.com/MLC-2068825827-metro-quilin-1d1b-macul-_JM
BAJA,4170192944,Los Platanos,macul,departamento,arriendo,,550000.0,60,70,2,2,titulo_corto_tipo_nombre,https://portalinmobiliario.com/MLC-4170192944-los-platanos-_JM
BAJA,4087329128,Departamento Con Gran Ubicación,macul,departamento,arriendo,10.0,,48,55,2,1,titulo_corto_tipo_nombre,https://portalinmobiliario.com/MLC-4087329128-departamento-con-gran-ubicacion-_JM
BAJA,2049052573,Depto Macul,macul,departamento,arriendo,,680000.0,73,80,3,2,titulo_corto_tipo_nombre,https://portalinmobiliario.com/MLC-2049052573-depto-macul-_JM
BAJA,4094258004,1h+1b+1est+bod - Parque Mackenna. Macul,macul,departamento,arriendo,,500000.0,30,39,1,1,nombre_de_proyecto,https://portalinmobiliario.com/MLC-4094258004-1h1b1estbod-parque-mackenna-macul-_JM
BAJA,4126169072,Hermoso Depto 2d 1b Est Y Bod Sector Residencial Macul,macul,departamento,arriendo,14.0,,65,72,2,1,nombre_de_proyecto,https://portalinmobiliario.com/MLC-4126169072-hermoso-depto-2d-1b-est-y-bod-sector-residencial-macul-_JM
BAJA,4105462428,Cómodo Y Funcional Departamento,macul,departamento,arriendo,,550000.0,60,60,2,2,titulo_corto_tipo_nombre,https://portalinmobiliario.com/MLC-4105462428-comodo-y-funcional-departamento-_JM
BAJA,4217830212,¡luminoso Dpto Parque Mackenna 1d+1b - Macul!,macul,departamento,arriendo,,450000.0,,,1,1,nombre_de_proyecto,https://portalinmobiliario.com/MLC-4217830212-luminoso-dpto-parque-mackenna-1d1b-macul-_JM
BAJA,4234260778,Edificio Nuevo Parque Mackenna 1d+1b Macul,macul,departamento,arriendo,,450000.0,,,1,1,nombre_de_proyecto,https://portalinmobiliario.com/MLC-4234260778-edificio-nuevo-parque-mackenna-1d1b-macul-_JM
BAJA,4241421298,Departamento Luminoso Metro Agricola,macul,departamento,arriendo,,500000.0,45,40,1,1,titulo_corto_tipo_nombre,https://portalinmobiliario.com/MLC-4241421298-departamento-luminoso-metro-agricola-_JM
BAJA,4233326186,Excelente Depto + Est + Bod (condominio Terrazas De Macul),macul,departamento,arriendo,,620000.0,74,82,2,2,nombre_de_proyecto,https://portalinmobiliario.com/MLC-4233326186-excelente-depto-est-bod-condominio-terrazas-de-macul-_JM
BAJA,2020561755,Acogedor Departamento Estudio En Pleno Barrio Universitario.,macul,departamento,arriendo,,350000.0,28,28,1,1,nombre_de_proyecto,https://portalinmobiliario.com/MLC-2020561755-acogedor-departamento-estudio-en-pleno-barrio-universitario-_JM
BAJA,4105566796,Lindo Departamento - Preciosa Vista - Condominio,macul,departamento,arriendo,,730000.0,70,75,3,2,nombre_de_proyecto,https://portalinmobiliario.com/MLC-4105566796-lindo-departamento-preciosa-vista-condominio-_JM
BAJA,4188274268,Departamento Los Clarines,macul,departamento,arriendo,,430000.0,60,53,2,1,titulo_corto_tipo_nombre,https://portalinmobiliario.com/MLC-4188274268-departamento-los-clarines-_JM
BAJA,2017193371,Se Arrienda Departamento Nuevo En Macul -missouri 3885,macul,departamento,arriendo,,190000.0,2,32,1,10,superficies_incoherentes | m2_util_minimo_de_rango,https://portalinmobiliario.com/MLC-2017193371-se-arrienda-departamento-nuevo-en-macul-missouri-3885-_JM
BAJA,4045570716,Departamento Nuevo Amoblado,macul,departamento,arriendo,,490000.0,40,46,2,2,titulo_corto_tipo_nombre,https://portalinmobiliario.com/MLC-4045570716-departamento-nuevo-amoblado-_JM
BAJA,4134822280,"Acogedor Depto 2d + 1 Dorm Homeoffice + Estac Y Bod, Macul.",macul,departamento,arriendo,,580000.0,73,75,3,2,nombre_de_proyecto,https://portalinmobiliario.com/MLC-4134822280-acogedor-depto-2d-1-dorm-homeoffice-estac-y-bod-macul-_JM
BAJA,4089146138,Acogedor Dpto Cercano Mall Plaza Vespucio,macul,departamento,arriendo,,430000.0,45,47,3,1,nombre_de_proyecto,https://portalinmobiliario.com/MLC-4089146138-acogedor-dpto-cercano-mall-plaza-vespucio-_JM
BAJA,2084199967,"1 Dormitorio Con Terraza, Vista Despejada. Macul",macul,departamento,arriendo,,390000.0,35,41,1,1,nombre_de_proyecto,https://portalinmobiliario.com/MLC-2084199967-1-dormitorio-con-terraza-vista-despejada-macul-_JM
BAJA,4234125140,Edificio Av. Departamental Vista Oriente Piso 6,macul,departamento,arriendo,,300000.0,29,35,1,1,nombre_de_proyecto,https://portalinmobiliario.com/MLC-4234125140-edificio-av-departamental-vista-oriente-piso-6-_JM
BAJA,4229758692,Edificio Av. Departamental Vista Sur Piso 5,macul,departamento,arriendo,,430000.0,50,58,2,2,nombre_de_proyecto,https://portalinmobiliario.com/MLC-4229758692-edificio-av-departamental-vista-sur-piso-5-_JM
BAJA,2076839787,Edificio Missouri Vista Oriente Piso 13,macul,departamento,arriendo,,360000.0,30,33,1,1,nombre_de_proyecto,https://portalinmobiliario.com/MLC-2076839787-edificio-missouri-vista-oriente-piso-13-_JM
BAJA,4230660086,Edificio Av. Quilin (1 Bod.) Vista Oriente Piso 19,macul,departamento,arriendo,,370000.0,,,2,1,nombre_de_proyecto,https://portalinmobiliario.com/MLC-4230660086-edificio-av-quilin-1-bod-vista-oriente-piso-19-_JM
BAJA,4211826498,Edificio Luis Valenzuela Aris (1 Est. 1 Bod.) Vista Surponi,macul,departamento,arriendo,,560000.0,62,68,2,2,nombre_de_proyecto,https://portalinmobiliario.com/MLC-4211826498-edificio-luis-valenzuela-aris-1-est-1-bod-vista-surponi-_JM
BAJA,2037561535,Edificio Av. Américo Vespucio Vista Sur Piso 6,macul,departamento,arriendo,,355000.0,31,34,1,1,nombre_de_proyecto,https://portalinmobiliario.com/MLC-2037561535-edificio-av-americo-vespucio-vista-sur-piso-6-_JM
BAJA,2037606773,Edificio Monseñor Carlos Casanueva (1 Bod.) Vista Norte Pi,macul,departamento,arriendo,,470000.0,45,53,2,2,nombre_de_proyecto,https://portalinmobiliario.com/MLC-2037606773-edificio-monsenor-carlos-casanueva-1-bod-vista-norte-pi-_JM
BAJA,4155499368,Edificio Av. Departamental Vista Sur Piso 15,macul,departamento,arriendo,,430000.0,44,50,2,2,nombre_de_proyecto,https://portalinmobiliario.com/MLC-4155499368-edificio-av-departamental-vista-sur-piso-15-_JM
BAJA,4142591526,Edificio Activa Juan Mitjans Vista Norponiente Piso 13,macul,departamento,arriendo,,580000.0,50,58,2,2,nombre_de_proyecto,https://portalinmobiliario.com/MLC-4142591526-edificio-activa-juan-mitjans-vista-norponiente-piso-13-_JM
BAJA,2037561851,Edificio Av. Américo Vespucio (1 Est. 1 Bod.) Vista Ponien,macul,departamento,arriendo,,530000.0,50,59,2,2,nombre_de_proyecto,https://portalinmobiliario.com/MLC-2037561851-edificio-av-americo-vespucio-1-est-1-bod-vista-ponien-_JM
BAJA,2053132963,Edificio Missouri Vista Nororiente Piso 12,macul,departamento,arriendo,,360000.0,30,31,1,1,nombre_de_proyecto,https://portalinmobiliario.com/MLC-2053132963-edificio-missouri-vista-nororiente-piso-12-_JM
BAJA,4155693670,Edificio Av. Departamental Vista Sur Piso 5,macul,departamento,arriendo,,430000.0,44,50,2,2,nombre_de_proyecto,https://portalinmobiliario.com/MLC-4155693670-edificio-av-departamental-vista-sur-piso-5-_JM
BAJA,4191182614,Edificio Av. Américo Vespucio (1 Est.) Vista Norte Piso 1,macul,departamento,arriendo,,500000.0,45,75,2,2,nombre_de_proyecto,https://portalinmobiliario.com/MLC-4191182614-edificio-av-americo-vespucio-1-est-vista-norte-piso-1-_JM
BAJA,2046350085,Edificio Monseñor Carlos Casanueva (1 Est. 1 Bod.) Vista S,macul,departamento,arriendo,,560000.0,44,50,2,1,nombre_de_proyecto,https://portalinmobiliario.com/MLC-2046350085-edificio-monsenor-carlos-casanueva-1-est-1-bod-vista-s-_JM
BAJA,4142643028,Edificio Activa Juan Mitjans Vista Norponiente Piso 17,macul,departamento,arriendo,,595000.0,50,58,2,2,nombre_de_proyecto,https://portalinmobiliario.com/MLC-4142643028-edificio-activa-juan-mitjans-vista-norponiente-piso-17-_JM
BAJA,2037488097,Edificio Av. Quilin (1 Bod.) Vista Oriente Piso 20,macul,departamento,arriendo,,470000.0,39,42,2,2,nombre_de_proyecto,https://portalinmobiliario.com/MLC-2037488097-edificio-av-quilin-1-bod-vista-oriente-piso-20-_JM
BAJA,2048411143,Edificio Activa Juan Mitjans Vista Poniente Piso 16,macul,departamento,arriendo,,595000.0,53,57,2,2,nombre_de_proyecto,https://portalinmobiliario.com/MLC-2048411143-edificio-activa-juan-mitjans-vista-poniente-piso-16-_JM
BAJA,4191867810,Edificio Missouri (1 Bod.) Vista Oriente Piso 12,macul,departamento,arriendo,,525000.0,40,42,2,1,nombre_de_proyecto,https://portalinmobiliario.com/MLC-4191867810-edificio-missouri-1-bod-vista-oriente-piso-12-_JM
BAJA,4161007090,Edificio Av. Quilín Vista Sur Piso 20,macul,departamento,arriendo,,365000.0,35,39,1,1,nombre_de_proyecto,https://portalinmobiliario.com/MLC-4161007090-edificio-av-quilin-vista-sur-piso-20-_JM
BAJA,2037606945,Edificio Exequiel Fernández Vista Sur Piso 6,macul,departamento,arriendo,,460000.0,31,36,1,1,nombre_de_proyecto,https://portalinmobiliario.com/MLC-2037606945-edificio-exequiel-fernandez-vista-sur-piso-6-_JM
BAJA,2053132959,Edificio Missouri Vista Nororiente Piso 14,macul,departamento,arriendo,,360000.0,30,31,1,1,nombre_de_proyecto,https://portalinmobiliario.com/MLC-2053132959-edificio-missouri-vista-nororiente-piso-14-_JM
BAJA,4191867790,Edificio Av. Quilin Vista Norponiente Piso 14,macul,departamento,arriendo,,380000.0,32,39,1,1,nombre_de_proyecto,https://portalinmobiliario.com/MLC-4191867790-edificio-av-quilin-vista-norponiente-piso-14-_JM
BAJA,2037593817,Edificio Av. Macul (1 Bod.) Vista Nororiente Piso 9,macul,departamento,arriendo,,415000.0,34,36,1,1,nombre_de_proyecto,https://portalinmobiliario.com/MLC-2037593817-edificio-av-macul-1-bod-vista-nororiente-piso-9-_JM
BAJA,2037563491,Edificio Av. Quilin Vista Norponiente Piso 15,macul,departamento,arriendo,,380000.0,32,39,1,1,nombre_de_proyecto,https://portalinmobiliario.com/MLC-2037563491-edificio-av-quilin-vista-norponiente-piso-15-_JM
BAJA,2037594351,Edificio Av. Quilin Vista Norponiente Piso 12,macul,departamento,arriendo,,380000.0,32,39,1,1,nombre_de_proyecto,https://portalinmobiliario.com/MLC-2037594351-edificio-av-quilin-vista-norponiente-piso-12-_JM
BAJA,2037563487,Edificio Av. Quilin Vista Poniente Piso 17,macul,departamento,arriendo,,380000.0,32,39,1,1,nombre_de_proyecto,https://portalinmobiliario.com/MLC-2037563487-edificio-av-quilin-vista-poniente-piso-17-_JM
BAJA,2062113677,Edificio Exequiel Fernández Vista Norte Piso 11,macul,departamento,arriendo,,480000.0,33,36,1,1,nombre_de_proyecto,https://portalinmobiliario.com/MLC-2062113677-edificio-exequiel-fernandez-vista-norte-piso-11-_JM
BAJA,2037488115,Edificio Av. Macul Vista Sur Piso 2,macul,departamento,arriendo,,400000.0,34,37,1,1,nombre_de_proyecto,https://portalinmobiliario.com/MLC-2037488115-edificio-av-macul-vista-sur-piso-2-_JM
BAJA,2071210297,Comodo Depto Comuna Macul,macul,departamento,arriendo,,550000.0,43,51,2,2,titulo_corto_tipo_nombre,https://portalinmobiliario.com/MLC-2071210297-comodo-depto-comuna-macul-_JM
BAJA,2084521811,Edificio Exequiel Fernández Vista Norte Piso 9,macul,departamento,arriendo,,380000.0,37,42,1,1,nombre_de_proyecto,https://portalinmobiliario.com/MLC-2084521811-edificio-exequiel-fernandez-vista-norte-piso-9-_JM
BAJA,4164844722,Vista Despejada. 1 Dorm. 1 Baño. Terraza. La Florida,macul,departamento,arriendo,,400000.0,35,41,1,1,nombre_de_proyecto,https://portalinmobiliario.com/MLC-4164844722-vista-despejada-1-dorm-1-bano-terraza-la-florida-_JM
BAJA,2037606697,Edificio Av. Escuela Agrícola (1 Bod.) Vista Norte Piso 16,macul,departamento,arriendo,,500000.0,60,64,2,2,nombre_de_proyecto,https://portalinmobiliario.com/MLC-2037606697-edificio-av-escuela-agricola-1-bod-vista-norte-piso-16-_JM
BAJA,2037606839,Edificio Av. Departamental Vista Poniente Piso 18,macul,departamento,arriendo,,395000.0,41,41,2,1,nombre_de_proyecto,https://portalinmobiliario.com/MLC-2037606839-edificio-av-departamental-vista-poniente-piso-18-_JM
BAJA,4191766478,Edificio Missouri (1 Est. 1 Bod.) Vista Oriente Piso 10,macul,departamento,arriendo,,560000.0,45,47,2,2,nombre_de_proyecto,https://portalinmobiliario.com/MLC-4191766478-edificio-missouri-1-est-1-bod-vista-oriente-piso-10-_JM
BAJA,2037606891,Edificio Missouri Vista Nororiente Piso 15,macul,departamento,arriendo,,360000.0,29,32,1,1,nombre_de_proyecto,https://portalinmobiliario.com/MLC-2037606891-edificio-missouri-vista-nororiente-piso-15-_JM
BAJA,2037486409,Edificio Av. Quilín Vista Nororiente Piso 3,macul,departamento,arriendo,,315000.0,31,36,1,1,nombre_de_proyecto,https://portalinmobiliario.com/MLC-2037486409-edificio-av-quilin-vista-nororiente-piso-3-_JM
BAJA,2037561567,Edificio Activa Juan Mitjans Vista Oriente Piso 10,macul,departamento,arriendo,,575000.0,53,57,2,2,nombre_de_proyecto,https://portalinmobiliario.com/MLC-2037561567-edificio-activa-juan-mitjans-vista-oriente-piso-10-_JM
BAJA,2037563535,Edificio Exequiel Fernández (1 Est.) Vista Poniente Piso 1,macul,departamento,arriendo,,500000.0,42,47,2,1,nombre_de_proyecto,https://portalinmobiliario.com/MLC-2037563535-edificio-exequiel-fernandez-1-est-vista-poniente-piso-1-_JM
BAJA,2039832067,Edificio Monseñor Carlos Casanueva (1 Est. 1 Bod.) Vista N,macul,departamento,arriendo,,545000.0,46,53,2,2,nombre_de_proyecto,https://portalinmobiliario.com/MLC-2039832067-edificio-monsenor-carlos-casanueva-1-est-1-bod-vista-n-_JM
BAJA,4142591520,Edificio Activa Juan Mitjans Piso 2,macul,departamento,arriendo,,415000.0,35,40,1,1,nombre_de_proyecto,https://portalinmobiliario.com/MLC-4142591520-edificio-activa-juan-mitjans-piso-2-_JM
BAJA,2037563689,Edificio Sta. Cristina (1 Est. 1 Bod.) Vista Poniente Piso,macul,departamento,arriendo,,460000.0,28,56,1,1,nombre_de_proyecto | superficies_incoherentes,https://portalinmobiliario.com/MLC-2037563689-edificio-sta-cristina-1-est-1-bod-vista-poniente-piso-_JM
BAJA,2048430259,Edificio Av. Quilin Vista Poniente Piso 24,macul,departamento,arriendo,,350000.0,33,38,1,1,nombre_de_proyecto,https://portalinmobiliario.com/MLC-2048430259-edificio-av-quilin-vista-poniente-piso-24-_JM
BAJA,2037563687,Edificio Av. Macul (1 Bod.) Vista Norte Piso 5,macul,departamento,arriendo,,395000.0,42,44,1,1,nombre_de_proyecto,https://portalinmobiliario.com/MLC-2037563687-edificio-av-macul-1-bod-vista-norte-piso-5-_JM
BAJA,2037563651,Edificio Vicuña Mackenna (1 Bod.) Vista Oriente Piso 8,macul,departamento,arriendo,,350000.0,25,33,,1,nombre_de_proyecto,https://portalinmobiliario.com/MLC-2037563651-edificio-vicuna-mackenna-1-bod-vista-oriente-piso-8-_JM
BAJA,2057142091,Edificio Activa Juan Mitjans Vista Poniente Piso 16,macul,departamento,arriendo,,430000.0,35,40,1,1,nombre_de_proyecto,https://portalinmobiliario.com/MLC-2057142091-edificio-activa-juan-mitjans-vista-poniente-piso-16-_JM
BAJA,4145383792,Depto A Estrenar Condominio Laguna Centro 1d + 1b,macul,departamento,arriendo,,320000.0,38,38,1,1,nombre_de_proyecto,https://portalinmobiliario.com/MLC-4145383792-depto-a-estrenar-condominio-laguna-centro-1d-1b-_JM
BAJA,4142643242,Edificio Av. Américo Vespucio (1 Bod.) Vista Norte Piso 8,macul,departamento,arriendo,,355000.0,28,31,1,1,nombre_de_proyecto,https://portalinmobiliario.com/MLC-4142643242-edificio-av-americo-vespucio-1-bod-vista-norte-piso-8-_JM
BAJA,2037488047,Edificio Av. Quilín (1 Est. 1 Bod.) Vista Suroriente Piso,macul,departamento,arriendo,,415000.0,51,51,2,1,nombre_de_proyecto,https://portalinmobiliario.com/MLC-2037488047-edificio-av-quilin-1-est-1-bod-vista-suroriente-piso-_JM
BAJA,2037606981,Edificio Av. Quilin Vista Norte Piso 10,macul,departamento,arriendo,,340000.0,32,35,1,1,nombre_de_proyecto,https://portalinmobiliario.com/MLC-2037606981-edificio-av-quilin-vista-norte-piso-10-_JM
BAJA,2037488107,Edificio Monseñor Carlos Casanueva Vista Norte Piso 11,macul,departamento,arriendo,,539000.0,58,69,2,2,nombre_de_proyecto,https://portalinmobiliario.com/MLC-2037488107-edificio-monsenor-carlos-casanueva-vista-norte-piso-11-_JM
BAJA,2037605955,Edificio Juan Mitjans Vista Norte Piso 3,macul,departamento,arriendo,,330000.0,28,28,,1,nombre_de_proyecto,https://portalinmobiliario.com/MLC-2037605955-edificio-juan-mitjans-vista-norte-piso-3-_JM
BAJA,2045853645,Edificio Exequiel Fernández (1 Est. 1 Bod.) Vista Sur Piso,macul,departamento,arriendo,,795000.0,60,67,2,2,nombre_de_proyecto,https://portalinmobiliario.com/MLC-2045853645-edificio-exequiel-fernandez-1-est-1-bod-vista-sur-piso-_JM
BAJA,2037563379,Edificio Missouri Vista Oriente Piso 11,macul,departamento,arriendo,,350000.0,29,32,1,1,nombre_de_proyecto,https://portalinmobiliario.com/MLC-2037563379-edificio-missouri-vista-oriente-piso-11-_JM
BAJA,2037594541,Edificio Av. Quilín (1 Est.) Vista Norte Piso 19,macul,departamento,arriendo,,485000.0,35,40,2,1,nombre_de_proyecto,https://portalinmobiliario.com/MLC-2037594541-edificio-av-quilin-1-est-vista-norte-piso-19-_JM
BAJA,2059579499,Metro Macul / Condominio Las Palmas / Entrega Inmediata,macul,departamento,arriendo,,390000.0,35,37,1,1,nombre_de_proyecto,https://portalinmobiliario.com/MLC-2059579499-metro-macul-condominio-las-palmas-entrega-inmediata-_JM
BAJA,2045850527,Edificio Vicuña Mackenna (1 Est. 1 Bod.) Vista Oriente Pis,macul,departamento,arriendo,,345000.0,24,33,,1,nombre_de_proyecto,https://portalinmobiliario.com/MLC-2045850527-edificio-vicuna-mackenna-1-est-1-bod-vista-oriente-pis-_JM
BAJA,4068952278,Metro Agricola,macul,departamento,arriendo,,399990.0,40,42,1,1,titulo_corto_tipo_nombre,https://portalinmobiliario.com/MLC-4068952278-metro-agricola-_JM
BAJA,2007800079,"Departamento  En Parque Mackena,metro Agricola,macul",macul,departamento,arriendo,,500000.0,37,55,1,1,nombre_de_proyecto,https://portalinmobiliario.com/MLC-2007800079-departamento-en-parque-mackenametro-agricolamacul-_JM
BAJA,4142591710,Edificio Av Macul (1 Est.) Vista Sur Piso 2,macul,departamento,arriendo,,490000.0,47,53,2,2,nombre_de_proyecto,https://portalinmobiliario.com/MLC-4142591710-edificio-av-macul-1-est-vista-sur-piso-2-_JM
BAJA,2037487695,Edificio Ramón Cruz Montt Vista Poniente Piso 10,macul,departamento,arriendo,,455000.0,45,48,2,2,nombre_de_proyecto,https://portalinmobiliario.com/MLC-2037487695-edificio-ramon-cruz-montt-vista-poniente-piso-10-_JM
BAJA,4160889260,Edificio Av. Américo Vespucio (1 Bod.) Vista Oriente Piso,macul,departamento,arriendo,,425000.0,46,50,2,2,nombre_de_proyecto,https://portalinmobiliario.com/MLC-4160889260-edificio-av-americo-vespucio-1-bod-vista-oriente-piso-_JM
BAJA,4125904090,"Vista Despejada, 1d1b+est+bx -promo 6 Meses A 380!! -",macul,departamento,arriendo,,410000.0,39,43,1,1,nombre_de_proyecto,https://portalinmobiliario.com/MLC-4125904090-vista-despejada-1d1bestbx-promo-6-meses-a-380--_JM
BAJA,4142643430,Edificio Av. Quilín Vista Norte Piso 4,macul,departamento,arriendo,,350000.0,27,30,,1,nombre_de_proyecto,https://portalinmobiliario.com/MLC-4142643430-edificio-av-quilin-vista-norte-piso-4-_JM
BAJA,4091662026,Los Espinos,macul,departamento,arriendo,,600000.0,58,67,2,2,titulo_corto_tipo_nombre,https://portalinmobiliario.com/MLC-4091662026-los-espinos-_JM
BAJA,2063382879,Home Studio Nuevo En Macul | Edificio Con Piscina Y Cowork,macul,departamento,arriendo,,390000.0,28,35,1,1,nombre_de_proyecto,https://portalinmobiliario.com/MLC-2063382879-home-studio-nuevo-en-macul-edificio-con-piscina-y-cowork-_JM
BAJA,2074153857,Departamento Macul,macul,departamento,arriendo,,370000.0,40,42,1,1,titulo_corto_tipo_nombre,https://portalinmobiliario.com/MLC-2074153857-departamento-macul-_JM
BAJA,4198329006,Departamento Nuevo Tipo Estudio,macul,departamento,arriendo,,380000.0,30,30,1,1,titulo_corto_tipo_nombre,https://portalinmobiliario.com/MLC-4198329006-departamento-nuevo-tipo-estudio-_JM
BAJA,4225062898,Lindo Departamento En Macul,macul,departamento,arriendo,,535000.0,70,70,2,2,titulo_corto_tipo_nombre,https://portalinmobiliario.com/MLC-4225062898-lindo-departamento-en-macul-_JM
BAJA,2048435653,Arriendo Departamento En Macul De 2d-2b-1e,macul,departamento,arriendo,11.0,,5,55,2,2,superficies_incoherentes | m2_util_minimo_de_rango,https://portalinmobiliario.com/MLC-2048435653-arriendo-departamento-en-macul-de-2d-2b-1e-_JM
BAJA,4125910246,Departamento En Condominio Con Laguna,macul,departamento,arriendo,11.02,450000.0,51,44,,,nombre_de_proyecto,https://portalinmobiliario.com/MLC-4125910246-departamento-en-condominio-con-laguna-_JM
BAJA,4145334156,Dpto Nuevo,macul,departamento,arriendo,,420000.0,39,39,1,1,titulo_corto_tipo_nombre,https://portalinmobiliario.com/MLC-4145334156-dpto-nuevo-_JM
BAJA,2041089901,"Departamento Amoblado De 2 D Y 2 B,  + Bodega + Estac",macul,departamento,arriendo,,600000.0,1,1,2,2,m2_util_minimo_de_rango,https://portalinmobiliario.com/MLC-2041089901-departamento-amoblado-de-2-d-y-2-b-bodega-estac-_JM
BAJA,4145409236,Excelente Departamento,macul,departamento,arriendo,,550000.0,60,60,2,2,titulo_corto_tipo_nombre,https://portalinmobiliario.com/MLC-4145409236-excelente-departamento-_JM
BAJA,4145384530,Cerca De Plaza Comercio Locomoción Feria,macul,departamento,arriendo,,460000.0,48,48,2,1,nombre_de_proyecto,https://portalinmobiliario.com/MLC-4145384530-cerca-de-plaza-comercio-locomocion-feria-_JM
BAJA,2049052221,"Hermoso Departamento En Edificio Exequiel Fernández Li , Ubi",macul,departamento,arriendo,,600000.0,58,52,2,2,nombre_de_proyecto,https://portalinmobiliario.com/MLC-2049052221-hermoso-departamento-en-edificio-exequiel-fernandez-li-ubi-_JM
BAJA,2027957241,Depto 2d2b 1e1b Nuevo,macul,departamento,arriendo,,590000.0,60,60,2,2,titulo_corto_tipo_nombre,https://portalinmobiliario.com/MLC-2027957241-depto-2d2b-1e1b-nuevo-_JM
BAJA,4176385500,Se Arrienda Departamento De 4d3b1e1b A Solo Pasos Del Metro,macul,departamento,arriendo,,680000.0,4,100,4,3,superficies_incoherentes | m2_util_minimo_de_rango,https://portalinmobiliario.com/MLC-4176385500-se-arrienda-departamento-de-4d3b1e1b-a-solo-pasos-del-metro-_JM
BAJA,2057129679,Depto Nuevo En Macul | 2d + 2b | Terraza Y Vista Norte,macul,departamento,arriendo,,600000.0,57,64,2,2,nombre_de_proyecto,https://portalinmobiliario.com/MLC-2057129679-depto-nuevo-en-macul-2d-2b-terraza-y-vista-norte-_JM
BAJA,4132769866,Departamento Nuevo A Estrenar,macul,departamento,arriendo,,300000.0,33,36,1,1,titulo_corto_tipo_nombre,https://portalinmobiliario.com/MLC-4132769866-departamento-nuevo-a-estrenar-_JM
BAJA,2089672659,¡departamento Nuevo A Estrenar!,macul,departamento,arriendo,,450000.0,40,40,1,1,titulo_corto_tipo_nombre,https://portalinmobiliario.com/MLC-2089672659-departamento-nuevo-a-estrenar-_JM
BAJA,4241428022,Dpto Interior Entrada Independiente Macul A Pasos Metro,macul,departamento,arriendo,,250000.0,20,20,1,1,m2_util_minimo_de_rango,https://portalinmobiliario.com/MLC-4241428022-dpto-interior-entrada-independiente-macul-a-pasos-metro-_JM
BAJA,4162497044,Moderno Townhouse De Tres Pisos 3d+2b+1e Amplias Terrazas,la-florida,casa,venta,5550.0,,100,115,3,2,nombre_de_proyecto,https://portalinmobiliario.com/MLC-4162497044-moderno-townhouse-de-tres-pisos-3d2b1e-amplias-terrazas-_JM
BAJA,4118615782,Casa En Jardines De La Viña / Rojas Magallanes / Mall Vivo.,la-florida,casa,venta,7650.0,,110,303,4,2,nombre_de_proyecto,https://portalinmobiliario.com/MLC-4118615782-casa-en-jardines-de-la-vina-rojas-magallanes-mall-vivo-_JM
BAJA,4085044350,Casa Estilo Townhouse /condominio / Metro Rojas Magallanes,la-florida,casa,venta,6200.0,,111,110,3,3,nombre_de_proyecto,https://portalinmobiliario.com/MLC-4085044350-casa-estilo-townhouse-condominio-metro-rojas-magallanes-_JM
BAJA,4145329840,"Alto Macul, Hermosa!!!!!  De Lujo !! Totalmente Equipada!!!!",la-florida,casa,venta,10700.0,,159,354,3,3,nombre_de_proyecto,https://portalinmobiliario.com/MLC-4145329840-alto-macul-hermosa-de-lujo-totalmente-equipada-_JM
BAJA,4084964240,"Cas Con Piscina, Quincho Dentro De Condominio, No Perimetral",la-florida,casa,venta,12250.0,,201,468,5,5,nombre_de_proyecto,https://portalinmobiliario.com/MLC-4084964240-cas-con-piscina-quincho-dentro-de-condominio-no-perimetral-_JM
BAJA,4098495182,"Casa 4 Dormitorios 3 Baños Alto Macul, La Florida.",la-florida,casa,venta,7500.0,,114,275,4,3,nombre_de_proyecto,https://portalinmobiliario.com/MLC-4098495182-casa-4-dormitorios-3-banos-alto-macul-la-florida-_JM
BAJA,3904447430,Condominio Townhouse / Av. Mexico / Diego Portales,la-florida,casa,venta,3700.0,,65,76,3,2,nombre_de_proyecto,https://portalinmobiliario.com/MLC-3904447430-condominio-townhouse-av-mexico-diego-portales-_JM
BAJA,2073902301,Casa Amoblada En Excelente Barrio Cerca Metro Vicente Valdes,la-florida,casa,venta,5800.0,,130,155,4,2,nombre_de_proyecto,https://portalinmobiliario.com/MLC-2073902301-casa-amoblada-en-excelente-barrio-cerca-metro-vicente-valdes-_JM
BAJA,2039820787,Propiedad La Florida A Minutos De Mall Plaza Vespucio,la-florida,casa,venta,4800.0,,197,333,3,2,nombre_de_proyecto,https://portalinmobiliario.com/MLC-2039820787-propiedad-la-florida-a-minutos-de-mall-plaza-vespucio-_JM
BAJA,4134299166,Espectacular Casa En Condominio Muy Seguro,la-florida,casa,venta,7900.0,,122,263,4,2,nombre_de_proyecto,https://portalinmobiliario.com/MLC-4134299166-espectacular-casa-en-condominio-muy-seguro-_JM
BAJA,4212550914,"Vive Alto Macul: Piscina, Quincho Y Condominio Seguro",la-florida,casa,venta,7390.0,,108,393,3,3,nombre_de_proyecto,https://portalinmobiliario.com/MLC-4212550914-vive-alto-macul-piscina-quincho-y-condominio-seguro-_JM
BAJA,1845353621,Condominio / Alto Macul,la-florida,casa,venta,7900.0,,109,264,4,3,nombre_de_proyecto,https://portalinmobiliario.com/MLC-1845353621-condominio-alto-macul-_JM
BAJA,3501240744,Jardín Alto / E. Olivares / La Florida,la-florida,casa,venta,,241000000.0,116,178,3,4,nombre_de_proyecto,https://portalinmobiliario.com/MLC-3501240744-jardin-alto-e-olivares-la-florida-_JM
BAJA,3824540626,Jardin Alto / Enrique Olivares,la-florida,casa,venta,,178000001.0,91,140,3,2,nombre_de_proyecto,https://portalinmobiliario.com/MLC-3824540626-jardin-alto-enrique-olivares-_JM
BAJA,1944125639,Microbarrio / Jardín Alto / Piscina,la-florida,casa,venta,,250000000.0,135,200,4,3,nombre_de_proyecto,https://portalinmobiliario.com/MLC-1944125639-microbarrio-jardin-alto-piscina-_JM
BAJA,4212554096,Excelente Casa Ubicada En Sector Residencial.,la-florida,casa,venta,6170.0,,300,300,4,2,nombre_de_proyecto,https://portalinmobiliario.com/MLC-4212554096-excelente-casa-ubicada-en-sector-residencial-_JM
BAJA,2055381843,Casa Full Remodelada Sin Comision Cerca Plaza Vespucio,la-florida,casa,venta,,189800000.0,78,135,3,2,nombre_de_proyecto,https://portalinmobiliario.com/MLC-2055381843-casa-full-remodelada-sin-comision-cerca-plaza-vespucio-_JM
BAJA,4225848700,Luminosa Y Cómoda Townhouse 4 Dormitorios,la-florida,casa,venta,6990.0,,109,192,3,3,nombre_de_proyecto,https://portalinmobiliario.com/MLC-4225848700-luminosa-y-comoda-townhouse-4-dormitorios-_JM
BAJA,1861322171,"Venta De Casa En Condominio, Con Excelente Conecti...",la-florida,casa,venta,10600.0,,140,415,5,4,nombre_de_proyecto,https://portalinmobiliario.com/MLC-1861322171-venta-de-casa-en-condominio-con-excelente-conecti-_JM
BAJA,1969418241,"Casa Condominio La Abadia, La Florida",la-florida,casa,venta,5350.0,,83,122,3,3,nombre_de_proyecto,https://portalinmobiliario.com/MLC-1969418241-casa-condominio-la-abadia-la-florida-_JM
BAJA,3912240906,"Impresionante Lodge En La Precordillera, Con Vista Atómica",la-florida,casa,venta,74900.0,,200,160000,5,5,nombre_de_proyecto,https://portalinmobiliario.com/MLC-3912240906-impresionante-lodge-en-la-precordillera-con-vista-atomica-_JM
BAJA,1859477113,Completamente Equipada Y Remodelada Dentro De Condominio,la-florida,casa,venta,15800.0,,210,345,4,4,nombre_de_proyecto,https://portalinmobiliario.com/MLC-1859477113-completamente-equipada-y-remodelada-dentro-de-condominio-_JM
BAJA,1974286079,Estupenda Casa 4 Dormitorios/ Alto Macul,la-florida,casa,venta,10290.0,,140,562,4,3,nombre_de_proyecto,https://portalinmobiliario.com/MLC-1974286079-estupenda-casa-4-dormitorios-alto-macul-_JM
BAJA,4162501568,Venta Townhouse 3 Pisos 100m2 3 Dormitorios Área Residencial,la-florida,casa,venta,5850.0,,100,115,3,2,nombre_de_proyecto,https://portalinmobiliario.com/MLC-4162501568-venta-townhouse-3-pisos-100m2-3-dormitorios-area-residencial-_JM
BAJA,2045860943,Casa En Con Piscina En Condominio Cerrado Con Seguridad 24/7,la-florida,casa,venta,11800.0,,609,609,5,4,nombre_de_proyecto,https://portalinmobiliario.com/MLC-2045860943-casa-en-con-piscina-en-condominio-cerrado-con-seguridad-247-_JM
BAJA,1876748719,Caminable Mall - Acogedora,la-florida,casa,venta,5300.0,,120,188,4,3,titulo_corto_tipo_nombre,https://portalinmobiliario.com/MLC-1876748719-caminable-mall-acogedora-_JM
BAJA,2066641857,"En Microbarrio En La Florida Alto, Maravillosa Vista De Stgo",la-florida,casa,venta,7500.0,,126,329,4,3,nombre_de_proyecto,https://portalinmobiliario.com/MLC-2066641857-en-microbarrio-en-la-florida-alto-maravillosa-vista-de-stgo-_JM
BAJA,4047529732,Casa Metro Los Quillayes,la-florida,casa,venta,3411.0,,83,131,3,2,titulo_corto_tipo_nombre,https://portalinmobiliario.com/MLC-4047529732-casa-metro-los-quillayes-_JM
BAJA,3619459634,Venta Casa En Condominio 3d/2b/2 Estac En La Florida Alto,la-florida,casa,venta,6300.0,,108,108,3,2,nombre_de_proyecto,https://portalinmobiliario.com/MLC-3619459634-venta-casa-en-condominio-3d2b2-estac-en-la-florida-alto-_JM
BAJA,2009493439,"Amplia, Cómoda, En Condominio",la-florida,casa,venta,7900.0,,100,517,3,3,nombre_de_proyecto,https://portalinmobiliario.com/MLC-2009493439-amplia-comoda-en-condominio-_JM
BAJA,1974278775,Las Perdices,la-florida,casa,venta,17500.0,,210,2500,4,3,titulo_corto_tipo_nombre,https://portalinmobiliario.com/MLC-1974278775-las-perdices-_JM
BAJA,1996201085,"Acogedora Casa Residencial, Barrio Consolidado",la-florida,casa,venta,3278.0,,100,132,3,2,nombre_de_proyecto,https://portalinmobiliario.com/MLC-1996201085-acogedora-casa-residencial-barrio-consolidado-_JM
BAJA,1974340781,Rojas Magallanes / Jardin Alto / Oriente,la-florida,casa,venta,6290.0,,140,250,5,4,nombre_de_proyecto,https://portalinmobiliario.com/MLC-1974340781-rojas-magallanes-jardin-alto-oriente-_JM
BAJA,3941852778,"Venta Casa Alto Macul 3d, 3b Piscina Y Quincho",la-florida,casa,venta,7900.0,,108,290,3,3,nombre_de_proyecto,https://portalinmobiliario.com/MLC-3941852778-venta-casa-alto-macul-3d-3b-piscina-y-quincho-_JM
BAJA,1931546149,Venta Casa En Condominio / Alto Macul,la-florida,casa,venta,11290.0,,240,623,5,4,nombre_de_proyecto,https://portalinmobiliario.com/MLC-1931546149-venta-casa-en-condominio-alto-macul-_JM
BAJA,4085044070,Amplia En Barrio Cerrado,la-florida,casa,venta,7200.0,,140,320,5,4,nombre_de_proyecto,https://portalinmobiliario.com/MLC-4085044070-amplia-en-barrio-cerrado-_JM
BAJA,3846821038,Casa Moderna En Alto Macul,la-florida,casa,venta,7800.0,,400,400,4,3,nombre_de_proyecto,https://portalinmobiliario.com/MLC-3846821038-casa-moderna-en-alto-macul-_JM
BAJA,3991397138,Casa En Microbarrio Cerrado,la-florida,casa,venta,,115000000.0,97,100,4,2,titulo_corto_tipo_nombre,https://portalinmobiliario.com/MLC-3991397138-casa-en-microbarrio-cerrado-_JM
BAJA,4228884186,Casa Con Terraza Panorámica Y Vista A Santiago En Alto Macul,la-florida,casa,venta,10490.0,,129,323,3,3,nombre_de_proyecto,https://portalinmobiliario.com/MLC-4228884186-casa-con-terraza-panoramica-y-vista-a-santiago-en-alto-macul-_JM
BAJA,4212615858,"Townhouse En Sector De Palena,confort, Estilo Y Ca...",la-florida,casa,venta,5550.0,,100,115,3,2,nombre_de_proyecto,https://portalinmobiliario.com/MLC-4212615858-townhouse-en-sector-de-palenaconfort-estilo-y-ca-_JM
BAJA,4218352450,Venta Casa La Florida Sector Residencial,la-florida,casa,venta,,175000000.0,67,185,3,2,nombre_de_proyecto,https://portalinmobiliario.com/MLC-4218352450-venta-casa-la-florida-sector-residencial-_JM
BAJA,4230654790,"Bella, Acogedora, Condominio Seguro, Vista (119722)",la-florida,casa,venta,7800.0,,130,264,4,3,nombre_de_proyecto,https://portalinmobiliario.com/MLC-4230654790-bella-acogedora-condominio-seguro-vista-119722-_JM
BAJA,2076801127,"Townhouse, Sector De Palena, Semi Nuevo De 3 Nivel...",la-florida,casa,venta,5850.0,,110,115,3,2,nombre_de_proyecto,https://portalinmobiliario.com/MLC-2076801127-townhouse-sector-de-palena-semi-nuevo-de-3-nivel-_JM
BAJA,4213379700,Casa Dos Pisos Alto Macul (147827),la-florida,casa,venta,7500.0,,120,300,3,3,nombre_de_proyecto,https://portalinmobiliario.com/MLC-4213379700-casa-dos-pisos-alto-macul-147827-_JM
BAJA,4241422712,Espaciosa 5 Dormitorios P.19 La Florida Alto (176900),la-florida,casa,venta,4180.0,,71,189,5,2,nombre_de_proyecto,https://portalinmobiliario.com/MLC-4241422712-espaciosa-5-dormitorios-p19-la-florida-alto-176900-_JM
BAJA,4210790954,Linda Casa,la-florida,casa,venta,3050.0,,103,114,3,2,titulo_corto_tipo_nombre,https://portalinmobiliario.com/MLC-4210790954-linda-casa-_JM
BAJA,4211492332,Venta Casa Condominio Seguro En La Florida,la-florida,casa,venta,3800.0,,61,128,3,2,nombre_de_proyecto,https://portalinmobiliario.com/MLC-4211492332-venta-casa-condominio-seguro-en-la-florida-_JM
BAJA,4211503100,Increible-casa-en-venta-la-florida.,la-florida,casa,venta,9500.0,,250,770,5,5,titulo_corto_tipo_nombre,https://portalinmobiliario.com/MLC-4211503100-increible-casa-en-venta-la-florida-_JM
BAJA,4213382448,Vive La Tranquilidad De Alto Macul,la-florida,casa,venta,8200.0,,114,302,3,3,nombre_de_proyecto,https://portalinmobiliario.com/MLC-4213382448-vive-la-tranquilidad-de-alto-macul-_JM
BAJA,4210791062,Casa Para Remodelar,la-florida,casa,venta,,220000000.0,180,270,4,1,titulo_corto_tipo_nombre,https://portalinmobiliario.com/MLC-4210791062-casa-para-remodelar-_JM
BAJA,4211492114,"Linda Casa En Condominio, Para Llegar Y Habitar",la-florida,casa,venta,8500.0,,113,309,4,3,nombre_de_proyecto,https://portalinmobiliario.com/MLC-4211492114-linda-casa-en-condominio-para-llegar-y-habitar-_JM
BAJA,2079764449,Excelente Estado (172036),la-florida,casa,venta,3800.0,,75,162,3,2,titulo_corto_tipo_nombre,https://portalinmobiliario.com/MLC-2079764449-excelente-estado-172036-_JM
BAJA,2079334651,"Hermosa Y Acogedora Casa En Condominio De Alto Macul, La Flo",la-florida,casa,venta,8990.0,,105,405,3,3,nombre_de_proyecto,https://portalinmobiliario.com/MLC-2079334651-hermosa-y-acogedora-casa-en-condominio-de-alto-macul-la-flo-_JM
BAJA,4210791032,Linda Casa En Alto Macul,la-florida,casa,venta,8500.0,,180,262,3,3,nombre_de_proyecto,https://portalinmobiliario.com/MLC-4210791032-linda-casa-en-alto-macul-_JM
BAJA,4213382058,En Condominio 3 D Y 3 B Remodelada Amplia,la-florida,casa,venta,5700.0,,94,200,3,34,nombre_de_proyecto,https://portalinmobiliario.com/MLC-4213382058-en-condominio-3-d-y-3-b-remodelada-amplia-_JM
BAJA,4212634204,Encantadora Casa De 2 Niveles En Jardín Alto | 3d Y 2 Baños,la-florida,casa,venta,,198000000.0,165,80,3,2,nombre_de_proyecto,https://portalinmobiliario.com/MLC-4212634204-encantadora-casa-de-2-niveles-en-jardin-alto-3d-y-2-banos-_JM
BAJA,2072646491,"Linda Casa, Sector Inmensamente Residencial",la-florida,casa,venta,,395000000.0,117,444,3,2,nombre_de_proyecto,https://portalinmobiliario.com/MLC-2072646491-linda-casa-sector-inmensamente-residencial-_JM
BAJA,2082125437,Venta Casa La Florida,la-florida,casa,venta,6200.0,,116,178,3,4,titulo_corto_tipo_nombre,https://portalinmobiliario.com/MLC-2082125437-venta-casa-la-florida-_JM
BAJA,4230654554,"Venta Townhouse Nueva 3d 3b, La Florida (119844)",la-florida,casa,venta,6490.0,,104,104,3,3,nombre_de_proyecto,https://portalinmobiliario.com/MLC-4230654554-venta-townhouse-nueva-3d-3b-la-florida-119844-_JM
BAJA,2079452547,Jardines De La Viña (176544),la-florida,casa,venta,7900.0,,127,287,3,3,nombre_de_proyecto,https://portalinmobiliario.com/MLC-2079452547-jardines-de-la-vina-176544-_JM
BAJA,3806886030,Casa 4 Dormitorios Condominio Jardines De La Viña La Florida,la-florida,casa,venta,,311990000.0,122,263,4,2,nombre_de_proyecto,https://portalinmobiliario.com/MLC-3806886030-casa-4-dormitorios-condominio-jardines-de-la-vina-la-florida-_JM
BAJA,3563358466,¡exclusivo Townhouse De 3 Pisos En Condominio Tran...,la-florida,casa,venta,6500.0,,89,115,4,3,nombre_de_proyecto,https://portalinmobiliario.com/MLC-3563358466-exclusivo-townhouse-de-3-pisos-en-condominio-tran-_JM
BAJA,1932778277,Casa Familiar En Atractivo Barrio - Villa Quinchamalí,la-florida,casa,venta,,258000000.0,140,200,6,4,nombre_de_proyecto,https://portalinmobiliario.com/MLC-1932778277-casa-familiar-en-atractivo-barrio-villa-quinchamali-_JM
BAJA,1960122387,"Casa En Sector Centrico De La Florida, Residencial...",la-florida,casa,venta,8700.0,,160,300,5,3,nombre_de_proyecto,https://portalinmobiliario.com/MLC-1960122387-casa-en-sector-centrico-de-la-florida-residencial-_JM
BAJA,1968303891,Town House 3d 2b 2e Excelente Estado. Barrio Tranquilo,la-florida,casa,venta,5700.0,,82,110,3,2,nombre_de_proyecto,https://portalinmobiliario.com/MLC-1968303891-town-house-3d-2b-2e-excelente-estado-barrio-tranquilo-_JM
BAJA,4160891070,Casa Con Vista Cordillera En Sector Privilegiado D...,la-florida,casa,venta,7790.0,,120,300,3,3,nombre_de_proyecto,https://portalinmobiliario.com/MLC-4160891070-casa-con-vista-cordillera-en-sector-privilegiado-d-_JM
BAJA,2039833021,(168250),la-florida,casa,venta,,170000000.0,75,,3,2,titulo_corto_tipo_nombre,https://portalinmobiliario.com/MLC-2039833021-168250-_JM
BAJA,4016784970,Inmejorable! Casa En Condominio Sin Gastos Comunes,la-florida,casa,venta,7590.0,,121,251,3,3,nombre_de_proyecto,https://portalinmobiliario.com/MLC-4016784970-inmejorable-casa-en-condominio-sin-gastos-comunes-_JM
BAJA,4161008612,"Townhouse Tríplex 3d+2b, Est, La Florida",la-florida,casa,venta,5550.0,,108,115,3,2,nombre_de_proyecto,https://portalinmobiliario.com/MLC-4161008612-townhouse-triplex-3d2b-est-la-florida-_JM
BAJA,4026673494,Moderna Casa Estilo Townhouse En Condominio La Flo...,la-florida,casa,venta,6700.0,,103,108,4,2,nombre_de_proyecto,https://portalinmobiliario.com/MLC-4026673494-moderna-casa-estilo-townhouse-en-condominio-la-flo-_JM
BAJA,4201744070,Condominio Puerta Blanca,la-florida,casa,venta,7800.0,,108,340,3,3,nombre_de_proyecto,https://portalinmobiliario.com/MLC-4201744070-condominio-puerta-blanca-_JM
BAJA,2063378807,Casa 3 Dormitorios Enrique Olivares Jardin Alto La Florida,la-florida,casa,venta,,172790000.0,91,140,3,2,nombre_de_proyecto,https://portalinmobiliario.com/MLC-2063378807-casa-3-dormitorios-enrique-olivares-jardin-alto-la-florida-_JM
BAJA,3919804370,Casa En Condominio. W. Martínez.3d-2b-e,la-florida,casa,venta,4890.0,,80,107,3,2,nombre_de_proyecto,https://portalinmobiliario.com/MLC-3919804370-casa-en-condominio-w-martinez3d-2b-e-_JM
BAJA,4160981536,"Townhouse Tríplex 3d+2b,3esta, La Florida",la-florida,casa,venta,5850.0,,108,115,3,2,nombre_de_proyecto,https://portalinmobiliario.com/MLC-4160981536-townhouse-triplex-3d2b3esta-la-florida-_JM
BAJA,1949417797,Casa J M Carrera/colombia,la-florida,casa,venta,,144000000.0,130,100,3,2,titulo_corto_tipo_nombre,https://portalinmobiliario.com/MLC-1949417797-casa-j-m-carreracolombia-_JM
BAJA,2031482591,Amplia Y Acogedora Casa 5d 3b 2e - Barrio Residenc...,la-florida,casa,venta,9000.0,,130,303,5,3,nombre_de_proyecto,https://portalinmobiliario.com/MLC-2031482591-amplia-y-acogedora-casa-5d-3b-2e-barrio-residenc-_JM
BAJA,4146273946,"Casa Townhouse, Palena, La Florida, 3d 2b",la-florida,casa,venta,5550.0,,100,115,3,2,nombre_de_proyecto,https://portalinmobiliario.com/MLC-4146273946-casa-townhouse-palena-la-florida-3d-2b-_JM
BAJA,2064054847,"Casa  De Tres Pisos  Amplia Y  Comoda, Barrio Residencial",la-florida,casa,venta,2150.0,87816298,80,116,,,nombre_de_proyecto,https://portalinmobiliario.com/MLC-2064054847-casa-de-tres-pisos-amplia-y-comoda-barrio-residencial-_JM
BAJA,3919817540,Alicahue-rrmagallanes. Casa Amplia,la-florida,casa,venta,7500.0,,150,259,4,4,titulo_corto_tipo_nombre,https://portalinmobiliario.com/MLC-3919817540-alicahue-rrmagallanes-casa-amplia-_JM
BAJA,4179305998,Venta Gran Casa En Micro Barrio Muy Seguro Y Cerra...,la-florida,casa,venta,12000.0,,190,434,5,5,nombre_de_proyecto,https://portalinmobiliario.com/MLC-4179305998-venta-gran-casa-en-micro-barrio-muy-seguro-y-cerra-_JM
BAJA,2053138985,"Casa 4d-3b, Jardines De La Viña, La Florida",la-florida,casa,venta,,310000000.0,140,300,4,3,nombre_de_proyecto,https://portalinmobiliario.com/MLC-2053138985-casa-4d-3b-jardines-de-la-vina-la-florida-_JM
BAJA,4159940866,"Casa 4d-2b En Condominio Seguro, La Florida",la-florida,casa,venta,7900.0,,122,263,4,2,nombre_de_proyecto,https://portalinmobiliario.com/MLC-4159940866-casa-4d-2b-en-condominio-seguro-la-florida-_JM
BAJA,4021118436,3 Dormitorios / Sector Residencial / Areas Verdes,la-florida,casa,venta,,170000000.0,85,100,3,3,nombre_de_proyecto,https://portalinmobiliario.com/MLC-4021118436-3-dormitorios-sector-residencial-areas-verdes-_JM
BAJA,1984854573,Hermosa Y Gran Casa En Alto Macul,la-florida,casa,venta,11200.0,,120,400,5,4,nombre_de_proyecto,https://portalinmobiliario.com/MLC-1984854573-hermosa-y-gran-casa-en-alto-macul-_JM
BAJA,4179336798,Venta Casa De 4dorm 2baños- Jardines De La Viña La Florida,la-florida,casa,venta,7800.0,,108,353,4,2,nombre_de_proyecto,https://portalinmobiliario.com/MLC-4179336798-venta-casa-de-4dorm-2banos-jardines-de-la-vina-la-florida-_JM
BAJA,4198499164,Venta Casa 2 Pisos En Condominio 3d3b En La Florida,la-florida,casa,venta,5900.0,,91,163,3,3,nombre_de_proyecto,https://portalinmobiliario.com/MLC-4198499164-venta-casa-2-pisos-en-condominio-3d3b-en-la-florida-_JM
BAJA,4201743864,Casa Familiar En Condominio  La Florida Alto,la-florida,casa,venta,11000.0,,200,600,4,3,nombre_de_proyecto,https://portalinmobiliario.com/MLC-4201743864-casa-familiar-en-condominio-la-florida-alto-_JM
BAJA,2070820555,Excelente Ubicación En Alto Macul (171223),la-florida,casa,venta,9990.0,,140,444,4,3,nombre_de_proyecto,https://portalinmobiliario.com/MLC-2070820555-excelente-ubicacion-en-alto-macul-171223-_JM
BAJA,4191768812,Colegio American British (164421),la-florida,casa,venta,35000.0,,832,4168,14,9,titulo_corto_tipo_nombre,https://portalinmobiliario.com/MLC-4191768812-colegio-american-british-164421-_JM
BAJA,2042163579,Jardín Alto (116705),la-florida,casa,venta,,235000000.0,118,177,4,4,nombre_de_proyecto,https://portalinmobiliario.com/MLC-2042163579-jardin-alto-116705-_JM
BAJA,4087960976,Hogar Ideal En La Florida: 4d/3b   Condominio.,la-florida,casa,venta,6200.0,,125,183,4,3,nombre_de_proyecto,https://portalinmobiliario.com/MLC-4087960976-hogar-ideal-en-la-florida-4d3b-condominio-_JM
BAJA,1866783631,"Barrio Tradicional, Acceso Metro, Hospitales, Comercio",la-florida,casa,venta,,210000000.0,69,308,3,1,nombre_de_proyecto,https://portalinmobiliario.com/MLC-1866783631-barrio-tradicional-acceso-metro-hospitales-comercio-_JM
BAJA,4170194944,Casa 4 Dormitorios Walker Martinez Jardin Alto La Florida,la-florida,casa,venta,,154990000.0,75,162,4,2,nombre_de_proyecto,https://portalinmobiliario.com/MLC-4170194944-casa-4-dormitorios-walker-martinez-jardin-alto-la-florida-_JM
BAJA,4032153676,Casa Venta La Florida Alto Macul 4d 5b 6e Condominio Piscina,la-florida,casa,venta,14000.0,,300,542,4,5,nombre_de_proyecto,https://portalinmobiliario.com/MLC-4032153676-casa-venta-la-florida-alto-macul-4d-5b-6e-condominio-piscina-_JM
BAJA,3882856186,Activo Inmobiliario Con Alto Potencial En La Florida,la-florida,casa,venta,13800.0,,300,891,14,12,nombre_de_proyecto,https://portalinmobiliario.com/MLC-3882856186-activo-inmobiliario-con-alto-potencial-en-la-florida-_JM
BAJA,3880109128,Alto Macul/boston College (158738),la-florida,casa,venta,12500.0,,220,500,5,5,nombre_de_proyecto,https://portalinmobiliario.com/MLC-3880109128-alto-maculboston-college-158738-_JM
BAJA,4168017390,Jardin Alto (172965),la-florida,casa,venta,4211.06,172000000.0,91,140,,2,nombre_de_proyecto,https://portalinmobiliario.com/MLC-4168017390-jardin-alto-172965-_JM
BAJA,2062074371,"Espectacular Casa De Alto Estándar, Lo Cañas",la-florida,casa,venta,19900.0,,500,1400,5,5,nombre_de_proyecto,https://portalinmobiliario.com/MLC-2062074371-espectacular-casa-de-alto-estandar-lo-canas-_JM
BAJA,2053530901,Hermosa Y Casi Nueva Casa En Alto Macul,la-florida,casa,venta,7500.0,,120,250,3,3,nombre_de_proyecto,https://portalinmobiliario.com/MLC-2053530901-hermosa-y-casi-nueva-casa-en-alto-macul-_JM
BAJA,4182757040,Venta Townhouse Palena (118343),la-florida,casa,venta,4500.0,,69,149,3,2,nombre_de_proyecto,https://portalinmobiliario.com/MLC-4182757040-venta-townhouse-palena-118343-_JM
BAJA,2059587287,Casa 3 Dormitorios Rojas Magallanes Jardin Alto La Florida,la-florida,casa,venta,,184990000.0,64,190,3,2,nombre_de_proyecto,https://portalinmobiliario.com/MLC-2059587287-casa-3-dormitorios-rojas-magallanes-jardin-alto-la-florida-_JM
BAJA,2061516953,Casa En Condominio 5dorm 4baño Piscina Alto Macul La Florida,la-florida,casa,venta,7900.0,,140,401,5,4,nombre_de_proyecto,https://portalinmobiliario.com/MLC-2061516953-casa-en-condominio-5dorm-4bano-piscina-alto-macul-la-florida-_JM
BAJA,2045851007,En Condominio / Camino Del Convento  - Parque Del Monte,la-florida,casa,venta,10900.0,,160,325,5,4,nombre_de_proyecto,https://portalinmobiliario.com/MLC-2045851007-en-condominio-camino-del-convento-parque-del-monte-_JM
BAJA,2039845551,Macul Alto (168373),la-florida,casa,venta,9800.0,,119,350,3,3,nombre_de_proyecto,https://portalinmobiliario.com/MLC-2039845551-macul-alto-168373-_JM
BAJA,4138227388,"Cómoda Casa 4d 2b 1e, Condominio  (173659)",la-florida,casa,venta,7850.0,,122,263,4,2,nombre_de_proyecto,https://portalinmobiliario.com/MLC-4138227388-comoda-casa-4d-2b-1e-condominio-173659-_JM
BAJA,4206487410,"Alto Macul, Condominio, Casa 4d 4b",la-florida,casa,venta,9450.0,,210,400,4,4,nombre_de_proyecto,https://portalinmobiliario.com/MLC-4206487410-alto-macul-condominio-casa-4d-4b-_JM
BAJA,4179306044,Colombia (118120),la-florida,casa,venta,,89000000.0,67,78,3,1,titulo_corto_tipo_nombre,https://portalinmobiliario.com/MLC-4179306044-colombia-118120-_JM
BAJA,4201712390,Venta Casa Amoblada Y Amplia En La Florida Alto Te Esperamos,la-florida,casa,venta,,260000000.0,154,227,4,4,nombre_de_proyecto,https://portalinmobiliario.com/MLC-4201712390-venta-casa-amoblada-y-amplia-en-la-florida-alto-te-esperamos-_JM
BAJA,1999199743,Terreno Para Desarrollo Inmobiliario,la-florida,casa,venta,,500000000.0,117,882,4,2,titulo_corto_tipo_nombre,https://portalinmobiliario.com/MLC-1999199743-terreno-para-desarrollo-inmobiliario-_JM
BAJA,4201743978,Sta. Amalia 768,la-florida,casa,venta,,165000000.0,115,184,4,3,titulo_corto_tipo_nombre,https://portalinmobiliario.com/MLC-4201743978-sta-amalia-768-_JM
BAJA,1913924131,Alto Macul (74850),la-florida,casa,venta,11750.0,,270,520,5,5,nombre_de_proyecto,https://portalinmobiliario.com/MLC-1913924131-alto-macul-74850-_JM
BAJA,2055406923,Segura  Y Comoda Casa En Condominio Alto Macul,la-florida,casa,venta,7800.0,,130,265,4,3,nombre_de_proyecto,https://portalinmobiliario.com/MLC-2055406923-segura-y-comoda-casa-en-condominio-alto-macul-_JM
BAJA,4211503096,Casa-venta-la Florida,la-florida,casa,venta,3690.0,,82,148,4,1,titulo_corto_tipo_nombre,https://portalinmobiliario.com/MLC-4211503096-casa-venta-la-florida-_JM
BAJA,3733315880,"Casa Mediterranea En Condominio, Excelente Ubicaci...",la-florida,casa,venta,4960.0,,80,125,3,2,nombre_de_proyecto,https://portalinmobiliario.com/MLC-3733315880-casa-mediterranea-en-condominio-excelente-ubicaci-_JM
BAJA,1938490485,Tu Hogar Cómodo Y Luminoso En Barrio Residencial |...,la-florida,casa,venta,7850.0,,122,263,4,2,nombre_de_proyecto,https://portalinmobiliario.com/MLC-1938490485-tu-hogar-comodo-y-luminoso-en-barrio-residencial--_JM
BAJA,3854643140,Parcela Con Piscina,la-florida,casa,venta,,360000000.0,107,720,3,2,titulo_corto_tipo_nombre,https://portalinmobiliario.com/MLC-3854643140-parcela-con-piscina-_JM
BAJA,4064394948,Casa 4 Dormitorios Condominio Jardines De La Viña La Florida,la-florida,casa,venta,6950.0,,116,245,4,2,nombre_de_proyecto,https://portalinmobiliario.com/MLC-4064394948-casa-4-dormitorios-condominio-jardines-de-la-vina-la-florida-_JM
BAJA,2020668157,5 Dormitorios Micro Barrio Cerrado Rojas Magallane...,la-florida,casa,venta,7300.0,,140,252,5,4,nombre_de_proyecto,https://portalinmobiliario.com/MLC-2020668157-5-dormitorios-micro-barrio-cerrado-rojas-magallane-_JM
BAJA,4068954836,Casa En Condominio 5d 4b Piscina Y Quincho 425m2 De Terreno,la-florida,casa,venta,10870.0,,174,425,5,4,nombre_de_proyecto,https://portalinmobiliario.com/MLC-4068954836-casa-en-condominio-5d-4b-piscina-y-quincho-425m2-de-terreno-_JM
BAJA,4160887446,Venta Casa Condominio Alto Macul 3d-3b-2e,la-florida,casa,venta,8290.0,,119,481,3,3,nombre_de_proyecto,https://portalinmobiliario.com/MLC-4160887446-venta-casa-condominio-alto-macul-3d-3b-2e-_JM
BAJA,3674253376,Casa Amplia Dos Pisos 5 Dormit Y 3 Baños Condominio,la-florida,casa,venta,7000.0,,240,75,5,3,nombre_de_proyecto,https://portalinmobiliario.com/MLC-3674253376-casa-amplia-dos-pisos-5-dormit-y-3-banos-condominio-_JM
BAJA,4009583264,Alto Macul - Camino Las Carmelitas - 4d/3b/4e,la-florida,casa,venta,8490.0,,138,370,4,3,nombre_de_proyecto,https://portalinmobiliario.com/MLC-4009583264-alto-macul-camino-las-carmelitas-4d3b4e-_JM
BAJA,3790581036,Lo Cañas Casa En Condominio,la-florida,casa,venta,11200.0,,193,430,5,3,nombre_de_proyecto,https://portalinmobiliario.com/MLC-3790581036-lo-canas-casa-en-condominio-_JM
BAJA,1994445003,Casa En Condominio Con Amplio Terreno,la-florida,casa,venta,7280.0,,120,300,3,3,nombre_de_proyecto,https://portalinmobiliario.com/MLC-1994445003-casa-en-condominio-con-amplio-terreno-_JM
BAJA,3828182656,Casa 5 Dormitorios Condominio Alto Macul La Florida,la-florida,casa,venta,9490.0,,210,389,5,4,nombre_de_proyecto,https://portalinmobiliario.com/MLC-3828182656-casa-5-dormitorios-condominio-alto-macul-la-florida-_JM
BAJA,2011955039,Casa Dos Pisos En Sector Residencial De La Florida,la-florida,casa,venta,,92000000.0,75,75,3,1,nombre_de_proyecto,https://portalinmobiliario.com/MLC-2011955039-casa-dos-pisos-en-sector-residencial-de-la-florida-_JM
BAJA,3979106104,Casa Comercial Rojas Magallanes Jardin Alto La Florida,la-florida,casa,venta,,207990000.0,129,157,5,4,nombre_de_proyecto,https://portalinmobiliario.com/MLC-3979106104-casa-comercial-rojas-magallanes-jardin-alto-la-florida-_JM
BAJA,2020678045,Camino De La Vocación / Alto Macul / 3d+3b+estacionamiento,la-florida,casa,venta,7700.0,,120,290,3,3,nombre_de_proyecto,https://portalinmobiliario.com/MLC-2020678045-camino-de-la-vocacion-alto-macul-3d3bestacionamiento-_JM
BAJA,4118641544,Condominio - La Florida Acceso Alto Macul Casa 2 Pisos,la-florida,casa,venta,11300.0,,500,500,5,4,nombre_de_proyecto,https://portalinmobiliario.com/MLC-4118641544-condominio-la-florida-acceso-alto-macul-casa-2-pisos-_JM
BAJA,1949785643,"Casa 4d/3b Rojas Magallanes, Jardines De La Viña",la-florida,casa,venta,,310000000.0,140,300,4,3,nombre_de_proyecto,https://portalinmobiliario.com/MLC-1949785643-casa-4d3b-rojas-magallanes-jardines-de-la-vina-_JM
BAJA,3979980032,Macul Alto,la-florida,casa,venta,12450.0,,220,500,5,5,titulo_corto_tipo_nombre,https://portalinmobiliario.com/MLC-3979980032-macul-alto-_JM
BAJA,2028679493,Alto Macul Venta De Casa Tranquilo Condominio (71732),la-florida,casa,venta,8400.0,,137,330,4,3,nombre_de_proyecto,https://portalinmobiliario.com/MLC-2028679493-alto-macul-venta-de-casa-tranquilo-condominio-71732-_JM
BAJA,2028679477,Venta Townhouse La Florida (71044),la-florida,casa,venta,4800.0,,69,149,3,2,nombre_de_proyecto,https://portalinmobiliario.com/MLC-2028679477-venta-townhouse-la-florida-71044-_JM
BAJA,2070930107,"Alto Macul, Condominio, Linda Casa 3d 3b",la-florida,casa,venta,9490.0,,164,409,3,3,nombre_de_proyecto,https://portalinmobiliario.com/MLC-2070930107-alto-macul-condominio-linda-casa-3d-3b-_JM
BAJA,1932610391,Jardín Alto / Sta Inés,la-florida,casa,venta,5500.0,,114,152,3,2,nombre_de_proyecto,https://portalinmobiliario.com/MLC-1932610391-jardin-alto-sta-ines-_JM
BAJA,4201741240,Metro Macul/ Departamental (107575),la-florida,casa,venta,1990.0,,40,70,3,1,titulo_corto_tipo_nombre,https://portalinmobiliario.com/MLC-4201741240-metro-macul-departamental-107575-_JM
BAJA,4186965146,"Casa 7 Dorm. Las Amapolas, Barrio Las Gardenias, La Florida",la-florida,casa,venta,,180000000.0,198,347,7,4,nombre_de_proyecto,https://portalinmobiliario.com/MLC-4186965146-casa-7-dorm-las-amapolas-barrio-las-gardenias-la-florida-_JM
BAJA,3723348040,Hermosa Propiedad Ubicada En Alto De Macul,la-florida,casa,venta,12750.0,,129,383,6,4,nombre_de_proyecto,https://portalinmobiliario.com/MLC-3723348040-hermosa-propiedad-ubicada-en-alto-de-macul-_JM
BAJA,3719442752,"Venta Casa 3d, 2b Condominio Lientur, Palena, La Florida",la-florida,casa,venta,4850.0,,80,107,3,2,nombre_de_proyecto,https://portalinmobiliario.com/MLC-3719442752-venta-casa-3d-2b-condominio-lientur-palena-la-florida-_JM
BAJA,2019965875,Casa En La Florida,la-florida,casa,venta,2205.0,,58,144,3,1,titulo_corto_tipo_nombre,https://portalinmobiliario.com/MLC-2019965875-casa-en-la-florida-_JM
BAJA,2045841415,Casa Mediterránea En Condomino Vista Cumbre | Alto...,la-florida,casa,venta,10700.0,,159,344,3,2,nombre_de_proyecto,https://portalinmobiliario.com/MLC-2045841415-casa-mediterranea-en-condomino-vista-cumbre-alto-_JM
BAJA,2013910705,"Casa Con La Mejor Vista Muy Bien Cuidada, Llegar Y Habitar!!",la-florida,casa,venta,9990.0,,140,433,5,4,nombre_de_proyecto,https://portalinmobiliario.com/MLC-2013910705-casa-con-la-mejor-vista-muy-bien-cuidada-llegar-y-habitar-_JM
BAJA,4201743968,Casa Alto Macul Excelente,la-florida,casa,venta,6300.0,,94,223,3,2,nombre_de_proyecto,https://portalinmobiliario.com/MLC-4201743968-casa-alto-macul-excelente-_JM
BAJA,3585310706,"El Hualle, Rojas Magallanes, Condominio Jardines De La Viña",la-florida,casa,venta,8145.0,,140,310,5,3,nombre_de_proyecto,https://portalinmobiliario.com/MLC-3585310706-el-hualle-rojas-magallanes-condominio-jardines-de-la-vina-_JM
BAJA,1960137869,Gran Casa Familiar Con Mas De 600m2 Y Vista A  Todo Stgo,la-florida,casa,venta,13800.0,,293,634,6,8,nombre_de_proyecto,https://portalinmobiliario.com/MLC-1960137869-gran-casa-familiar-con-mas-de-600m2-y-vista-a-todo-stgo-_JM
BAJA,4084968508,"Alto Macul, Condominio, 3d 3b",la-florida,casa,venta,8500.0,,140,340,3,3,nombre_de_proyecto,https://portalinmobiliario.com/MLC-4084968508-alto-macul-condominio-3d-3b-_JM
BAJA,2070820545,Moderna Casa Cerca De Colegios Y Parques (176145),la-florida,casa,venta,,75000000.0,45,75,2,,nombre_de_proyecto,https://portalinmobiliario.com/MLC-2070820545-moderna-casa-cerca-de-colegios-y-parques-176145-_JM
BAJA,3824378678,Sta Julia/v Mackenna. Pasaje,la-florida,casa,venta,,130000000.0,80,150,3,1,titulo_corto_tipo_nombre,https://portalinmobiliario.com/MLC-3824378678-sta-juliav-mackenna-pasaje-_JM
BAJA,4120935200,"Townhouse 3 Dorm 2 Baños, Palena La Florida, Condominio",la-florida,casa,venta,4650.0,,98,77,3,2,nombre_de_proyecto,https://portalinmobiliario.com/MLC-4120935200-townhouse-3-dorm-2-banos-palena-la-florida-condominio-_JM
BAJA,3764514144,Amplia Y Segura Casa En Alto Macul,la-florida,casa,venta,7200.0,,150,350,5,4,nombre_de_proyecto,https://portalinmobiliario.com/MLC-3764514144-amplia-y-segura-casa-en-alto-macul-_JM
BAJA,3967959946,Casa Familiar Condominio Seguro  Alto Macul,la-florida,casa,venta,7600.0,,108,419,3,2,nombre_de_proyecto,https://portalinmobiliario.com/MLC-3967959946-casa-familiar-condominio-seguro-alto-macul-_JM
BAJA,3972473650,Parcela Con Amplias Terrazas,la-florida,casa,venta,11900.0,,278,2438,5,3,titulo_corto_tipo_nombre,https://portalinmobiliario.com/MLC-3972473650-parcela-con-amplias-terrazas-_JM
BAJA,4155623286,"Moderna Casa Mediterranea En Condominio Lientur, La Florida",la-florida,casa,venta,4900.0,,110,100,3,3,nombre_de_proyecto,https://portalinmobiliario.com/MLC-4155623286-moderna-casa-mediterranea-en-condominio-lientur-la-florida-_JM
BAJA,1860237965,Condominio Walker Martinez,la-florida,casa,venta,4410.0,,50,101,2,2,nombre_de_proyecto,https://portalinmobiliario.com/MLC-1860237965-condominio-walker-martinez-_JM
BAJA,1973930417,Propiedad Con Dos Casas,la-florida,casa,venta,,200000000.0,100,62,5,2,titulo_corto_tipo_nombre,https://portalinmobiliario.com/MLC-1973930417-propiedad-con-dos-casas-_JM
BAJA,3585505524,"Rojas Magallanes, La Florida",la-florida,casa,venta,,320000000.0,120,644,6,3,titulo_corto_tipo_nombre,https://portalinmobiliario.com/MLC-3585505524-rojas-magallanes-la-florida-_JM
BAJA,2049079369,"Casa 3d/3b En Condominio Cerrado, La Florida | 100m² Terreno",la-florida,casa,venta,,186000000.0,87,100,3,3,nombre_de_proyecto,https://portalinmobiliario.com/MLC-2049079369-casa-3d3b-en-condominio-cerrado-la-florida-100m-terreno-_JM
BAJA,3834518864,"Casa En Barrio Cerrado 4dormitorios Alto Macul, La Florida",la-florida,casa,venta,5990.0,,120,190,4,2,nombre_de_proyecto,https://portalinmobiliario.com/MLC-3834518864-casa-en-barrio-cerrado-4dormitorios-alto-macul-la-florida-_JM
BAJA,3897437052,Vive Seguro En Condominio Rodeado De Naturaleza En...,la-florida,casa,venta,7900.0,,109,264,4,3,nombre_de_proyecto,https://portalinmobiliario.com/MLC-3897437052-vive-seguro-en-condominio-rodeado-de-naturaleza-en-_JM
BAJA,4134303564,Muy Buena Ubicación,la-florida,casa,venta,2850.0,,48,84,2,1,titulo_corto_tipo_nombre,https://portalinmobiliario.com/MLC-4134303564-muy-buena-ubicacion-_JM
BAJA,1961550825,Casa 3 Dormitorios Condominio Jardin Alto La Florida,la-florida,casa,venta,,234990000.0,140,210,3,3,nombre_de_proyecto,https://portalinmobiliario.com/MLC-1961550825-casa-3-dormitorios-condominio-jardin-alto-la-florida-_JM
BAJA,4162502834,Casa + Casa Independiente Jardin Alto La Florida,la-florida,casa,venta,,137990000.0,67,116,3,3,nombre_de_proyecto,https://portalinmobiliario.com/MLC-4162502834-casa-casa-independiente-jardin-alto-la-florida-_JM
BAJA,2027787305,Walker Martinez (120771),la-florida,casa,venta,3875.0,,60,160,3,1,titulo_corto_tipo_nombre,https://portalinmobiliario.com/MLC-2027787305-walker-martinez-120771-_JM
BAJA,4093528756,Casa 6d+4b En 328m2 Amplia Y Luminosa En Alto Macul,la-florida,casa,venta,8990.0,,170,328,6,4,nombre_de_proyecto,https://portalinmobiliario.com/MLC-4093528756-casa-6d4b-en-328m2-amplia-y-luminosa-en-alto-macul-_JM
BAJA,1996214001,Casa 5 Dormitorios Condominio Jardines De La Viña La Florida,la-florida,casa,venta,,284990000.0,120,268,5,2,nombre_de_proyecto,https://portalinmobiliario.com/MLC-1996214001-casa-5-dormitorios-condominio-jardines-de-la-vina-la-florida-_JM
BAJA,1997643477,Casa Remodelada Alto Macul,la-florida,casa,venta,7190.0,,121,327,4,3,nombre_de_proyecto,https://portalinmobiliario.com/MLC-1997643477-casa-remodelada-alto-macul-_JM
BAJA,4118608224,Venta Casa 3 Pisos Micro Barrio En El Hualle Sur 3...,la-florida,casa,venta,6555.0,,125,184,4,3,nombre_de_proyecto,https://portalinmobiliario.com/MLC-4118608224-venta-casa-3-pisos-micro-barrio-en-el-hualle-sur-3-_JM
BAJA,4044409282,"Casa 140 M2, 5d+3b, Jardines De La Viña (72472)",la-florida,casa,venta,,290000000.0,140,240,5,3,nombre_de_proyecto,https://portalinmobiliario.com/MLC-4044409282-casa-140-m2-5d3b-jardines-de-la-vina-72472-_JM
BAJA,1986963753,Gran Casa Familiar En Condominio Seguro De Alto Macul,la-florida,casa,venta,7800.0,,108,339,3,2,nombre_de_proyecto,https://portalinmobiliario.com/MLC-1986963753-gran-casa-familiar-en-condominio-seguro-de-alto-macul-_JM
BAJA,1996205053,Linda Casa 5d Y 2b En Jardines De La Viña,la-florida,casa,venta,7500.0,,103,267,5,3,nombre_de_proyecto,https://portalinmobiliario.com/MLC-1996205053-linda-casa-5d-y-2b-en-jardines-de-la-vina-_JM
BAJA,2025081665,Casa Familiar De 4 Dormitorios En 130m2 Útiles En Condominio,la-florida,casa,venta,7200.0,,130,250,4,2,nombre_de_proyecto,https://portalinmobiliario.com/MLC-2025081665-casa-familiar-de-4-dormitorios-en-130m2-utiles-en-condominio-_JM
BAJA,2016688535,"Camino Las Araucarias Con Nueva María Alto Macul, La Florida",la-florida,casa,venta,8300.0,,107,310,3,3,nombre_de_proyecto,https://portalinmobiliario.com/MLC-2016688535-camino-las-araucarias-con-nueva-maria-alto-macul-la-florida-_JM
BAJA,4143961062,"Amplia Y Cómoda Casa De 4 Dorm En Alto Macul, En La Florida",la-florida,casa,venta,10990.0,,137,396,4,3,nombre_de_proyecto,https://portalinmobiliario.com/MLC-4143961062-amplia-y-comoda-casa-de-4-dorm-en-alto-macul-en-la-florida-_JM
BAJA,2027779409,Venta Casa Sector Jardín Alto (149039),la-florida,casa,venta,5450.0,,130,154,3,3,nombre_de_proyecto,https://portalinmobiliario.com/MLC-2027779409-venta-casa-sector-jardin-alto-149039-_JM
BAJA,1857125745,Bajo De Precio!! Venta Casa Sector Residencial Y T...,la-florida,casa,venta,4400.0,,72,200,4,3,nombre_de_proyecto,https://portalinmobiliario.com/MLC-1857125745-bajo-de-precio-venta-casa-sector-residencial-y-t-_JM
BAJA,2022492523,"Alto Macul Condominio Santuario 3, 5 Dorm 5 Baños",la-florida,casa,venta,10800.0,,250,455,5,5,nombre_de_proyecto,https://portalinmobiliario.com/MLC-2022492523-alto-macul-condominio-santuario-3-5-dorm-5-banos-_JM
BAJA,3902062974,Casa Con Amplio Patio Frente A Hermosa Plaza Metro Trinidad,la-florida,casa,venta,,115000000.0,62,146,2,1,nombre_de_proyecto,https://portalinmobiliario.com/MLC-3902062974-casa-con-amplio-patio-frente-a-hermosa-plaza-metro-trinidad-_JM
BAJA,1986445261,"Gran Casa Exclusivo Condominio Los Algarrobos, La Florida",la-florida,casa,venta,7350.0,,140,337,5,4,nombre_de_proyecto,https://portalinmobiliario.com/MLC-1986445261-gran-casa-exclusivo-condominio-los-algarrobos-la-florida-_JM
BAJA,3824815278,Peru / Perpetua Freire,la-florida,casa,venta,,200000000.0,200,200,3,3,titulo_corto_tipo_nombre,https://portalinmobiliario.com/MLC-3824815278-peru-perpetua-freire-_JM
BAJA,1892370911,"Excelente, Amplia, 4d-3b + Servicios, Condominio Cerrado",la-florida,casa,venta,10900.0,,185,490,5,5,nombre_de_proyecto,https://portalinmobiliario.com/MLC-1892370911-excelente-amplia-4d-3b-servicios-condominio-cerrado-_JM
BAJA,1957488055,Casa En Condominio A Una Cuadra Del Metro Vicente Valdes,la-florida,casa,venta,4345.0,,96,132,3,2,nombre_de_proyecto,https://portalinmobiliario.com/MLC-1957488055-casa-en-condominio-a-una-cuadra-del-metro-vicente-valdes-_JM
BAJA,1916432415,Moderna Casa En Jardín Alto / Enrique Olivares: La Florida,la-florida,casa,venta,,175000000.0,91,140,3,3,nombre_de_proyecto,https://portalinmobiliario.com/MLC-1916432415-moderna-casa-en-jardin-alto-enrique-olivares-la-florida-_JM
BAJA,1910923901,"Perú 8796, La Florida",la-florida,casa,venta,13800.0,,253,1000,4,4,titulo_corto_tipo_nombre,https://portalinmobiliario.com/MLC-1910923901-peru-8796-la-florida-_JM
BAJA,3827559720,"Piedra Del Rey Norte, Alto Macul 6914, La Florida",la-florida,casa,venta,8450.0,,241,241,3,3,nombre_de_proyecto,https://portalinmobiliario.com/MLC-3827559720-piedra-del-rey-norte-alto-macul-6914-la-florida-_JM
BAJA,4152881058,Jardin Alto,la-florida,casa,venta,7000.0,,177,140,4,4,titulo_corto_tipo_nombre,https://portalinmobiliario.com/MLC-4152881058-jardin-alto-_JM
BAJA,3737589642,Venezuela/ Santa Julia,la-florida,casa,venta,,395000000.0,117,444,3,2,titulo_corto_tipo_nombre,https://portalinmobiliario.com/MLC-3737589642-venezuela-santa-julia-_JM
BAJA,4176331110,Exclusiva Casa En Alto Macul 5 Dormitorios En Condominio,la-florida,casa,venta,9970.0,,160,411,5,3,nombre_de_proyecto,https://portalinmobiliario.com/MLC-4176331110-exclusiva-casa-en-alto-macul-5-dormitorios-en-condominio-_JM
BAJA,2041114651,"Linda Y Cómoda Casa C/ampliación, Condominio Privado, 4d4b",la-florida,casa,venta,8500.0,,133,367,4,4,nombre_de_proyecto,https://portalinmobiliario.com/MLC-2041114651-linda-y-comoda-casa-campliacion-condominio-privado-4d4b-_JM
BAJA,4061335656,"Av. Trinidad, Condominio, Como Nueva, 3d-3b-e",la-florida,casa,venta,4890.0,,71,131,3,2,nombre_de_proyecto,https://portalinmobiliario.com/MLC-4061335656-av-trinidad-condominio-como-nueva-3d-3b-e-_JM
BAJA,3777315580,Rojas Magallanes/las Perdices/los Encinos-c/piscina/quincho,la-florida,casa,venta,7400.0,,114,270,4,2,titulo_corto_tipo_nombre,https://portalinmobiliario.com/MLC-3777315580-rojas-magallaneslas-perdiceslos-encinos-cpiscinaquincho-_JM
BAJA,4152875532,Casa Nueva Amanecer,la-florida,casa,venta,2700.0,,60,172,3,1,titulo_corto_tipo_nombre,https://portalinmobiliario.com/MLC-4152875532-casa-nueva-amanecer-_JM
BAJA,4023559154,"Terreno Urbano, Industria Inofensiva, Galpón, Inversión.",la-florida,casa,venta,,215000000.0,490,490,3,2,nombre_de_proyecto,https://portalinmobiliario.com/MLC-4023559154-terreno-urbano-industria-inofensiva-galpon-inversion-_JM
BAJA,3798782416,Linda Casa 2 Pisos En Condominio - Sector Andalien,la-florida,casa,venta,5030.0,,93,126,3,3,nombre_de_proyecto,https://portalinmobiliario.com/MLC-3798782416-linda-casa-2-pisos-en-condominio-sector-andalien-_JM
BAJA,2039819951,Casa La Florida,la-florida,casa,venta,3360.0,,117,203,5,2,titulo_corto_tipo_nombre,https://portalinmobiliario.com/MLC-2039819951-casa-la-florida-_JM
BAJA,1900660369,Amplia Propiedad En Parque Privado. Acceso Cerrado.,la-florida,casa,venta,6200.0,,135,236,4,2,nombre_de_proyecto,https://portalinmobiliario.com/MLC-1900660369-amplia-propiedad-en-parque-privado-acceso-cerrado-_JM
BAJA,2007824643,Casa Familiar En Exclusivo Condominio Cerrado-walkermartinez,la-florida,casa,venta,,185000000.0,93,126,3,3,nombre_de_proyecto,https://portalinmobiliario.com/MLC-2007824643-casa-familiar-en-exclusivo-condominio-cerrado-walkermartinez-_JM
BAJA,4021114028,"Preciosa Casa En Condominio Consolidado, Gran Patio.",la-florida,casa,venta,8200.0,,108,290,3,3,nombre_de_proyecto,https://portalinmobiliario.com/MLC-4021114028-preciosa-casa-en-condominio-consolidado-gran-patio-_JM
BAJA,4223494126,Linda Casa Metro Bella Vista De La Florida Y Mall,la-florida,casa,venta,,167500000.0,90,120,3,2,nombre_de_proyecto,https://portalinmobiliario.com/MLC-4223494126-linda-casa-metro-bella-vista-de-la-florida-y-mall-_JM
BAJA,4027723414,Centinela De Piedra Norte / Alto Macul,la-florida,casa,venta,9180.0,,130,454,3,4,nombre_de_proyecto,https://portalinmobiliario.com/MLC-4027723414-centinela-de-piedra-norte-alto-macul-_JM
BAJA,4111967802,Camino Del Paisaje / Alto Macul,la-florida,casa,venta,,360000000.0,125,391,3,3,nombre_de_proyecto,https://portalinmobiliario.com/MLC-4111967802-camino-del-paisaje-alto-macul-_JM
BAJA,2071198537,Casa Condominio 3 Dor. 3 Ba 3 Est. Piscina Alto Macul,la-florida,casa,venta,8450.0,,120,340,3,3,nombre_de_proyecto,https://portalinmobiliario.com/MLC-2071198537-casa-condominio-3-dor-3-ba-3-est-piscina-alto-macul-_JM
BAJA,1917520945,"Becor Vende Casa 5d-3b, Condominio Cerrado, La Florida",la-florida,casa,venta,7500.0,,115,259,5,3,nombre_de_proyecto,https://portalinmobiliario.com/MLC-1917520945-becor-vende-casa-5d-3b-condominio-cerrado-la-florida-_JM
BAJA,4196457548,Santa Inés / Jardín Alto / Av. La Florida Orte.,la-florida,casa,venta,,250000002.0,120,180,5,3,nombre_de_proyecto,https://portalinmobiliario.com/MLC-4196457548-santa-ines-jardin-alto-av-la-florida-orte-_JM
BAJA,4155685578,Jardín Alto / Jardin Del Edén / La Florida,la-florida,casa,venta,,210000001.0,78,153,4,2,nombre_de_proyecto,https://portalinmobiliario.com/MLC-4155685578-jardin-alto-jardin-del-eden-la-florida-_JM
BAJA,3790458810,Casa Alto Macul,la-florida,casa,venta,6800.0,,120,200,3,2,nombre_de_proyecto,https://portalinmobiliario.com/MLC-3790458810-casa-alto-macul-_JM
BAJA,3823274062,Venta Casa Trinidad,la-florida,casa,venta,,260000000.0,80,500,3,1,titulo_corto_tipo_nombre,https://portalinmobiliario.com/MLC-3823274062-venta-casa-trinidad-_JM
BAJA,1983402675,Condominio Los Laureles. Rojas Magallanes Oriente.,la-florida,casa,venta,7250.0,296124728,140,252,,,nombre_de_proyecto,https://portalinmobiliario.com/MLC-1983402675-condominio-los-laureles-rojas-magallanes-oriente-_JM
BAJA,4051097780,"Micro Barrio Cerrado, Amplio Patio, Jardines De La Viña",la-florida,casa,venta,7100.0,,107,250,3,2,nombre_de_proyecto,https://portalinmobiliario.com/MLC-4051097780-micro-barrio-cerrado-amplio-patio-jardines-de-la-vina-_JM
BAJA,4146270444,"Casa En Jardines De La Viña, La Florida. 3d+2b+ Piscina",la-florida,casa,venta,7300.0,,102,244,3,2,nombre_de_proyecto,https://portalinmobiliario.com/MLC-4146270444-casa-en-jardines-de-la-vina-la-florida-3d2b-piscina-_JM
BAJA,1988147175,Enrique Olivares / Jardín Alto / La Florida,la-florida,casa,venta,,250000001.0,157,186,3,2,nombre_de_proyecto,https://portalinmobiliario.com/MLC-1988147175-enrique-olivares-jardin-alto-la-florida-_JM
BAJA,1986996125,Jardín Alto / Jardín Del Edén / La Florida,la-florida,casa,venta,7629.0,,133,225,4,4,nombre_de_proyecto,https://portalinmobiliario.com/MLC-1986996125-jardin-alto-jardin-del-eden-la-florida-_JM
BAJA,2053140775,Vicuña Mackenna,la-florida,casa,venta,,550000000.0,200,600,7,2,titulo_corto_tipo_nombre,https://portalinmobiliario.com/MLC-2053140775-vicuna-mackenna-_JM
BAJA,4050072254,Enrique Olivares / Jardín Alto / La Florida,la-florida,casa,venta,5199.0,,114,144,4,3,nombre_de_proyecto,https://portalinmobiliario.com/MLC-4050072254-enrique-olivares-jardin-alto-la-florida-_JM
BAJA,2053127511,"Casa De 2 Pisos Frente A Parque, Cercana Metro Los Quillayes",la-florida,casa,venta,,155000000.0,115,98,4,2,nombre_de_proyecto,https://portalinmobiliario.com/MLC-2053127511-casa-de-2-pisos-frente-a-parque-cercana-metro-los-quillayes-_JM
BAJA,4160983214,Se Vendehermosa Casa En La Florida,la-florida,casa,venta,5080.0,,11,171,3,2,m2_util_minimo_de_rango,https://portalinmobiliario.com/MLC-4160983214-se-vendehermosa-casa-en-la-florida-_JM
BAJA,4205337700,Casa En Venta De 4 Dorm. En La Florida,la-florida,casa,venta,,230000000.0,1,150,4,1,m2_util_minimo_de_rango,https://portalinmobiliario.com/MLC-4205337700-casa-en-venta-de-4-dorm-en-la-florida-_JM
BAJA,4182739276,Se Vende Acogedora Casa Pareada Diego Portales La Florida,la-florida,casa,venta,,86000000.0,1,1,3,1,m2_util_minimo_de_rango,https://portalinmobiliario.com/MLC-4182739276-se-vende-acogedora-casa-pareada-diego-portales-la-florida-_JM
BAJA,1969407611,"2casas Sólidas, Sector Residencial Entre Sta.amalia,colombia",la-florida,casa,venta,,155000000.0,53,121,3,2,nombre_de_proyecto,https://portalinmobiliario.com/MLC-1969407611-2casas-solidas-sector-residencial-entre-staamaliacolombia-_JM
BAJA,1960081035,Casa En La Florida,la-florida,casa,venta,4330.0,,91,75,,,titulo_corto_tipo_nombre,https://portalinmobiliario.com/MLC-1960081035-casa-en-la-florida-_JM
BAJA,1941262357,Jardín Alto / Rojas Magallanes / Santa Amalia,la-florida,casa,venta,,245000000.0,122,145,4,4,nombre_de_proyecto,https://portalinmobiliario.com/MLC-1941262357-jardin-alto-rojas-magallanes-santa-amalia-_JM
BAJA,4146279892,México / Gerónimo Alderete,la-florida,casa,venta,,159000000.0,76,168,4,1,titulo_corto_tipo_nombre,https://portalinmobiliario.com/MLC-4146279892-mexico-geronimo-alderete-_JM
BAJA,4223494314,La Florida,la-florida,casa,venta,,68000000.0,80,92,3,1,titulo_corto_tipo_nombre,https://portalinmobiliario.com/MLC-4223494314-la-florida-_JM
BAJA,1990055615,Colombia / Walker Martinez,la-florida,casa,venta,,179000000.0,110,169,3,2,titulo_corto_tipo_nombre,https://portalinmobiliario.com/MLC-1990055615-colombia-walker-martinez-_JM
BAJA,2009524549,Se Vende Acogedora Casa Pareada Diego Portales La Florida,la-florida,casa,venta,,86000000.0,1,1,3,1,m2_util_minimo_de_rango,https://portalinmobiliario.com/MLC-2009524549-se-vende-acogedora-casa-pareada-diego-portales-la-florida-_JM
BAJA,4228883136,Venta La Florida,la-florida,casa,venta,5500.0,,160,190,3,3,titulo_corto_tipo_nombre,https://portalinmobiliario.com/MLC-4228883136-venta-la-florida-_JM
BAJA,3762905986,Venta Casa En Condominio La Florida 90mt2,la-florida,casa,venta,,130000000.0,80,90,5,2,nombre_de_proyecto,https://portalinmobiliario.com/MLC-3762905986-venta-casa-en-condominio-la-florida-90mt2-_JM
BAJA,1835959989,Venta Casa Townhouse 3d 4b Estar Estacionamiento La Florida,la-florida,casa,venta,4990.0,,103,103,3,3,nombre_de_proyecto,https://portalinmobiliario.com/MLC-1835959989-venta-casa-townhouse-3d-4b-estar-estacionamiento-la-florida-_JM
BAJA,4031350764,Camino La Plegaria  Condominio  Alto Macul. La Florida.,la-florida,casa,venta,,295000000.0,124,384,4,3,nombre_de_proyecto,https://portalinmobiliario.com/MLC-4031350764-camino-la-plegaria-condominio-alto-macul-la-florida-_JM
BAJA,1997614583,Diego Portales,la-florida,casa,venta,2600.0,,90,100,3,1,titulo_corto_tipo_nombre,https://portalinmobiliario.com/MLC-1997614583-diego-portales-_JM
BAJA,1996221125,Venta Casa Alto Macul,la-florida,casa,venta,10500.0,,170,190,5,3,nombre_de_proyecto,https://portalinmobiliario.com/MLC-1996221125-venta-casa-alto-macul-_JM
BAJA,3742195682,Venta De Casa En La Florida Jardín Alto 4 Dormitorios,la-florida,casa,venta,,155000000.0,75,162,4,2,nombre_de_proyecto,https://portalinmobiliario.com/MLC-3742195682-venta-de-casa-en-la-florida-jardin-alto-4-dormitorios-_JM
BAJA,4135249710,Casa Con Amplio Antejardín.,la-florida,casa,venta,2500.0,,105,120,4,1,titulo_corto_tipo_nombre,https://portalinmobiliario.com/MLC-4135249710-casa-con-amplio-antejardin-_JM
BAJA,2031474769,Terreno 1000 M2 Con 21m De Frente  Ideal Constructora,la-florida,casa,venta,8400.0,,120,1000,4,2,inmobiliaria_en_titulo,https://portalinmobiliario.com/MLC-2031474769-terreno-1000-m2-con-21m-de-frente-ideal-constructora-_JM
BAJA,4187200180,Casa Familiar En Condominio | 4 Dormitorios + Home Office,la-florida,casa,venta,7500.0,,126,133,4,3,nombre_de_proyecto,https://portalinmobiliario.com/MLC-4187200180-casa-familiar-en-condominio-4-dormitorios-home-office-_JM
BAJA,4134821708,Casa Ubicada En Villa.,la-florida,casa,venta,,85000000.0,72,72,2,1,titulo_corto_tipo_nombre,https://portalinmobiliario.com/MLC-4134821708-casa-ubicada-en-villa-_JM
BAJA,2064056709,Casa Esquina Excelente Ubicación,la-florida,casa,venta,,170000000.0,67,242,3,1,titulo_corto_tipo_nombre,https://portalinmobiliario.com/MLC-2064056709-casa-esquina-excelente-ubicacion-_JM
BAJA,4135276718,Casa Sólida 1 Piso,la-florida,casa,venta,,200000000.0,72,200,3,2,titulo_corto_tipo_nombre,https://portalinmobiliario.com/MLC-4135276718-casa-solida-1-piso-_JM
BAJA,4225058100,"Casa Alto Macul, 3d, 3b, Piscina Y Quincho.",la-florida,casa,venta,8190.0,,114,324,3,3,nombre_de_proyecto,https://portalinmobiliario.com/MLC-4225058100-casa-alto-macul-3d-3b-piscina-y-quincho-_JM
BAJA,4208897002,"Casa Alto Macul Quincho Piscina, Terrazas, 3 Estacionamiento",la-florida,casa,venta,8500.0,,119,350,3,3,nombre_de_proyecto,https://portalinmobiliario.com/MLC-4208897002-casa-alto-macul-quincho-piscina-terrazas-3-estacionamiento-_JM
BAJA,4138911878,Casa Sector Residencial La Florida,la-florida,casa,venta,,178000000.0,89,147,3,2,nombre_de_proyecto,https://portalinmobiliario.com/MLC-4138911878-casa-sector-residencial-la-florida-_JM
BAJA,4173022330,Casa Para Remodelación,la-florida,casa,venta,,155000000.0,350,380,4,2,titulo_corto_tipo_nombre,https://portalinmobiliario.com/MLC-4173022330-casa-para-remodelacion-_JM
BAJA,4173015124,Edificio Baum,la-florida,departamento,venta,3036.0,,28,,1,1,nombre_de_proyecto,https://portalinmobiliario.com/MLC-4173015124-edificio-baum-_JM
BAJA,625887293,Tempo Inés,la-florida,departamento,venta,2451.0,,33,,1,1,titulo_corto_tipo_nombre,https://portalinmobiliario.com/MLC-625887293-tempo-ines-_JM
BAJA,1893930482,Tempo Mackenna,la-florida,departamento,venta,2575.0,,34,,1,1,titulo_corto_tipo_nombre,https://portalinmobiliario.com/MLC-1893930482-tempo-mackenna-_JM
BAJA,2343471096,Tempo Carrera,la-florida,departamento,venta,2517.0,,35,,1,1,titulo_corto_tipo_nombre,https://portalinmobiliario.com/MLC-2343471096-tempo-carrera-_JM
BAJA,1868935701,Vicente Valdés 261,la-florida,departamento,venta,2558.0,,25,,2,1,titulo_corto_tipo_nombre,https://portalinmobiliario.com/MLC-1868935701-vicente-valdes-261-_JM
BAJA,616884133,Tempo Trinidad,la-florida,departamento,venta,4311.0,,73,,3,2,titulo_corto_tipo_nombre,https://portalinmobiliario.com/MLC-616884133-tempo-trinidad-_JM
BAJA,4173015066,Edificio Mood,la-florida,departamento,venta,3219.0,,30,,1,1,nombre_de_proyecto,https://portalinmobiliario.com/MLC-4173015066-edificio-mood-_JM
BAJA,1564547987,Vicuña Mackenna,la-florida,departamento,venta,1993.0,,23,,2,2,titulo_corto_tipo_nombre,https://portalinmobiliario.com/MLC-1564547987-vicuna-mackenna-_JM
BAJA,2936376984,Entre Vicuñas,la-florida,departamento,venta,2555.0,,28,,1,1,titulo_corto_tipo_nombre,https://portalinmobiliario.com/MLC-2936376984-entre-vicunas-_JM
BAJA,2936003992,Edificio Don Pepe 154,la-florida,departamento,venta,3058.0,,28,,1,1,nombre_de_proyecto,https://portalinmobiliario.com/MLC-2936003992-edificio-don-pepe-154-_JM
BAJA,2936086054,Froilán Roa 5731,la-florida,departamento,venta,2789.0,,31,,1,1,titulo_corto_tipo_nombre,https://portalinmobiliario.com/MLC-2936086054-froilan-roa-5731-_JM
BAJA,1582633839,Mirador Casona,la-florida,departamento,venta,2540.0,,26,,2,1,titulo_corto_tipo_nombre,https://portalinmobiliario.com/MLC-1582633839-mirador-casona-_JM
BAJA,1600043408,Convet Edificio Rojas Magallanes 2457,la-florida,departamento,venta,4250.0,,65,,2,2,nombre_de_proyecto,https://portalinmobiliario.com/MLC-1600043408-convet-edificio-rojas-magallanes-2457-_JM
BAJA,1689119693,Paso El Roble,la-florida,departamento,venta,2390.0,,25,,2,1,titulo_corto_tipo_nombre,https://portalinmobiliario.com/MLC-1689119693-paso-el-roble-_JM
BAJA,1938067659,Vicuña Mackenna 11508,la-florida,departamento,venta,2616.0,,39,,1,1,titulo_corto_tipo_nombre,https://portalinmobiliario.com/MLC-1938067659-vicuna-mackenna-11508-_JM
BAJA,1855221759,Siena Parque Vicuña Mackenna 10811,la-florida,departamento,venta,3129.0,,31,,1,1,inmobiliaria_en_titulo | nombre_de_proyecto,https://portalinmobiliario.com/MLC-1855221759-siena-parque-vicuna-mackenna-10811-_JM
BAJA,1855209085,Siena Vicuña 6633,la-florida,departamento,venta,2649.0,,30,,1,1,inmobiliaria_en_titulo | titulo_corto_tipo_nombre,https://portalinmobiliario.com/MLC-1855209085-siena-vicuna-6633-_JM
BAJA,3955912530,Ama Quillayes,la-florida,departamento,venta,2540.0,,35,,1,1,titulo_corto_tipo_nombre,https://portalinmobiliario.com/MLC-3955912530-ama-quillayes-_JM
BAJA,1689110245,Alonso De Ercilla 7551,la-florida,departamento,venta,2760.0,,31,,1,1,titulo_corto_tipo_nombre,https://portalinmobiliario.com/MLC-1689110245-alonso-de-ercilla-7551-_JM
BAJA,1248809629,Absalón Aliwen,la-florida,departamento,venta,3905.0,,67,,3,2,titulo_corto_tipo_nombre,https://portalinmobiliario.com/MLC-1248809629-absalon-aliwen-_JM
BAJA,1592670762,Edificio Refugio New,la-florida,departamento,venta,3584.0,,50,,2,1,nombre_de_proyecto,https://portalinmobiliario.com/MLC-1592670762-edificio-refugio-new-_JM
BAJA,1379757805,Condominio Uruguay,la-florida,departamento,venta,2990.0,,38,,1,1,nombre_de_proyecto,https://portalinmobiliario.com/MLC-1379757805-condominio-uruguay-_JM
BAJA,1514214179,Activa Wm815,la-florida,departamento,venta,2899.0,,34,,1,1,titulo_corto_tipo_nombre,https://portalinmobiliario.com/MLC-1514214179-activa-wm815-_JM
BAJA,2906443124,Vive Barcelona,la-florida,departamento,venta,2735.0,,29,,1,1,titulo_corto_tipo_nombre,https://portalinmobiliario.com/MLC-2906443124-vive-barcelona-_JM
BAJA,2025077801,Edificio Doña Mercedes,la-florida,departamento,venta,3924.0,,57,,2,2,nombre_de_proyecto,https://portalinmobiliario.com/MLC-2025077801-edificio-dona-mercedes-_JM
BAJA,3318366382,Nueva Uno,la-florida,departamento,venta,1890.0,,24,,2,1,titulo_corto_tipo_nombre,https://portalinmobiliario.com/MLC-3318366382-nueva-uno-_JM
BAJA,2719620714,Edificio Florida Connect,la-florida,departamento,venta,2182.0,,28,,1,1,nombre_de_proyecto,https://portalinmobiliario.com/MLC-2719620714-edificio-florida-connect-_JM
BAJA,3509778602,Altavista Iv,la-florida,departamento,venta,4773.0,,70,,2,2,titulo_corto_tipo_nombre,https://portalinmobiliario.com/MLC-3509778602-altavista-iv-_JM
BAJA,4135261498,Edificio Mackenna Oriente,la-florida,departamento,venta,2066.0,,20,,2,1,nombre_de_proyecto | m2_util_minimo_de_rango,https://portalinmobiliario.com/MLC-4135261498-edificio-mackenna-oriente-_JM
BAJA,1463636075,Aires La Florida 2,la-florida,departamento,venta,2430.0,,20,,1,1,titulo_corto_tipo_nombre | m2_util_minimo_de_rango,https://portalinmobiliario.com/MLC-1463636075-aires-la-florida-2-_JM
BAJA,1593642229,Neoflorida 3,la-florida,departamento,venta,3628.0,,47,,2,2,titulo_corto_tipo_nombre,https://portalinmobiliario.com/MLC-1593642229-neoflorida-3-_JM
BAJA,1554299315,Urban La Florida,la-florida,departamento,venta,3110.0,,33,,1,1,titulo_corto_tipo_nombre,https://portalinmobiliario.com/MLC-1554299315-urban-la-florida-_JM
BAJA,1743352393,El Estero 303,la-florida,departamento,venta,2940.0,,27,,1,1,titulo_corto_tipo_nombre,https://portalinmobiliario.com/MLC-1743352393-el-estero-303-_JM
BAJA,3927235914,Rodríguez Velasco 22,la-florida,departamento,venta,2760.0,,20,,1,1,titulo_corto_tipo_nombre | m2_util_minimo_de_rango,https://portalinmobiliario.com/MLC-3927235914-rodriguez-velasco-22-_JM
BAJA,1572746505,Terrazas De La Florida,la-florida,departamento,venta,2657.0,,37,,1,1,nombre_de_proyecto,https://portalinmobiliario.com/MLC-1572746505-terrazas-de-la-florida-_JM
BAJA,1564617251,Edificio Parque Plantino,la-florida,departamento,venta,3650.0,,38,,1,1,nombre_de_proyecto,https://portalinmobiliario.com/MLC-1564617251-edificio-parque-plantino-_JM
BAJA,2872032976,Millalongo 72,la-florida,departamento,venta,2399.0,,29,,1,1,titulo_corto_tipo_nombre,https://portalinmobiliario.com/MLC-2872032976-millalongo-72-_JM
BAJA,1783450761,Edificio Koiwe,la-florida,departamento,venta,2721.0,,34,,1,1,nombre_de_proyecto,https://portalinmobiliario.com/MLC-1783450761-edificio-koiwe-_JM
BAJA,1461796499,Smart La Florida 10695,la-florida,departamento,venta,3329.0,,52,,2,2,nombre_de_proyecto,https://portalinmobiliario.com/MLC-1461796499-smart-la-florida-10695-_JM
BAJA,4071305332,Edificio Liverpool,la-florida,departamento,venta,3749.0,,47,,2,2,nombre_de_proyecto,https://portalinmobiliario.com/MLC-4071305332-edificio-liverpool-_JM
BAJA,2053138821,Cerca De Bupa Depto 1d+1b Vista Oriente Cercano A Metro,la-florida,departamento,venta,2200.0,,34,34,1,1,nombre_de_proyecto,https://portalinmobiliario.com/MLC-2053138821-cerca-de-bupa-depto-1d1b-vista-oriente-cercano-a-metro-_JM
BAJA,1972696849,Venta Departamento Barrio Parque Brasil - La Florida,la-florida,departamento,venta,2966.0,,52,59,3,2,nombre_de_proyecto,https://portalinmobiliario.com/MLC-1972696849-venta-departamento-barrio-parque-brasil-la-florida-_JM
BAJA,2039836989,3d + 2b + Est. / Jardín Alto / Rojas Magallanes,la-florida,departamento,venta,4800.0,,95,95,3,2,nombre_de_proyecto,https://portalinmobiliario.com/MLC-2039836989-3d-2b-est-jardin-alto-rojas-magallanes-_JM
BAJA,4223759516,"Lindo Dpto. En  Mall Plaza Vespucio, Cerca De 3 E. Metro",la-florida,departamento,venta,,134000000.0,70,70,3,1,nombre_de_proyecto,https://portalinmobiliario.com/MLC-4223759516-lindo-dpto-en-mall-plaza-vespucio-cerca-de-3-e-metro-_JM
BAJA,4213383876,"Vista Despejada 1 Estacionamiento, Proximo Al Metro",la-florida,departamento,venta,,94900000.0,38,43,1,1,nombre_de_proyecto,https://portalinmobiliario.com/MLC-4213383876-vista-despejada-1-estacionamiento-proximo-al-metro-_JM
BAJA,4223647874,Cercano A Metro Mirador,la-florida,departamento,venta,,110000000.0,40,47,2,1,titulo_corto_tipo_nombre,https://portalinmobiliario.com/MLC-4223647874-cercano-a-metro-mirador-_JM
BAJA,2076884147,Atencion Inversionistas!!semi Nuevo,la-florida,departamento,venta,2300.0,,34,35,1,1,titulo_corto_tipo_nombre,https://portalinmobiliario.com/MLC-2076884147-atencion-inversionistassemi-nuevo-_JM
BAJA,4014345910,Lindo Dpto. Vista Panorámica; En Metros Bellavista Y Mirador,la-florida,departamento,venta,4100.0,,90,90,3,2,nombre_de_proyecto,https://portalinmobiliario.com/MLC-4014345910-lindo-dpto-vista-panoramica-en-metros-bellavista-y-mirador-_JM
BAJA,3968824768,Av. Americo Vespucio A 10 Minutos A Pie Metro Vicuña Mackenn,la-florida,departamento,venta,3600.0,,4,54,2,2,superficies_incoherentes | m2_util_minimo_de_rango,https://portalinmobiliario.com/MLC-3968824768-av-americo-vespucio-a-10-minutos-a-pie-metro-vicuna-mackenn-_JM
BAJA,3803434656,1d + 1b + Vista Panorámica + Buena Conectividad,la-florida,departamento,venta,2260.0,,30,30,1,1,nombre_de_proyecto,https://portalinmobiliario.com/MLC-3803434656-1d-1b-vista-panoramica-buena-conectividad-_JM
BAJA,3575558688,"Departamento En Venta Metro Vicente Valdés, La Florida",la-florida,departamento,venta,4296.0,,2,72,3,2,superficies_incoherentes | m2_util_minimo_de_rango,https://portalinmobiliario.com/MLC-3575558688-departamento-en-venta-metro-vicente-valdes-la-florida-_JM
BAJA,4111946750,"Departamento Sector Alto Macul, Comuna De La Florida",la-florida,departamento,venta,6100.0,,90,90,3,2,nombre_de_proyecto,https://portalinmobiliario.com/MLC-4111946750-departamento-sector-alto-macul-comuna-de-la-florida-_JM
BAJA,1971493993,Inversión 5% Home Studio,la-florida,departamento,venta,1980.0,,30,30,1,1,nombre_de_proyecto,https://portalinmobiliario.com/MLC-1971493993-inversion-5-home-studio-_JM
BAJA,4182513736,"Amplio Departamento, Vista Despejada, 1 E 1 B",la-florida,departamento,venta,3300.0,,47,54,2,2,nombre_de_proyecto,https://portalinmobiliario.com/MLC-4182513736-amplio-departamento-vista-despejada-1-e-1-b-_JM
BAJA,4179311936,Departamento En Edificio Casa Del Gobernador La Florida,la-florida,departamento,venta,3300.0,,67,67,2,2,nombre_de_proyecto,https://portalinmobiliario.com/MLC-4179311936-departamento-en-edificio-casa-del-gobernador-la-florida-_JM
BAJA,2049074895,"Hermoso,  Alto Macul,  3d/2b, Estar, Gran Cocina, 2e/1b",la-florida,departamento,venta,7600.0,,120,129,3,2,nombre_de_proyecto,https://portalinmobiliario.com/MLC-2049074895-hermoso-alto-macul-3d2b-estar-gran-cocina-2e1b-_JM
BAJA,4182538484,"Departamento Como Nuevo, Linda Vista, Moderno Edificio",la-florida,departamento,venta,2900.0,,31,37,1,1,nombre_de_proyecto,https://portalinmobiliario.com/MLC-4182538484-departamento-como-nuevo-linda-vista-moderno-edificio-_JM
BAJA,4073492392,"Tres Dormitorios, Un Baño",la-florida,departamento,venta,1900.0,,57,57,3,1,titulo_corto_tipo_nombre,https://portalinmobiliario.com/MLC-4073492392-tres-dormitorios-un-bano-_JM
BAJA,2045841035,Venta Departamento La Florida,la-florida,departamento,venta,3700.0,,60,70,2,2,titulo_corto_tipo_nombre,https://portalinmobiliario.com/MLC-2045841035-venta-departamento-la-florida-_JM
BAJA,4209022538,Vista Panorámica!. Muy Luminoso!.,la-florida,departamento,venta,2850.0,,46,52,2,2,nombre_de_proyecto,https://portalinmobiliario.com/MLC-4209022538-vista-panoramica-muy-luminoso-_JM
BAJA,2005991679,Departamento Duplex  En Alto Macul,la-florida,departamento,venta,5200.0,,79,87,2,2,nombre_de_proyecto,https://portalinmobiliario.com/MLC-2005991679-departamento-duplex-en-alto-macul-_JM
BAJA,3867957322,Depto De 3 Dormitorios En Parque Andino,la-florida,departamento,venta,,155000000.0,74,78,3,2,nombre_de_proyecto,https://portalinmobiliario.com/MLC-3867957322-depto-de-3-dormitorios-en-parque-andino-_JM
BAJA,3967953992,Departamento Frente Al Parque Y Mim,la-florida,departamento,venta,3930.0,,50,62,2,2,nombre_de_proyecto,https://portalinmobiliario.com/MLC-3967953992-departamento-frente-al-parque-y-mim-_JM
BAJA,4009598246,Venta Departamento Plaza Vespucio,la-florida,departamento,venta,1950.0,,30,34,1,1,nombre_de_proyecto,https://portalinmobiliario.com/MLC-4009598246-venta-departamento-plaza-vespucio-_JM
BAJA,1958481605,Aprovecha Tasas Hipotecarias,la-florida,departamento,venta,2150.0,,40,42,2,1,titulo_corto_tipo_nombre,https://portalinmobiliario.com/MLC-1958481605-aprovecha-tasas-hipotecarias-_JM
BAJA,1916183525,Venta Depto Metro Mirador,la-florida,departamento,venta,1895.0,,29,35,1,1,titulo_corto_tipo_nombre,https://portalinmobiliario.com/MLC-1916183525-venta-depto-metro-mirador-_JM
BAJA,3899669436,Amplio Depto Walker Martinez,la-florida,departamento,venta,3050.0,,60,64,3,2,titulo_corto_tipo_nombre,https://portalinmobiliario.com/MLC-3899669436-amplio-depto-walker-martinez-_JM
BAJA,1916283655,Depto Condominio Colores Del Abra,la-florida,departamento,venta,2100.0,,40,42,2,1,nombre_de_proyecto,https://portalinmobiliario.com/MLC-1916283655-depto-condominio-colores-del-abra-_JM
BAJA,1927006563,"Naturalrza, Tranquilidad Y Exclusividad",la-florida,departamento,venta,2080.0,,59,63,3,2,titulo_corto_tipo_nombre,https://portalinmobiliario.com/MLC-1927006563-naturalrza-tranquilidad-y-exclusividad-_JM
BAJA,4027713518,Moderno Departamento En Sector Residencial De La Florida,la-florida,departamento,venta,2580.0,,47,55,2,2,nombre_de_proyecto,https://portalinmobiliario.com/MLC-4027713518-moderno-departamento-en-sector-residencial-de-la-florida-_JM
BAJA,4120778362,"Venta Departamento 3 D, 2 B, Metro Vicente Valdés La Florida",la-florida,departamento,venta,4296.0,,4,76,3,2,superficies_incoherentes | m2_util_minimo_de_rango,https://portalinmobiliario.com/MLC-4120778362-venta-departamento-3-d-2-b-metro-vicente-valdes-la-florida-_JM
BAJA,2031476807,"Departamento Como Nuevo, Linda Vista, Moderno Edificio",la-florida,departamento,venta,2950.0,,34,40,1,1,nombre_de_proyecto,https://portalinmobiliario.com/MLC-2031476807-departamento-como-nuevo-linda-vista-moderno-edificio-_JM
BAJA,4212555230,Departamento Piso 3 Espectacular Vista 3ormitorios 2 Baños,la-florida,departamento,venta,,109000000.0,75,75,3,2,nombre_de_proyecto,https://portalinmobiliario.com/MLC-4212555230-departamento-piso-3-espectacular-vista-3ormitorios-2-banos-_JM
BAJA,4223657550,"Junto A Bupa, Depto 1d 1b Est Y Bod 32/38m2 Vista Oriente",la-florida,departamento,venta,2200.0,,32,38,1,1,nombre_de_proyecto,https://portalinmobiliario.com/MLC-4223657550-junto-a-bupa-depto-1d-1b-est-y-bod-3238m2-vista-oriente-_JM
BAJA,2073960215,Semi Nuevo | 2 Dormitorios | Vista Norte | Pasos Del Metro,la-florida,departamento,venta,3700.0,,40,45,2,1,nombre_de_proyecto,https://portalinmobiliario.com/MLC-2073960215-semi-nuevo-2-dormitorios-vista-norte-pasos-del-metro-_JM
BAJA,4213381884,Departamento En Barrio Residencial Y Comercial Consolidado,la-florida,departamento,venta,,105000000.0,62,62,2,1,nombre_de_proyecto,https://portalinmobiliario.com/MLC-4213381884-departamento-en-barrio-residencial-y-comercial-consolidado-_JM
BAJA,2079764711,Completamente Remodelado (172001),la-florida,departamento,venta,4590.0,,68,72,3,2,titulo_corto_tipo_nombre,https://portalinmobiliario.com/MLC-2079764711-completamente-remodelado-172001-_JM
BAJA,4209026090,Inversion Venta Departamento En Metro Macul (171561),la-florida,departamento,venta,3390.0,,50,108,2,2,superficies_incoherentes,https://portalinmobiliario.com/MLC-4209026090-inversion-venta-departamento-en-metro-macul-171561-_JM
BAJA,2084192149,Departamento En Alto Macul - Sin Corretaje ! (176831),la-florida,departamento,venta,5600.0,,75,90,3,2,nombre_de_proyecto,https://portalinmobiliario.com/MLC-2084192149-departamento-en-alto-macul-sin-corretaje-176831-_JM
BAJA,4235776162,Excelente Para Inversion  (154358),la-florida,departamento,venta,3237.0,,85,91,3,2,titulo_corto_tipo_nombre,https://portalinmobiliario.com/MLC-4235776162-excelente-para-inversion-154358-_JM
BAJA,4217926734,"Comodo Depto 3d/2b Con Vista Despejada, Metro Mirador",la-florida,departamento,venta,3500.0,,70,74,3,2,nombre_de_proyecto,https://portalinmobiliario.com/MLC-4217926734-comodo-depto-3d2b-con-vista-despejada-metro-mirador-_JM
BAJA,4210790944,Lindo Condominio Con Amplia Piscina,la-florida,departamento,venta,,100000000.0,47,51,2,1,nombre_de_proyecto,https://portalinmobiliario.com/MLC-4210790944-lindo-condominio-con-amplia-piscina-_JM
BAJA,4229739846,Dpto. Alto Macul 3 Dormitorios,la-florida,departamento,venta,5500.0,,77,90,3,2,nombre_de_proyecto,https://portalinmobiliario.com/MLC-4229739846-dpto-alto-macul-3-dormitorios-_JM
BAJA,2074135007,Home Studio ·metro Vicente Valdés · Ideal Inversión,la-florida,departamento,venta,1850.0,,23,27,1,1,nombre_de_proyecto,https://portalinmobiliario.com/MLC-2074135007-home-studio-metro-vicente-valdes-ideal-inversion-_JM
BAJA,4218752028,Vicuña Mackenna. Mall Plaza Vespucio. Metro (171825),la-florida,departamento,venta,2900.0,,62,62,3,1,nombre_de_proyecto,https://portalinmobiliario.com/MLC-4218752028-vicuna-mackenna-mall-plaza-vespucio-metro-171825-_JM
BAJA,4219656860,Deparatmento La Florida  (108140),la-florida,departamento,venta,,153500000.0,77,84,3,2,titulo_corto_tipo_nombre,https://portalinmobiliario.com/MLC-4219656860-deparatmento-la-florida-108140-_JM
BAJA,4213162010,Venta Depto 3h 2b Bodega La Florida Condominio Primer Piso,la-florida,departamento,venta,2535.0,,61,61,3,2,nombre_de_proyecto,https://portalinmobiliario.com/MLC-4213162010-venta-depto-3h-2b-bodega-la-florida-condominio-primer-piso-_JM
BAJA,4211492304,Venta Dpto Metro Bellavista,la-florida,departamento,venta,3790.0,,52,60,2,2,titulo_corto_tipo_nombre,https://portalinmobiliario.com/MLC-4211492304-venta-dpto-metro-bellavista-_JM
BAJA,4234099246,Departamento Pasos Mall Plaza Vespucio  (176826),la-florida,departamento,venta,3100.0,,465,1175,2,1,nombre_de_proyecto | superficies_incoherentes,https://portalinmobiliario.com/MLC-4234099246-departamento-pasos-mall-plaza-vespucio-176826-_JM
BAJA,2072646483,Lago Pirihueico (piso 24),la-florida,departamento,venta,3100.0,,42,47,2,1,titulo_corto_tipo_nombre,https://portalinmobiliario.com/MLC-2072646483-lago-pirihueico-piso-24-_JM
BAJA,4218753978,Exclusivo Alto Macul /3 Dorm / Cam Del Paisaje,la-florida,departamento,venta,6800.0,,77,94,3,2,nombre_de_proyecto,https://portalinmobiliario.com/MLC-4218753978-exclusivo-alto-macul-3-dorm-cam-del-paisaje-_JM
BAJA,2072646567,Santa Amalia,la-florida,departamento,venta,,98000000.0,57,57,3,1,titulo_corto_tipo_nombre,https://portalinmobiliario.com/MLC-2072646567-santa-amalia-_JM
BAJA,2072644359,Invierte En Renta Residencial Con Entrega Inmediata,la-florida,departamento,venta,4050.0,,52,56,2,2,nombre_de_proyecto,https://portalinmobiliario.com/MLC-2072644359-invierte-en-renta-residencial-con-entrega-inmediata-_JM
BAJA,2079119143,Departamento Tobalaba Palena,la-florida,departamento,venta,2500.0,,50,53,3,1,titulo_corto_tipo_nombre,https://portalinmobiliario.com/MLC-2079119143-departamento-tobalaba-palena-_JM
BAJA,2079334623,"Hermoso, Cómodo Y Amplio Departamento En Alto Macul, La Flor",la-florida,departamento,venta,5990.0,,97,97,3,2,nombre_de_proyecto,https://portalinmobiliario.com/MLC-2079334623-hermoso-comodo-y-amplio-departamento-en-alto-macul-la-flor-_JM
BAJA,4209022810,"En Excelente Estado Y Ubicacion, Conectividad Con El Metro",la-florida,departamento,venta,,139600000.0,4,69,2,2,superficies_incoherentes | m2_util_minimo_de_rango,https://portalinmobiliario.com/MLC-4209022810-en-excelente-estado-y-ubicacion-conectividad-con-el-metro-_JM
BAJA,2082078053,Venta Departamento La Florida,la-florida,departamento,venta,3950.0,,77,77,3,2,titulo_corto_tipo_nombre,https://portalinmobiliario.com/MLC-2082078053-venta-departamento-la-florida-_JM
BAJA,4213381798,Mio Hermoso Departamento Hermoso,la-florida,departamento,venta,2661.0,,31,31,1,1,titulo_corto_tipo_nombre,https://portalinmobiliario.com/MLC-4213381798-mio-hermoso-departamento-hermoso-_JM
BAJA,1908368413,Depto 2d2b Con Vista Panorámica En Exclusivo Condominio.,la-florida,departamento,venta,4700.0,,67,71,2,2,nombre_de_proyecto,https://portalinmobiliario.com/MLC-1908368413-depto-2d2b-con-vista-panoramica-en-exclusivo-condominio-_JM
BAJA,3844565474,Departamento Con Áreas Verdes Y Vista Despejada En...,la-florida,departamento,venta,7300.0,,134,134,3,2,nombre_de_proyecto,https://portalinmobiliario.com/MLC-3844565474-departamento-con-areas-verdes-y-vista-despejada-en-_JM
BAJA,3847986468,Venta Depto En Condominio 7 Plazas La Florida,la-florida,departamento,venta,,100000000.0,53,56,2,2,nombre_de_proyecto,https://portalinmobiliario.com/MLC-3847986468-venta-depto-en-condominio-7-plazas-la-florida-_JM
BAJA,4179285368,Condominio 3d 2b Terraza Y Estacionamiento,la-florida,departamento,venta,3890.0,,78,84,3,2,nombre_de_proyecto,https://portalinmobiliario.com/MLC-4179285368-condominio-3d-2b-terraza-y-estacionamiento-_JM
BAJA,3880307570,Depto Mariposa Metro Mirador,la-florida,departamento,venta,3800.0,,60,60,2,2,titulo_corto_tipo_nombre,https://portalinmobiliario.com/MLC-3880307570-depto-mariposa-metro-mirador-_JM
BAJA,4164895510,Departamento  Excelente Ubicación ¡¡,la-florida,departamento,venta,4150.0,,62,62,3,2,titulo_corto_tipo_nombre,https://portalinmobiliario.com/MLC-4164895510-departamento-excelente-ubicacion--_JM
BAJA,3824391094,Departamento G Alderete/la Florida,la-florida,departamento,venta,3890.0,,65,65,2,2,titulo_corto_tipo_nombre,https://portalinmobiliario.com/MLC-3824391094-departamento-g-alderetela-florida-_JM
BAJA,4201714898,Luminoso Y Amplio Depto/ Hermosa Vista (171124),la-florida,departamento,venta,4200.0,,78,84,4,2,nombre_de_proyecto,https://portalinmobiliario.com/MLC-4201714898-luminoso-y-amplio-depto-hermosa-vista-171124-_JM
BAJA,2027787191,Colombia/ Vicente Valdes (138352),la-florida,departamento,venta,,150000000.0,56,62,3,2,titulo_corto_tipo_nombre,https://portalinmobiliario.com/MLC-2027787191-colombia-vicente-valdes-138352-_JM
BAJA,4201748566,Vista Despejada Barrio Residencial Semi Nuevo,la-florida,departamento,venta,,93000000.0,36,36,1,1,nombre_de_proyecto,https://portalinmobiliario.com/MLC-4201748566-vista-despejada-barrio-residencial-semi-nuevo-_JM
BAJA,4018731884,"Condominio, 2 Dormitorios, Estacionamiento, Bodega",la-florida,departamento,venta,2696.0,,43,45,2,1,nombre_de_proyecto,https://portalinmobiliario.com/MLC-4018731884-condominio-2-dormitorios-estacionamiento-bodega-_JM
BAJA,4176332736,Amplio Departamento Con Preciosa Vista  (169896),la-florida,departamento,venta,2990.0,,70,70,2,2,nombre_de_proyecto,https://portalinmobiliario.com/MLC-4176332736-amplio-departamento-con-preciosa-vista-169896-_JM
BAJA,4201741248,Vive En Alto Macul 3d 2b Con Vista Despejada,la-florida,departamento,venta,7500.0,,107,125,3,2,nombre_de_proyecto,https://portalinmobiliario.com/MLC-4201741248-vive-en-alto-macul-3d-2b-con-vista-despejada-_JM
BAJA,4198199584,Luminoso Departamento 2d 1b Con Vista Despejada,la-florida,departamento,venta,3200.0,,49,53,2,1,nombre_de_proyecto,https://portalinmobiliario.com/MLC-4198199584-luminoso-departamento-2d-1b-con-vista-despejada-_JM
BAJA,2039820049,(168246),la-florida,departamento,venta,3780.0,,52,52,2,2,titulo_corto_tipo_nombre,https://portalinmobiliario.com/MLC-2039820049-168246-_JM
BAJA,4170195654,"Se Vende Depto. Estudio,la Florida M. Bellavista/ Vic. Mack.",la-florida,departamento,venta,1695.0,,19,19,1,1,m2_util_minimo_de_rango,https://portalinmobiliario.com/MLC-4170195654-se-vende-depto-estudiola-florida-m-bellavista-vic-mack-_JM
BAJA,4201739830,Alto Macul Concepto Penthouse 60m2 Terraza 15m2,la-florida,departamento,venta,3600.0,,45,60,1,1,nombre_de_proyecto,https://portalinmobiliario.com/MLC-4201739830-alto-macul-concepto-penthouse-60m2-terraza-15m2-_JM
BAJA,4159908732,Inversión Cerca Del Metro Y Mall Plaza Vespucio,la-florida,departamento,venta,3890.0,,40,43,2,1,nombre_de_proyecto,https://portalinmobiliario.com/MLC-4159908732-inversion-cerca-del-metro-y-mall-plaza-vespucio-_JM
BAJA,4168019934,Departamento Metro Mirador Azul,la-florida,departamento,venta,2510.0,,58,60,2,2,titulo_corto_tipo_nombre,https://portalinmobiliario.com/MLC-4168019934-departamento-metro-mirador-azul-_JM
BAJA,4139155978,Departamento Tipo Estudio - Mall Plaza Vespucio,la-florida,departamento,venta,2500.0,,29,32,1,1,nombre_de_proyecto,https://portalinmobiliario.com/MLC-4139155978-departamento-tipo-estudio-mall-plaza-vespucio-_JM
BAJA,1986963983,Vista Panorámica | Estación Trinidad | Venta Depar...,la-florida,departamento,venta,2974.0,,46,48,3,1,nombre_de_proyecto,https://portalinmobiliario.com/MLC-1986963983-vista-panoramica-estacion-trinidad-venta-depar-_JM
BAJA,2069549317,Corazón De La Florida,la-florida,departamento,venta,,90000000.0,28,30,1,1,titulo_corto_tipo_nombre,https://portalinmobiliario.com/MLC-2069549317-corazon-de-la-florida-_JM
BAJA,3997437774,"Depto Rupanco, Mall Plaza Vespucio 3d 2d E B",la-florida,departamento,venta,,115000000.0,72,76,3,2,nombre_de_proyecto,https://portalinmobiliario.com/MLC-3997437774-depto-rupanco-mall-plaza-vespucio-3d-2d-e-b-_JM
BAJA,3915797192,"Metro Mirador, Museo Mim, Florida Center, Plaza Vespucio",la-florida,departamento,venta,2720.0,,26,30,1,1,nombre_de_proyecto,https://portalinmobiliario.com/MLC-3915797192-metro-mirador-museo-mim-florida-center-plaza-vespucio-_JM
BAJA,2070931181,Venta Departamento Estudio Super Buena Ubicacion,la-florida,departamento,venta,,59200000.0,15,19,1,1,m2_util_minimo_de_rango,https://portalinmobiliario.com/MLC-2070931181-venta-departamento-estudio-super-buena-ubicacion-_JM
BAJA,1961366689,Departamento Nuevo La Florida,la-florida,departamento,venta,2890.0,,34,34,1,1,titulo_corto_tipo_nombre,https://portalinmobiliario.com/MLC-1961366689-departamento-nuevo-la-florida-_JM
BAJA,4202056842,Venta Departamento La Florida A Pasos Del Parque Brasil,la-florida,departamento,venta,,99000000.0,65,68,2,2,nombre_de_proyecto,https://portalinmobiliario.com/MLC-4202056842-venta-departamento-la-florida-a-pasos-del-parque-brasil-_JM
BAJA,2048431005,Depto Vista Despejada En Piso 5 (174893),la-florida,departamento,venta,,105000000.0,54,56,2,2,nombre_de_proyecto,https://portalinmobiliario.com/MLC-2048431005-depto-vista-despejada-en-piso-5-174893-_JM
BAJA,4162522856,Depto 1d/1b Bodega Y Terraza | Edificio Pilare,la-florida,departamento,venta,2100.0,,32,38,1,1,nombre_de_proyecto,https://portalinmobiliario.com/MLC-4162522856-depto-1d1b-bodega-y-terraza-edificio-pilare-_JM
BAJA,4206488502,Departamento Estudio Lado Mall Y Metro,la-florida,departamento,venta,,70800000.0,19,19,1,1,m2_util_minimo_de_rango,https://portalinmobiliario.com/MLC-4206488502-departamento-estudio-lado-mall-y-metro-_JM
BAJA,2070931463,"Bono Pie, Venta Departamento 2d 1b Metro Vicente Valdes",la-florida,departamento,venta,2600.0,,9,42,2,1,superficies_incoherentes | m2_util_minimo_de_rango,https://portalinmobiliario.com/MLC-2070931463-bono-pie-venta-departamento-2d-1b-metro-vicente-valdes-_JM
BAJA,1883011329,Metro Mirador Azul,la-florida,departamento,venta,3600.0,,54,57,2,2,titulo_corto_tipo_nombre,https://portalinmobiliario.com/MLC-1883011329-metro-mirador-azul-_JM
BAJA,2064053417,"Venta Departamento La Florida, Calle Nueva. (141277)",la-florida,departamento,venta,1450.0,,18,18,,,m2_util_minimo_de_rango,https://portalinmobiliario.com/MLC-2064053417-venta-departamento-la-florida-calle-nueva-141277-_JM
BAJA,2048433803,Departamernto Sin Pie (169149),la-florida,departamento,venta,3000.0,,30,32,1,1,titulo_corto_tipo_nombre,https://portalinmobiliario.com/MLC-2048433803-departamernto-sin-pie-169149-_JM
BAJA,2039833179,Alonso De Ercilla (121683),la-florida,departamento,venta,5000.0,,84,104,3,2,titulo_corto_tipo_nombre,https://portalinmobiliario.com/MLC-2039833179-alonso-de-ercilla-121683-_JM
BAJA,4058628806,Metro Macul | 2d 2b | Vista Despejada | Piso 14 | Orien. Pon,la-florida,departamento,venta,3700.0,,56,66,2,2,nombre_de_proyecto,https://portalinmobiliario.com/MLC-4058628806-metro-macul-2d-2b-vista-despejada-piso-14-orien-pon-_JM
BAJA,4164835118,Venta Depto 3 D + 2b + Estacionamiento / Plaza Vespucio,la-florida,departamento,venta,3690.0,,67,72,3,2,nombre_de_proyecto,https://portalinmobiliario.com/MLC-4164835118-venta-depto-3-d-2b-estacionamiento-plaza-vespucio-_JM
BAJA,4201710556,Invierte En Renta Residencial Con Entrega Inmediata,la-florida,departamento,venta,3525.0,,39,42,2,1,nombre_de_proyecto,https://portalinmobiliario.com/MLC-4201710556-invierte-en-renta-residencial-con-entrega-inmediata-_JM
BAJA,4179339822,Departamento A Pasos Mall Plaza (116289),la-florida,departamento,venta,2600.0,,42,45,2,1,nombre_de_proyecto,https://portalinmobiliario.com/MLC-4179339822-departamento-a-pasos-mall-plaza-116289-_JM
BAJA,2070815353,Invierte En Renta Residencial Con Entrega Inmediata,la-florida,departamento,venta,3425.0,,34,38,1,1,nombre_de_proyecto,https://portalinmobiliario.com/MLC-2070815353-invierte-en-renta-residencial-con-entrega-inmediata-_JM
BAJA,1945480673,La Florida Dpto Calle Santa Victoria 9448,la-florida,departamento,venta,3192.0,,5,55,2,2,superficies_incoherentes | m2_util_minimo_de_rango,https://portalinmobiliario.com/MLC-1945480673-la-florida-dpto-calle-santa-victoria-9448-_JM
BAJA,4020459598,"Hermoso Condominio, 3 Dormitorios, Amplios Jardines",la-florida,departamento,venta,4500.0,,77,82,3,2,nombre_de_proyecto,https://portalinmobiliario.com/MLC-4020459598-hermoso-condominio-3-dormitorios-amplios-jardines-_JM
BAJA,2035145817,Moderno Depto Cerca Del Metro Y Parques (173849),la-florida,departamento,venta,2890.0,,60,62,2,2,nombre_de_proyecto,https://portalinmobiliario.com/MLC-2035145817-moderno-depto-cerca-del-metro-y-parques-173849-_JM
BAJA,4139154862,Moderno Depto Cerca Del Metro Y Parques (173847),la-florida,departamento,venta,2490.0,,60,62,2,2,nombre_de_proyecto,https://portalinmobiliario.com/MLC-4139154862-moderno-depto-cerca-del-metro-y-parques-173847-_JM
BAJA,4139154860,Moderno Depto Cerca Del Metro Y Parques (173848),la-florida,departamento,venta,1990.0,,45,47,1,1,nombre_de_proyecto,https://portalinmobiliario.com/MLC-4139154860-moderno-depto-cerca-del-metro-y-parques-173848-_JM
BAJA,4210790938,Av. Tobalaba (piso 4),la-florida,departamento,venta,2990.0,,50,53,3,2,titulo_corto_tipo_nombre,https://portalinmobiliario.com/MLC-4210790938-av-tobalaba-piso-4-_JM
BAJA,3563458560,"Departamento Doble Altura Alto Macul, Descuento De...",la-florida,departamento,venta,5200.0,,83,96,2,2,nombre_de_proyecto,https://portalinmobiliario.com/MLC-3563458560-departamento-doble-altura-alto-macul-descuento-de-_JM
BAJA,1860250771,Departamento Con Jardín,la-florida,departamento,venta,4410.0,,50,101,2,2,titulo_corto_tipo_nombre | superficies_incoherentes,https://portalinmobiliario.com/MLC-1860250771-departamento-con-jardin-_JM
BAJA,4160985576,3d+1b En Condominio,la-florida,departamento,venta,1990.0,,52,52,3,1,nombre_de_proyecto,https://portalinmobiliario.com/MLC-4160985576-3d1b-en-condominio-_JM
BAJA,4196457822,Precio Insuperable!!!!!!!!!!!!,la-florida,departamento,venta,,67990000.0,30,30,1,1,titulo_corto_tipo_nombre,https://portalinmobiliario.com/MLC-4196457822-precio-insuperable-_JM
BAJA,3780221456,Exclusivo Homestudio Totalmente Nuevo,la-florida,departamento,venta,,79850000.0,28,28,1,1,nombre_de_proyecto,https://portalinmobiliario.com/MLC-3780221456-exclusivo-homestudio-totalmente-nuevo-_JM
BAJA,3997445372,Amplio Departamento Con Patio Privado,la-florida,departamento,venta,4100.0,,47,107,1,1,superficies_incoherentes,https://portalinmobiliario.com/MLC-3997445372-amplio-departamento-con-patio-privado-_JM
BAJA,1990053161,Amplio Y Hermoso Depto.en Condominio Ongolmo/w.martinez,la-florida,departamento,venta,3490.0,,67,72,2,2,nombre_de_proyecto,https://portalinmobiliario.com/MLC-1990053161-amplio-y-hermoso-deptoen-condominio-ongolmowmartinez-_JM
BAJA,3843178498,"Depto 2d2b Vista Oriente Excelente Ubicación, Lumi...",la-florida,departamento,venta,3000.0,,55,55,2,2,nombre_de_proyecto,https://portalinmobiliario.com/MLC-3843178498-depto-2d2b-vista-oriente-excelente-ubicacion-lumi-_JM
BAJA,1870821213,"Condominio, 2 Dormitorios, Estacionamiento, Piscina",la-florida,departamento,venta,2696.0,,43,45,2,1,nombre_de_proyecto,https://portalinmobiliario.com/MLC-1870821213-condominio-2-dormitorios-estacionamiento-piscina-_JM
BAJA,1943005325,"Depto Frente A Mall Plaza Vespucio 2d 2b 1e 1bd, La Florida.",la-florida,departamento,venta,,123000000.0,56,59,2,2,nombre_de_proyecto,https://portalinmobiliario.com/MLC-1943005325-depto-frente-a-mall-plaza-vespucio-2d-2b-1e-1bd-la-florida-_JM
BAJA,1940286423,Amplio Depto 3d+2b. Estac+ Bod. Vista Parque Brasil,la-florida,departamento,venta,2995.0,,68,74,3,2,nombre_de_proyecto,https://portalinmobiliario.com/MLC-1940286423-amplio-depto-3d2b-estac-bod-vista-parque-brasil-_JM
BAJA,3803424446,Full Equipado Semi Nuevo,la-florida,departamento,venta,1950.0,,27,27,1,1,titulo_corto_tipo_nombre,https://portalinmobiliario.com/MLC-3803424446-full-equipado-semi-nuevo-_JM
BAJA,3986433462,Hermoso Departamento,la-florida,departamento,venta,,127500000.0,55,70,2,2,titulo_corto_tipo_nombre,https://portalinmobiliario.com/MLC-3986433462-hermoso-departamento-_JM
BAJA,3792315370,Espectacular Depto,la-florida,departamento,venta,3700.0,,50,57,2,2,titulo_corto_tipo_nombre,https://portalinmobiliario.com/MLC-3792315370-espectacular-depto-_JM
BAJA,3989368624,"Condominio Tranquilo, Gastos Bajos, Metro Mirador",la-florida,departamento,venta,3320.0,,75,78,3,2,nombre_de_proyecto,https://portalinmobiliario.com/MLC-3989368624-condominio-tranquilo-gastos-bajos-metro-mirador-_JM
BAJA,4198493992,Venta Depto Amoblado Listo Para Airbnb,la-florida,departamento,venta,1400.0,,20,20,1,1,m2_util_minimo_de_rango,https://portalinmobiliario.com/MLC-4198493992-venta-depto-amoblado-listo-para-airbnb-_JM
BAJA,1922051805,"Solo Inversionistas. Rentabilidad   5,2%",la-florida,departamento,venta,1900.0,,32,36,1,1,titulo_corto_tipo_nombre,https://portalinmobiliario.com/MLC-1922051805-solo-inversionistas-rentabilidad-52-_JM
BAJA,4146258716,Venta Depto. 2d2b1e En Hermoso Condominio  (133436),la-florida,departamento,venta,3550.0,,70,74,2,2,nombre_de_proyecto,https://portalinmobiliario.com/MLC-4146258716-venta-depto-2d2b1e-en-hermoso-condominio-133436-_JM
BAJA,4130599698,Hermoso Deparartamento,la-florida,departamento,venta,,72000000.0,60,60,3,1,titulo_corto_tipo_nombre,https://portalinmobiliario.com/MLC-4130599698-hermoso-deparartamento-_JM
BAJA,3867127770,Alto Macul / Condominio Alta Vista Ii,la-florida,departamento,venta,5900.0,,79,94,3,2,nombre_de_proyecto,https://portalinmobiliario.com/MLC-3867127770-alto-macul-condominio-alta-vista-ii-_JM
BAJA,1999222335,"Departamento En Alto Macul, Vista Panorámica",la-florida,departamento,venta,5790.0,,84,99,3,2,nombre_de_proyecto,https://portalinmobiliario.com/MLC-1999222335-departamento-en-alto-macul-vista-panoramica-_JM
BAJA,4155685236,Como Nuevo Venta 3d 2b 1e 1b Alto Macul La Florida,la-florida,departamento,venta,5400.0,,84,101,3,2,nombre_de_proyecto,https://portalinmobiliario.com/MLC-4155685236-como-nuevo-venta-3d-2b-1e-1b-alto-macul-la-florida-_JM
BAJA,2062073693,A Pasos Plaza Vespucio Paradero 14 Vicuña Mackenna,la-florida,departamento,venta,,62000000.0,70,70,3,1,nombre_de_proyecto,https://portalinmobiliario.com/MLC-2062073693-a-pasos-plaza-vespucio-paradero-14-vicuna-mackenna-_JM
BAJA,1870886153,"Condominio, 1 Dormitorio, La Florida",la-florida,departamento,venta,2194.0,,33,38,1,1,nombre_de_proyecto,https://portalinmobiliario.com/MLC-1870886153-condominio-1-dormitorio-la-florida-_JM
BAJA,1938090977,Amplio Y Acogedor Departamento En La Florida,la-florida,departamento,venta,3600.0,,15,45,1,1,superficies_incoherentes | m2_util_minimo_de_rango,https://portalinmobiliario.com/MLC-1938090977-amplio-y-acogedor-departamento-en-la-florida-_JM
BAJA,4016779892,"Departamento En Condominio Siete Plazas, Cercano A Metro",la-florida,departamento,venta,2790.0,,68,70,3,2,nombre_de_proyecto,https://portalinmobiliario.com/MLC-4016779892-departamento-en-condominio-siete-plazas-cercano-a-metro-_JM
BAJA,3842661450,Hermoso Departamento,la-florida,departamento,venta,,127000000.0,70,75,2,2,titulo_corto_tipo_nombre,https://portalinmobiliario.com/MLC-3842661450-hermoso-departamento-_JM
BAJA,1949834749,Venta Departamento La Florida,la-florida,departamento,venta,2150.0,,52,52,2,1,titulo_corto_tipo_nombre,https://portalinmobiliario.com/MLC-1949834749-venta-departamento-la-florida-_JM
BAJA,1996331083,Departamento La Florida,la-florida,departamento,venta,2757.0,,64,64,3,2,titulo_corto_tipo_nombre,https://portalinmobiliario.com/MLC-1996331083-departamento-la-florida-_JM
BAJA,1489652691,Se Vende Amplio Dpto Paradero 13 Vicuña Mackenna,la-florida,departamento,venta,4100.0,,5,71,3,2,superficies_incoherentes | m2_util_minimo_de_rango,https://portalinmobiliario.com/MLC-1489652691-se-vende-amplio-dpto-paradero-13-vicuna-mackenna-_JM
BAJA,1933994725,"Condominio, 2 Dormitorios, Estacionamiento, Piscina",la-florida,departamento,venta,3112.0,,52,57,2,2,nombre_de_proyecto,https://portalinmobiliario.com/MLC-1933994725-condominio-2-dormitorios-estacionamiento-piscina-_JM
BAJA,3986247132,Depto. 3d+2b +2est. Vista Cordillera La Florida,la-florida,departamento,venta,5350.0,,70,82,3,2,nombre_de_proyecto,https://portalinmobiliario.com/MLC-3986247132-depto-3d2b-2est-vista-cordillera-la-florida-_JM
BAJA,4045549522,Vicente Valdes  (73968),la-florida,departamento,venta,2850.0,,50,54,2,2,titulo_corto_tipo_nombre,https://portalinmobiliario.com/MLC-4045549522-vicente-valdes-73968-_JM
BAJA,3719568140,Depto 3d + 2b  Vista Oriente Y 3 Estacionamientos,la-florida,departamento,venta,,105000000.0,54,54,3,2,nombre_de_proyecto,https://portalinmobiliario.com/MLC-3719568140-depto-3d-2b-vista-oriente-y-3-estacionamientos-_JM
BAJA,3788715618,Departamento Para Remodelar,la-florida,departamento,venta,,35000000.0,35,35,2,1,titulo_corto_tipo_nombre,https://portalinmobiliario.com/MLC-3788715618-departamento-para-remodelar-_JM
BAJA,1987003607,"Moderno Depto. Con Vista Despejada, 2d/2b",la-florida,departamento,venta,4900.0,,60,71,2,2,nombre_de_proyecto,https://portalinmobiliario.com/MLC-1987003607-moderno-depto-con-vista-despejada-2d2b-_JM
BAJA,1997632163,Mirador Azul,la-florida,departamento,venta,,90000000.0,56,58,3,1,titulo_corto_tipo_nombre,https://portalinmobiliario.com/MLC-1997632163-mirador-azul-_JM
BAJA,4102141686,Mall Plaza Vespucio // V. Mackenna,la-florida,departamento,venta,2800.0,,44,46,2,2,nombre_de_proyecto,https://portalinmobiliario.com/MLC-4102141686-mall-plaza-vespucio-v-mackenna-_JM
BAJA,2027947289,Metro Trinidad (l4) (166599),la-florida,departamento,venta,2230.0,,29,33,1,1,titulo_corto_tipo_nombre,https://portalinmobiliario.com/MLC-2027947289-metro-trinidad-l4-166599-_JM
BAJA,1986458573,Amplio Departamento 3d 2b En Condominio La Florida,la-florida,departamento,venta,4690.0,,78,78,3,2,nombre_de_proyecto,https://portalinmobiliario.com/MLC-1986458573-amplio-departamento-3d-2b-en-condominio-la-florida-_JM
BAJA,4045536496,Las Acacias  (74120),la-florida,departamento,venta,5500.0,,78,88,3,2,titulo_corto_tipo_nombre,https://portalinmobiliario.com/MLC-4045536496-las-acacias-74120-_JM
BAJA,4045536534,Avenida Vicuña Mackenna Poniente (73943),la-florida,departamento,venta,4500.0,,79,158,3,2,superficies_incoherentes,https://portalinmobiliario.com/MLC-4045536534-avenida-vicuna-mackenna-poniente-73943-_JM
BAJA,4045562512,Avenida Vicuña Mackenna (74051),la-florida,departamento,venta,3990.0,,80,85,3,2,titulo_corto_tipo_nombre,https://portalinmobiliario.com/MLC-4045562512-avenida-vicuna-mackenna-74051-_JM
BAJA,2027787205,Condominio 24/7 La Florida  Excelente Ubicaci (138039),la-florida,departamento,venta,2990.0,,57,57,3,1,nombre_de_proyecto,https://portalinmobiliario.com/MLC-2027787205-condominio-247-la-florida-excelente-ubicaci-138039-_JM
BAJA,4045523530,Gerónimo De Alderete (92931),la-florida,departamento,venta,2900.0,,67,74,2,2,titulo_corto_tipo_nombre,https://portalinmobiliario.com/MLC-4045523530-geronimo-de-alderete-92931-_JM
BAJA,1980823939,Departamento Venta De 1 Dorm. 1 Estacionamiento. La Florida,la-florida,departamento,venta,2600.0,,31,84,1,1,superficies_incoherentes,https://portalinmobiliario.com/MLC-1980823939-departamento-venta-de-1-dorm-1-estacionamiento-la-florida-_JM
BAJA,4045523482,Atahualpa (74078),la-florida,departamento,venta,3000.0,,56,59,2,1,titulo_corto_tipo_nombre,https://portalinmobiliario.com/MLC-4045523482-atahualpa-74078-_JM
BAJA,4102136020,"Preciosos Departamento, Inmejorables Terminaciones!!",la-florida,departamento,venta,2379.0,97169755,34,34,1,1,titulo_corto_tipo_nombre,https://portalinmobiliario.com/MLC-4102136020-preciosos-departamento-inmejorables-terminaciones-_JM
BAJA,4045549548,Juan De Pineda (74007),la-florida,departamento,venta,2990.0,,46,50,2,1,titulo_corto_tipo_nombre,https://portalinmobiliario.com/MLC-4045549548-juan-de-pineda-74007-_JM
BAJA,2079325301,Departamento Seminuevo Metro Macul,la-florida,departamento,venta,2300.0,,32,38,1,1,titulo_corto_tipo_nombre,https://portalinmobiliario.com/MLC-2079325301-departamento-seminuevo-metro-macul-_JM
BAJA,4213163554,Venta Departamento La Florida,la-florida,departamento,venta,2890.0,,38,38,1,1,titulo_corto_tipo_nombre,https://portalinmobiliario.com/MLC-4213163554-venta-departamento-la-florida-_JM
BAJA,1990019901,3d2b Est Y Bodega,la-florida,departamento,venta,2900.0,,55,58,3,2,titulo_corto_tipo_nombre,https://portalinmobiliario.com/MLC-1990019901-3d2b-est-y-bodega-_JM
BAJA,1980829499,Moderno Exclusivo 1d1b Sin Uso Con Refrigerador Y Lavadora,la-florida,departamento,venta,3199.0,,4,34,1,1,superficies_incoherentes | m2_util_minimo_de_rango,https://portalinmobiliario.com/MLC-1980829499-moderno-exclusivo-1d1b-sin-uso-con-refrigerador-y-lavadora-_JM
BAJA,2004172235,"Moderno Exclusivo Sin Uso Con Refrigerador, Lavadora Y Mas",la-florida,departamento,venta,3100.0,,4,34,1,1,superficies_incoherentes | m2_util_minimo_de_rango,https://portalinmobiliario.com/MLC-2004172235-moderno-exclusivo-sin-uso-con-refrigerador-lavadora-y-mas-_JM
BAJA,4132768692,Acogedor Depto | Condominio Mirador | La Florida,la-florida,departamento,venta,4490.0,,79,85,3,2,nombre_de_proyecto,https://portalinmobiliario.com/MLC-4132768692-acogedor-depto-condominio-mirador-la-florida-_JM
BAJA,2037609925,Edificio La Concepción (1 Est. 1 Bod.) Vista Norte Piso 4,la-florida,departamento,venta,5176.0,,76,83,2,2,nombre_de_proyecto,https://portalinmobiliario.com/MLC-2037609925-edificio-la-concepcion-1-est-1-bod-vista-norte-piso-4-_JM
BAJA,2037609635,Edificio Walker Martínez (1 Est. 1 Bod.) Vista Oriente Pis,la-florida,departamento,venta,3700.0,,55,62,2,2,nombre_de_proyecto,https://portalinmobiliario.com/MLC-2037609635-edificio-walker-martinez-1-est-1-bod-vista-oriente-pis-_JM
BAJA,2037566553,Edificio Serafín Zamora Vista Poniente Piso 26,la-florida,departamento,venta,1950.0,,26,26,,1,nombre_de_proyecto,https://portalinmobiliario.com/MLC-2037566553-edificio-serafin-zamora-vista-poniente-piso-26-_JM
BAJA,2037597227,Edificio Juan De Pineda Vista Sur Piso 3,la-florida,departamento,venta,2672.0,,32,36,1,1,nombre_de_proyecto,https://portalinmobiliario.com/MLC-2037597227-edificio-juan-de-pineda-vista-sur-piso-3-_JM
BAJA,4143478128,Edificio Lia Aguirre Vista Nororiente Piso 9,la-florida,departamento,venta,1776.0,,19,19,,1,nombre_de_proyecto | m2_util_minimo_de_rango,https://portalinmobiliario.com/MLC-4143478128-edificio-lia-aguirre-vista-nororiente-piso-9-_JM
BAJA,2037609981,Edificio Colombia (1 Est. 1 Bod.) Vista Nororiente Piso 6,la-florida,departamento,venta,5500.0,,73,84,3,2,nombre_de_proyecto,https://portalinmobiliario.com/MLC-2037609981-edificio-colombia-1-est-1-bod-vista-nororiente-piso-6-_JM
BAJA,2037597343,Edificio Nueva Cuatro (1 Est.) Vista Poniente Piso 14,la-florida,departamento,venta,2784.0,,30,34,1,1,nombre_de_proyecto,https://portalinmobiliario.com/MLC-2037597343-edificio-nueva-cuatro-1-est-vista-poniente-piso-14-_JM
BAJA,2037596925,Edificio Vicuña Mackenna Oriente (1 Est. 1 Bod.) Vista Pon,la-florida,departamento,venta,2880.0,,49,54,2,2,nombre_de_proyecto,https://portalinmobiliario.com/MLC-2037596925-edificio-vicuna-mackenna-oriente-1-est-1-bod-vista-pon-_JM
BAJA,2037566567,Edificio Llanquihue Vista Oriente Piso 11,la-florida,departamento,venta,2992.0,,35,41,1,1,nombre_de_proyecto,https://portalinmobiliario.com/MLC-2037566567-edificio-llanquihue-vista-oriente-piso-11-_JM
BAJA,2037610163,Edificio Rupanco Vista Poniente Piso 2,la-florida,departamento,venta,3834.0,,50,62,2,2,nombre_de_proyecto,https://portalinmobiliario.com/MLC-2037610163-edificio-rupanco-vista-poniente-piso-2-_JM
BAJA,2037597357,Edificio Llanquihue Vista Oriente Piso 14,la-florida,departamento,venta,3013.0,,34,41,1,1,nombre_de_proyecto,https://portalinmobiliario.com/MLC-2037597357-edificio-llanquihue-vista-oriente-piso-14-_JM
BAJA,2037609501,Edificio Vicuña Mackenna Oriente (1 Est. 1 Bod.) Vista Ori,la-florida,departamento,venta,2840.0,,50,53,2,2,nombre_de_proyecto,https://portalinmobiliario.com/MLC-2037609501-edificio-vicuna-mackenna-oriente-1-est-1-bod-vista-ori-_JM
BAJA,2037566587,Edificio Rupanco (1 Est. 1 Bod.) Vista Poniente Piso 2,la-florida,departamento,venta,3105.0,,42,49,2,1,nombre_de_proyecto,https://portalinmobiliario.com/MLC-2037566587-edificio-rupanco-1-est-1-bod-vista-poniente-piso-2-_JM
BAJA,2037597507,Edificio Llanquihue Vista Oriente Piso 10,la-florida,departamento,venta,2992.0,,35,41,1,1,nombre_de_proyecto,https://portalinmobiliario.com/MLC-2037597507-edificio-llanquihue-vista-oriente-piso-10-_JM
BAJA,2037609985,Edificio Llanquihue (1 Est.) Vista Oriente Piso 3,la-florida,departamento,venta,3313.0,,34,41,1,1,nombre_de_proyecto,https://portalinmobiliario.com/MLC-2037609985-edificio-llanquihue-1-est-vista-oriente-piso-3-_JM
BAJA,4143478028,Edificio Llanquihue (1 Est.) Vista Poniente Piso 6,la-florida,departamento,venta,3643.0,,49,56,2,2,nombre_de_proyecto,https://portalinmobiliario.com/MLC-4143478028-edificio-llanquihue-1-est-vista-poniente-piso-6-_JM
BAJA,2037566539,Edificio Lia Aguirre Vista Sur Piso 8,la-florida,departamento,venta,1980.0,,16,16,,1,nombre_de_proyecto | m2_util_minimo_de_rango,https://portalinmobiliario.com/MLC-2037566539-edificio-lia-aguirre-vista-sur-piso-8-_JM
BAJA,2037609951,Edificio Llanquihue (1 Est.) Vista Poniente Piso 11,la-florida,departamento,venta,3780.0,,50,57,2,2,nombre_de_proyecto,https://portalinmobiliario.com/MLC-2037609951-edificio-llanquihue-1-est-vista-poniente-piso-11-_JM
BAJA,2057143491,Venta Departamento Plaza Vespucio,la-florida,departamento,venta,3000.0,,40,42,2,2,nombre_de_proyecto,https://portalinmobiliario.com/MLC-2057143491-venta-departamento-plaza-vespucio-_JM
BAJA,2037609905,Edificio Av. Diego Portales (1 Est.) Vista Poniente Piso 5,la-florida,departamento,venta,2950.0,,47,50,2,2,nombre_de_proyecto,https://portalinmobiliario.com/MLC-2037609905-edificio-av-diego-portales-1-est-vista-poniente-piso-5-_JM
BAJA,2037597475,Edificio Lia Aguirre Vista Sur Piso 5,la-florida,departamento,venta,1980.0,,18,18,,1,nombre_de_proyecto | m2_util_minimo_de_rango,https://portalinmobiliario.com/MLC-2037597475-edificio-lia-aguirre-vista-sur-piso-5-_JM
BAJA,2037610237,Edificio Rupanco Vista Poniente Piso 15,la-florida,departamento,venta,3293.0,,42,49,2,1,nombre_de_proyecto,https://portalinmobiliario.com/MLC-2037610237-edificio-rupanco-vista-poniente-piso-15-_JM
BAJA,2037566595,Edificio Rupanco (1 Est. 1 Bod.) Vista Poniente Piso 4,la-florida,departamento,venta,3137.0,,42,49,2,1,nombre_de_proyecto,https://portalinmobiliario.com/MLC-2037566595-edificio-rupanco-1-est-1-bod-vista-poniente-piso-4-_JM
BAJA,2037609909,Edificio Av. Departamental (1 Bod.) Vista Poniente Piso 12,la-florida,departamento,venta,2658.0,,32,37,1,1,nombre_de_proyecto,https://portalinmobiliario.com/MLC-2037609909-edificio-av-departamental-1-bod-vista-poniente-piso-12-_JM
BAJA,2037597291,Edificio Av. Departamental (1 Est.) Vista Poniente Piso 9,la-florida,departamento,venta,2892.0,,31,37,1,1,nombre_de_proyecto,https://portalinmobiliario.com/MLC-2037597291-edificio-av-departamental-1-est-vista-poniente-piso-9-_JM
BAJA,4143478198,Edificio Rupanco Vista Poniente Piso 6,la-florida,departamento,venta,3170.0,,42,49,2,1,nombre_de_proyecto,https://portalinmobiliario.com/MLC-4143478198-edificio-rupanco-vista-poniente-piso-6-_JM
BAJA,2037597519,Edificio Rupanco (1 Est. 1 Bod.) Vista Poniente Piso 3,la-florida,departamento,venta,3121.0,,42,49,2,1,nombre_de_proyecto,https://portalinmobiliario.com/MLC-2037597519-edificio-rupanco-1-est-1-bod-vista-poniente-piso-3-_JM
BAJA,2037597287,Edificio Av. Diego Portales (1 Est.) Vista Poniente Piso 5,la-florida,departamento,venta,2950.0,,47,50,2,2,nombre_de_proyecto,https://portalinmobiliario.com/MLC-2037597287-edificio-av-diego-portales-1-est-vista-poniente-piso-5-_JM
BAJA,2037609815,Edificio Vicuña Mackenna Oriente Piso 26,la-florida,departamento,venta,2125.0,,34,39,1,1,nombre_de_proyecto,https://portalinmobiliario.com/MLC-2037609815-edificio-vicuna-mackenna-oriente-piso-26-_JM
BAJA,2037610259,Edificio Froilán Roa (1 Est.) Vista Sur Piso 5,la-florida,departamento,venta,3614.0,,45,51,2,2,nombre_de_proyecto,https://portalinmobiliario.com/MLC-2037610259-edificio-froilan-roa-1-est-vista-sur-piso-5-_JM
BAJA,4143477610,Edificio Vicuña Mackenna Oriente Vista Surponiente Piso 10,la-florida,departamento,venta,2020.0,,32,35,1,1,nombre_de_proyecto,https://portalinmobiliario.com/MLC-4143477610-edificio-vicuna-mackenna-oriente-vista-surponiente-piso-10-_JM
BAJA,2037597289,Edificio Av. Diego Portales (1 Est.) Vista Oriente Piso 5,la-florida,departamento,venta,2950.0,,47,50,2,2,nombre_de_proyecto,https://portalinmobiliario.com/MLC-2037597289-edificio-av-diego-portales-1-est-vista-oriente-piso-5-_JM
BAJA,1971492547,"Venta De Depto, Plaza Vespucio, A Pasos Del Metro",la-florida,departamento,venta,1950.0,,30,34,1,1,nombre_de_proyecto,https://portalinmobiliario.com/MLC-1971492547-venta-de-depto-plaza-vespucio-a-pasos-del-metro-_JM
BAJA,4143477632,Edificio Vicuña Mackenna Oriente Vista Oriente Piso 26,la-florida,departamento,venta,2356.0,,32,37,1,1,nombre_de_proyecto,https://portalinmobiliario.com/MLC-4143477632-edificio-vicuna-mackenna-oriente-vista-oriente-piso-26-_JM
BAJA,4143477970,Edificio Av. Diego Portales Vista Poniente Piso 5,la-florida,departamento,venta,2505.0,,44,47,2,1,nombre_de_proyecto,https://portalinmobiliario.com/MLC-4143477970-edificio-av-diego-portales-vista-poniente-piso-5-_JM
BAJA,2037609903,Edificio Av. Diego Portales (1 Est.) Vista Poniente Piso 5,la-florida,departamento,venta,2855.0,,44,47,2,1,nombre_de_proyecto,https://portalinmobiliario.com/MLC-2037609903-edificio-av-diego-portales-1-est-vista-poniente-piso-5-_JM
BAJA,2037609907,Edificio Av. Diego Portales (1 Est.) Vista Oriente Piso 5,la-florida,departamento,venta,2855.0,,44,47,2,1,nombre_de_proyecto,https://portalinmobiliario.com/MLC-2037609907-edificio-av-diego-portales-1-est-vista-oriente-piso-5-_JM
BAJA,2037596929,Edificio Av. Vicuña Mackenna Pte. (1 Bod.) Vista Sur Piso,la-florida,departamento,venta,2453.0,,31,39,1,1,nombre_de_proyecto,https://portalinmobiliario.com/MLC-2037596929-edificio-av-vicuna-mackenna-pte-1-bod-vista-sur-piso-_JM
BAJA,2037566021,Edificio Vicuña Mackenna Oriente (1 Est. 1 Bod.) Vista Ori,la-florida,departamento,venta,3500.0,,50,55,2,2,nombre_de_proyecto,https://portalinmobiliario.com/MLC-2037566021-edificio-vicuna-mackenna-oriente-1-est-1-bod-vista-ori-_JM
BAJA,2037596973,Edificio Vicuña Mackenna (1 Est. 1 Bod.) Vista Norte Piso,la-florida,departamento,venta,2476.0,,35,40,1,1,nombre_de_proyecto,https://portalinmobiliario.com/MLC-2037596973-edificio-vicuna-mackenna-1-est-1-bod-vista-norte-piso-_JM
BAJA,2037610111,Edificio Lia Aguirre Vista Nororiente Piso 2,la-florida,departamento,venta,2501.0,,31,33,1,1,nombre_de_proyecto,https://portalinmobiliario.com/MLC-2037610111-edificio-lia-aguirre-vista-nororiente-piso-2-_JM
BAJA,2037597461,Edificio Lia Aguirre Vista Norponiente Piso 8,la-florida,departamento,venta,1776.0,,19,19,,1,nombre_de_proyecto | m2_util_minimo_de_rango,https://portalinmobiliario.com/MLC-2037597461-edificio-lia-aguirre-vista-norponiente-piso-8-_JM
BAJA,2037609507,Edificio Vicuña Mackenna Oriente Piso 25,la-florida,departamento,venta,2356.0,,32,37,1,1,nombre_de_proyecto,https://portalinmobiliario.com/MLC-2037609507-edificio-vicuna-mackenna-oriente-piso-25-_JM
BAJA,2037597221,Edificio Vicuña Mackenna Oriente Piso 23,la-florida,departamento,venta,2486.0,,,,2,1,nombre_de_proyecto,https://portalinmobiliario.com/MLC-2037597221-edificio-vicuna-mackenna-oriente-piso-23-_JM
BAJA,4019473406,Luminoso Departamento La Florida,la-florida,departamento,venta,3529.0,,56,60,3,2,titulo_corto_tipo_nombre,https://portalinmobiliario.com/MLC-4019473406-luminoso-departamento-la-florida-_JM
BAJA,2062072311,Departamento 1d+1b La Florida Sector Mall Plaza Vespucio,la-florida,departamento,venta,3362.0,,34,38,1,1,nombre_de_proyecto,https://portalinmobiliario.com/MLC-2062072311-departamento-1d1b-la-florida-sector-mall-plaza-vespucio-_JM
BAJA,2037597079,Edificio El Blanco Vista Oriente Piso 7,la-florida,departamento,venta,2631.0,,34,38,1,1,nombre_de_proyecto,https://portalinmobiliario.com/MLC-2037597079-edificio-el-blanco-vista-oriente-piso-7-_JM
BAJA,2039819683,Vendemos Departamentos A Pasos Mall Plaza Vespucio,la-florida,departamento,venta,2250.0,,38,38,1,1,nombre_de_proyecto,https://portalinmobiliario.com/MLC-2039819683-vendemos-departamentos-a-pasos-mall-plaza-vespucio-_JM
BAJA,2037566591,Edificio Rupanco Vista Poniente Piso 13,la-florida,departamento,venta,3026.0,,32,40,1,1,nombre_de_proyecto,https://portalinmobiliario.com/MLC-2037566591-edificio-rupanco-vista-poniente-piso-13-_JM
BAJA,2037596995,Edificio Walker Martínez (1 Est.) Vista Sur Piso 7,la-florida,departamento,venta,4000.0,,55,64,2,2,nombre_de_proyecto,https://portalinmobiliario.com/MLC-2037596995-edificio-walker-martinez-1-est-vista-sur-piso-7-_JM
BAJA,2037609545,Edificio Walker Martínez (1 Bod.) Vista Oriente Piso 2,la-florida,departamento,venta,4000.0,,63,74,2,2,nombre_de_proyecto,https://portalinmobiliario.com/MLC-2037609545-edificio-walker-martinez-1-bod-vista-oriente-piso-2-_JM
BAJA,3882879138,"Ubicación Insuperable, Frete Al Mall Plaza Vespucio",la-florida,departamento,venta,2890.0,,33,40,1,1,nombre_de_proyecto,https://portalinmobiliario.com/MLC-3882879138-ubicacion-insuperable-frete-al-mall-plaza-vespucio-_JM
BAJA,4085334630,Hermoso Departamento Alto Macul,la-florida,departamento,venta,3590.0,,45,60,1,1,nombre_de_proyecto,https://portalinmobiliario.com/MLC-4085334630-hermoso-departamento-alto-macul-_JM
BAJA,1931506227,Departamento A Pasos De Plaza Vespucio Y Metros,la-florida,departamento,venta,,150000000.0,88,88,3,2,nombre_de_proyecto,https://portalinmobiliario.com/MLC-1931506227-departamento-a-pasos-de-plaza-vespucio-y-metros-_JM
BAJA,2003007525,"Agradable Departamento En Condominio La Florida, 3d +2b+ 1e",la-florida,departamento,venta,2800.0,,62,65,3,2,nombre_de_proyecto,https://portalinmobiliario.com/MLC-2003007525-agradable-departamento-en-condominio-la-florida-3d-2b-1e-_JM
BAJA,4051106282,"Como Nuevo, Justo Frente Al Mall Plaza Vespucio",la-florida,departamento,venta,4190.0,,56,62,2,2,nombre_de_proyecto,https://portalinmobiliario.com/MLC-4051106282-como-nuevo-justo-frente-al-mall-plaza-vespucio-_JM
BAJA,4096137296,Condominio Parque Atahualpa 1 Estacionamiento (2 Autos),la-florida,departamento,venta,3400.0,,65,70,3,2,nombre_de_proyecto,https://portalinmobiliario.com/MLC-4096137296-condominio-parque-atahualpa-1-estacionamiento-2-autos-_JM
BAJA,2013058169,Departamento La Florida,la-florida,departamento,venta,2862.0,,70,76,3,2,titulo_corto_tipo_nombre,https://portalinmobiliario.com/MLC-2013058169-departamento-la-florida-_JM
BAJA,1990032945,Luminoso Depto De 2d+2b En Nuevo Condominio En La Florida,la-florida,departamento,venta,3035.0,,55,61,2,2,nombre_de_proyecto,https://portalinmobiliario.com/MLC-1990032945-luminoso-depto-de-2d2b-en-nuevo-condominio-en-la-florida-_JM
BAJA,4188420184,"Departamento En Venta Estudio, 1 Y 2 Dorm. En La Florida",la-florida,departamento,venta,2430.0,,20,23,1,1,m2_util_minimo_de_rango,https://portalinmobiliario.com/MLC-4188420184-departamento-en-venta-estudio-1-y-2-dorm-en-la-florida-_JM
BAJA,3879996488,2d + Est. / Américo Vespucio / Mall Plaza Vespucio,la-florida,departamento,venta,,105000000.0,,,2,1,nombre_de_proyecto,https://portalinmobiliario.com/MLC-3879996488-2d-est-americo-vespucio-mall-plaza-vespucio-_JM
BAJA,2062072533,"Hermoso Dpto Amplio 4d/3b, Condominio Alta Vista,alto Macul",la-florida,departamento,venta,8390.0,,110,110,4,3,nombre_de_proyecto,https://portalinmobiliario.com/MLC-2062072533-hermoso-dpto-amplio-4d3b-condominio-alta-vistaalto-macul-_JM
BAJA,2006029813,Departamento En La Florida,la-florida,departamento,venta,3290.0,,61,65,2,2,titulo_corto_tipo_nombre,https://portalinmobiliario.com/MLC-2006029813-departamento-en-la-florida-_JM
BAJA,1939526285,Rodrig Velazco / Av Vicuña Mackenna / Loft / Edificio 2025,la-florida,departamento,venta,4800.0,,54,60,1,1,nombre_de_proyecto,https://portalinmobiliario.com/MLC-1939526285-rodrig-velazco-av-vicuna-mackenna-loft-edificio-2025-_JM
BAJA,4186971118,"Departamento En Condominio Alta Vista, La Florida",la-florida,departamento,venta,6200.0,,95,100,3,2,nombre_de_proyecto,https://portalinmobiliario.com/MLC-4186971118-departamento-en-condominio-alta-vista-la-florida-_JM
BAJA,2022493027,Se Vende,la-florida,departamento,venta,,123000000.0,1,1,3,2,m2_util_minimo_de_rango,https://portalinmobiliario.com/MLC-2022493027-se-vende-_JM
BAJA,3775356916,Hermoso Y Moderno Departamento Con Vista Despejada,la-florida,departamento,venta,2790.0,,37,42,1,1,nombre_de_proyecto,https://portalinmobiliario.com/MLC-3775356916-hermoso-y-moderno-departamento-con-vista-despejada-_JM
BAJA,1941288065,Froilán Roa / Mall Plaza Vespucio,la-florida,departamento,venta,4300.0,,50,50,2,2,nombre_de_proyecto,https://portalinmobiliario.com/MLC-1941288065-froilan-roa-mall-plaza-vespucio-_JM
BAJA,4109416426,"Venta Departamento , La Florida Metro Mirador Gran Ubicación",la-florida,departamento,venta,4250.0,,3,73,3,2,superficies_incoherentes | m2_util_minimo_de_rango,https://portalinmobiliario.com/MLC-4109416426-venta-departamento-la-florida-metro-mirador-gran-ubicacion-_JM
BAJA,1986445529,Departamento En La Florida.,la-florida,departamento,venta,2375.0,,37,,1,1,titulo_corto_tipo_nombre,https://portalinmobiliario.com/MLC-1986445529-departamento-en-la-florida-_JM
BAJA,1942657655,Uruguay / Rojas Magallane / Estacionamie / Edificio Año 2025,la-florida,departamento,venta,4950.0,,58,62,2,2,nombre_de_proyecto,https://portalinmobiliario.com/MLC-1942657655-uruguay-rojas-magallane-estacionamie-edificio-ano-2025-_JM
BAJA,3794079884,Depto Con Patio De 2 Dorm. 2 Baños 1 Est En La Florida,la-florida,departamento,venta,3450.0,,54,106,2,2,superficies_incoherentes,https://portalinmobiliario.com/MLC-3794079884-depto-con-patio-de-2-dorm-2-banos-1-est-en-la-florida-_JM
BAJA,1854483669,Walker Martínez / Colombia,la-florida,departamento,venta,3150.0,,52,52,2,1,titulo_corto_tipo_nombre,https://portalinmobiliario.com/MLC-1854483669-walker-martinez-colombia-_JM
BAJA,4085092976,"Pasos Metro / Plaza Vespucio / 2d, 2b, Estacionamiento",la-florida,departamento,venta,,105500000.0,41,44,2,2,nombre_de_proyecto,https://portalinmobiliario.com/MLC-4085092976-pasos-metro-plaza-vespucio-2d-2b-estacionamiento-_JM
BAJA,3836798538,Excelente Depto. En Condominio Bien Ubicado Y Tranquilo,la-florida,departamento,venta,,132000000.0,57,60,2,2,nombre_de_proyecto,https://portalinmobiliario.com/MLC-3836798538-excelente-depto-en-condominio-bien-ubicado-y-tranquilo-_JM
BAJA,2022492241,Departamento En Condominio A Minutos Metro Quillayes,la-florida,departamento,venta,,120000000.0,58,60,3,2,nombre_de_proyecto,https://portalinmobiliario.com/MLC-2022492241-departamento-en-condominio-a-minutos-metro-quillayes-_JM
BAJA,3896759118,"Hermosa Vista Despejada, Con Amplia Terraza/asadera, Est Bod",la-florida,departamento,venta,5900.0,,80,90,3,2,nombre_de_proyecto,https://portalinmobiliario.com/MLC-3896759118-hermosa-vista-despejada-con-amplia-terrazaasadera-est-bod-_JM
BAJA,2011913857,"Acogedor Departamento, En Hermoso Condominio",la-florida,departamento,venta,3290.0,,72,76,3,2,nombre_de_proyecto,https://portalinmobiliario.com/MLC-2011913857-acogedor-departamento-en-hermoso-condominio-_JM
BAJA,2875572462,Pudeto / Vicuña Mackenna,la-florida,departamento,venta,2100.0,,27,27,1,1,titulo_corto_tipo_nombre,https://portalinmobiliario.com/MLC-2875572462-pudeto-vicuna-mackenna-_JM
BAJA,4009561608,"Departamento Condominio, Walker Martínez A Minutos E. Metro",la-florida,departamento,venta,,95000000.0,57,57,3,1,nombre_de_proyecto,https://portalinmobiliario.com/MLC-4009561608-departamento-condominio-walker-martinez-a-minutos-e-metro-_JM
BAJA,1990071633,Amplio Depto De 3d+2b En Nuevo Condominio En La Florida,la-florida,departamento,venta,3466.0,,71,81,3,2,nombre_de_proyecto,https://portalinmobiliario.com/MLC-1990071633-amplio-depto-de-3d2b-en-nuevo-condominio-en-la-florida-_JM
BAJA,1990071497,Cómodo Depto De 1d+1b En Nuevo Condominio En La Florida,la-florida,departamento,venta,2998.0,,34,37,1,1,nombre_de_proyecto,https://portalinmobiliario.com/MLC-1990071497-comodo-depto-de-1d1b-en-nuevo-condominio-en-la-florida-_JM
BAJA,2006029553,Venta Departamento Trinidad,la-florida,departamento,venta,,215000000.0,48,53,2,2,titulo_corto_tipo_nombre,https://portalinmobiliario.com/MLC-2006029553-venta-departamento-trinidad-_JM
BAJA,4118621738,Amplio Depto En Barrio Residencial Consolidado De La Florida,la-florida,departamento,venta,3600.0,,72,72,3,2,nombre_de_proyecto,https://portalinmobiliario.com/MLC-4118621738-amplio-depto-en-barrio-residencial-consolidado-de-la-florida-_JM
BAJA,1997618461,Alto Macul Condominio. 3dorm 2baños 2estac 1bod. Superlativo,la-florida,departamento,venta,6809.0,,122,122,3,2,nombre_de_proyecto,https://portalinmobiliario.com/MLC-1997618461-alto-macul-condominio-3dorm-2banos-2estac-1bod-superlativo-_JM
BAJA,1986985247,Depto Walker Martínez,la-florida,departamento,venta,5500.0,,70,77,2,2,titulo_corto_tipo_nombre,https://portalinmobiliario.com/MLC-1986985247-depto-walker-martinez-_JM
BAJA,4068931128,Departamento En La Florida,la-florida,departamento,venta,2966.0,,59,,3,2,titulo_corto_tipo_nombre,https://portalinmobiliario.com/MLC-4068931128-departamento-en-la-florida-_JM
BAJA,2020668625,Metro Pedreros 1d/1b Vista Oriente. Excelente Ubicación,la-florida,departamento,venta,2400.0,,26,26,1,1,nombre_de_proyecto,https://portalinmobiliario.com/MLC-2020668625-metro-pedreros-1d1b-vista-oriente-excelente-ubicacion-_JM
BAJA,4068957094,Departamento En La Florida,la-florida,departamento,venta,2468.0,,29,,1,1,titulo_corto_tipo_nombre,https://portalinmobiliario.com/MLC-4068957094-departamento-en-la-florida-_JM
BAJA,4037186324,Depto 2d 2b | Piso 11 | Vista Despejada | Estacionamiento,la-florida,departamento,venta,3900.0,,59,68,2,2,nombre_de_proyecto,https://portalinmobiliario.com/MLC-4037186324-depto-2d-2b-piso-11-vista-despejada-estacionamiento-_JM
BAJA,4159979562,Departamento,la-florida,departamento,venta,2448.0,,37,37,1,1,titulo_corto_tipo_nombre,https://portalinmobiliario.com/MLC-4159979562-departamento-_JM
BAJA,2041066847,Departamento Ubicado En Barrió Residencial De La Florida,la-florida,departamento,venta,,75000000.0,50,54,3,1,nombre_de_proyecto,https://portalinmobiliario.com/MLC-2041066847-departamento-ubicado-en-barrio-residencial-de-la-florida-_JM
BAJA,4182758212,Depto En Condominio Altos De La Florida 2,la-florida,departamento,venta,2500.0,,60,63,3,2,nombre_de_proyecto,https://portalinmobiliario.com/MLC-4182758212-depto-en-condominio-altos-de-la-florida-2-_JM
BAJA,4130986392,Depto Los Olmos Macul,la-florida,departamento,venta,,139000000.0,61,61,2,2,titulo_corto_tipo_nombre,https://portalinmobiliario.com/MLC-4130986392-depto-los-olmos-macul-_JM
BAJA,2074076073,Vista Despejada. Orientación Nor-oriente. 2d2b. Sin Comisión,la-florida,departamento,venta,3800.0,,60,60,2,2,nombre_de_proyecto,https://portalinmobiliario.com/MLC-2074076073-vista-despejada-orientacion-nor-oriente-2d2b-sin-comision-_JM
BAJA,2074133241,Britania/ La Florida (171644),la-florida,casa,arriendo,,950000.0,90,170,3,2,titulo_corto_tipo_nombre,https://portalinmobiliario.com/MLC-2074133241-britania-la-florida-171644-_JM
BAJA,2061580023,Casa En Condominio 5dorm 4baño Piscina Alto Macul La Florida,la-florida,casa,arriendo,55.0,,140,401,5,4,nombre_de_proyecto,https://portalinmobiliario.com/MLC-2061580023-casa-en-condominio-5dorm-4bano-piscina-alto-macul-la-florida-_JM
BAJA,2037755689,"Casa En Jardines De La Viña, La Florida",la-florida,casa,arriendo,,1500000.0,240,320,4,3,nombre_de_proyecto,https://portalinmobiliario.com/MLC-2037755689-casa-en-jardines-de-la-vina-la-florida-_JM
BAJA,4223497630,Casa Townhouse En Condominio 3 Dormitorios La Florida,la-florida,casa,arriendo,,950000.0,70,70,3,2,nombre_de_proyecto,https://portalinmobiliario.com/MLC-4223497630-casa-townhouse-en-condominio-3-dormitorios-la-florida-_JM
BAJA,4152841172,"Bella Casa En Condominio, La Florida (3d / 3b)",la-florida,casa,arriendo,,900000.0,79,110,3,3,nombre_de_proyecto,https://portalinmobiliario.com/MLC-4152841172-bella-casa-en-condominio-la-florida-3d-3b-_JM
BAJA,4155683680,"Bella Casa En Condominio, La Florida (3d / 3b)",la-florida,casa,arriendo,,900000.0,79,110,3,3,nombre_de_proyecto,https://portalinmobiliario.com/MLC-4155683680-bella-casa-en-condominio-la-florida-3d-3b-_JM
BAJA,4077913222,"Excelente Casa, Barrio Residencial",la-florida,casa,arriendo,,720000.0,100,160,3,2,nombre_de_proyecto,https://portalinmobiliario.com/MLC-4077913222-excelente-casa-barrio-residencial-_JM
BAJA,4212556418,Casa 4d/3b Con Piscina. Jardines De La Viña. La Florida,la-florida,casa,arriendo,,1450000.0,240,320,4,3,nombre_de_proyecto,https://portalinmobiliario.com/MLC-4212556418-casa-4d3b-con-piscina-jardines-de-la-vina-la-florida-_JM
BAJA,4152855962,Jardin Alto,la-florida,casa,arriendo,,1200000.0,177,140,4,4,titulo_corto_tipo_nombre,https://portalinmobiliario.com/MLC-4152855962-jardin-alto-_JM
BAJA,4182759712,"Casa Urbano Vii, La Florida Entrega Inmediata",la-florida,casa,arriendo,,550000.0,56,120,2,1,nombre_de_proyecto,https://portalinmobiliario.com/MLC-4182759712-casa-urbano-vii-la-florida-entrega-inmediata-_JM
BAJA,4188284714,"Casa En Diagonal Santa Irene, Barrio Residencial",la-florida,casa,arriendo,,850000.0,60,260,2,2,nombre_de_proyecto,https://portalinmobiliario.com/MLC-4188284714-casa-en-diagonal-santa-irene-barrio-residencial-_JM
BAJA,2053107499,Conj. Residencial Sta Delia 50% Dcto Comisión + Piscina,la-florida,casa,arriendo,,1300000.0,157,225,4,4,nombre_de_proyecto,https://portalinmobiliario.com/MLC-2053107499-conj-residencial-sta-delia-50-dcto-comision-piscina-_JM
BAJA,2059598847,Casa Cndominio Cerrado Altomacul,la-florida,casa,arriendo,,1200000.0,175,400,4,3,titulo_corto_tipo_nombre,https://portalinmobiliario.com/MLC-2059598847-casa-cndominio-cerrado-altomacul-_JM
BAJA,1486026203,Activa Vicuña Mackenna Poniente,la-florida,departamento,arriendo,,374000.0,32,38,1,1,titulo_corto_tipo_nombre,https://portalinmobiliario.com/MLC-1486026203-activa-vicuna-mackenna-poniente-_JM
BAJA,2866542066,Vicuña Urban,la-florida,departamento,arriendo,,357000.0,30,34,1,1,titulo_corto_tipo_nombre,https://portalinmobiliario.com/MLC-2866542066-vicuna-urban-_JM
BAJA,2851521562,Edificio San Carlos,la-florida,departamento,arriendo,,331000.0,28,28,1,1,nombre_de_proyecto,https://portalinmobiliario.com/MLC-2851521562-edificio-san-carlos-_JM
BAJA,1562486321,Florida Capital,la-florida,departamento,arriendo,,452000.0,44,49,2,1,titulo_corto_tipo_nombre,https://portalinmobiliario.com/MLC-1562486321-florida-capital-_JM
BAJA,1501858293,Mirador Capital,la-florida,departamento,arriendo,,375000.0,28,31,1,1,titulo_corto_tipo_nombre,https://portalinmobiliario.com/MLC-1501858293-mirador-capital-_JM
BAJA,2496500986,Torres De Vicuña Mackenna,la-florida,departamento,arriendo,,325000.0,29,30,1,1,titulo_corto_tipo_nombre,https://portalinmobiliario.com/MLC-2496500986-torres-de-vicuna-mackenna-_JM
BAJA,2931748836,Vespucio Capital,la-florida,departamento,arriendo,,349000.0,31,32,1,1,titulo_corto_tipo_nombre,https://portalinmobiliario.com/MLC-2931748836-vespucio-capital-_JM
BAJA,1949437593,Lia Aguirre,la-florida,departamento,arriendo,,263000.0,16,16,2,1,titulo_corto_tipo_nombre | m2_util_minimo_de_rango,https://portalinmobiliario.com/MLC-1949437593-lia-aguirre-_JM
BAJA,1487468033,Lofty,la-florida,departamento,arriendo,,324000.0,29,31,1,1,titulo_corto_tipo_nombre,https://portalinmobiliario.com/MLC-1487468033-lofty-_JM
BAJA,2425556708,Casa El Roble,la-florida,departamento,arriendo,,291000.0,25,25,1,1,titulo_corto_tipo_nombre,https://portalinmobiliario.com/MLC-2425556708-casa-el-roble-_JM
BAJA,2956134200,Mirador Azul,la-florida,departamento,arriendo,,380000.0,34,37,1,1,titulo_corto_tipo_nombre,https://portalinmobiliario.com/MLC-2956134200-mirador-azul-_JM
BAJA,1614060971,Ronda Terravista,la-florida,departamento,arriendo,,521214.0,58,58,2,2,titulo_corto_tipo_nombre,https://portalinmobiliario.com/MLC-1614060971-ronda-terravista-_JM
BAJA,2037485745,Edificio Froilán Roa (1 Est. 1 Bod.) Vista Sur Piso 12,la-florida,departamento,arriendo,,510000.0,52,59,2,2,nombre_de_proyecto,https://portalinmobiliario.com/MLC-2037485745-edificio-froilan-roa-1-est-1-bod-vista-sur-piso-12-_JM
BAJA,2037487195,Edificio Sta. Victoria (1 Est.) Vista Poniente Piso 1,la-florida,departamento,arriendo,,600000.0,56,56,3,2,nombre_de_proyecto,https://portalinmobiliario.com/MLC-2037487195-edificio-sta-victoria-1-est-vista-poniente-piso-1-_JM
BAJA,2037562659,Edificio Sta. Victoria (1 Est.) Vista Poniente Piso 4,la-florida,departamento,arriendo,,620000.0,58,67,3,2,nombre_de_proyecto,https://portalinmobiliario.com/MLC-2037562659-edificio-sta-victoria-1-est-vista-poniente-piso-4-_JM
BAJA,2037562991,Edificio Froilán Roa (1 Est. 1 Bod.) Vista Norte Piso 13,la-florida,departamento,arriendo,,535000.0,47,50,2,2,nombre_de_proyecto,https://portalinmobiliario.com/MLC-2037562991-edificio-froilan-roa-1-est-1-bod-vista-norte-piso-13-_JM
BAJA,2037562799,Edificio Av. La Florida Vista Sur Piso 6,la-florida,departamento,arriendo,,505000.0,52,54,2,2,nombre_de_proyecto,https://portalinmobiliario.com/MLC-2037562799-edificio-av-la-florida-vista-sur-piso-6-_JM
BAJA,2037487357,Edificio Av. La Florida (1 Est. 1 Bod.) Vista Sur Piso 8,la-florida,departamento,arriendo,,630000.0,88,92,2,2,nombre_de_proyecto,https://portalinmobiliario.com/MLC-2037487357-edificio-av-la-florida-1-est-1-bod-vista-sur-piso-8-_JM
BAJA,4142591186,Edificio Vicuña Mackenna Oriente Vista Poniente Piso 24,la-florida,departamento,arriendo,,335000.0,32,37,1,1,nombre_de_proyecto,https://portalinmobiliario.com/MLC-4142591186-edificio-vicuna-mackenna-oriente-vista-poniente-piso-24-_JM
BAJA,2062112717,Metro Trinidad Condominio 7 Plazas,la-florida,departamento,arriendo,11.26,460000.0,55,55,3,2,nombre_de_proyecto,https://portalinmobiliario.com/MLC-2062112717-metro-trinidad-condominio-7-plazas-_JM
BAJA,1997622173,Nuevo Departamento De 1d + 1b En Moderno Edificio,la-florida,departamento,arriendo,8.0,,33,39,1,1,nombre_de_proyecto,https://portalinmobiliario.com/MLC-1997622173-nuevo-departamento-de-1d-1b-en-moderno-edificio-_JM
BAJA,4060683664,"Vista Despejada, Buena Conectividad, Luminoso",la-florida,departamento,arriendo,,500000.0,40,47,2,2,nombre_de_proyecto,https://portalinmobiliario.com/MLC-4060683664-vista-despejada-buena-conectividad-luminoso-_JM
BAJA,4228877458,Arriendo Dpto Studio 924 Vicuña Mackenna Oriente,la-florida,departamento,arriendo,,270000.0,20,20,1,1,m2_util_minimo_de_rango,https://portalinmobiliario.com/MLC-4228877458-arriendo-dpto-studio-924-vicuna-mackenna-oriente-_JM
BAJA,4170195234,Metro Mirador Depto 2d-2b La Florida. Bajo De Precio!!!!,la-florida,departamento,arriendo,,490000.0,52,52,2,2,nombre_de_proyecto,https://portalinmobiliario.com/MLC-4170195234-metro-mirador-depto-2d-2b-la-florida-bajo-de-precio-_JM
BAJA,4128150056,"Primer Piso, Como Nuevo",la-florida,departamento,arriendo,,320000.0,31,31,1,1,titulo_corto_tipo_nombre,https://portalinmobiliario.com/MLC-4128150056-primer-piso-como-nuevo-_JM
BAJA,4087793276,Departamento En Sector Residencial De La Florida,la-florida,departamento,arriendo,,550000.0,64,64,2,2,nombre_de_proyecto,https://portalinmobiliario.com/MLC-4087793276-departamento-en-sector-residencial-de-la-florida-_JM
BAJA,4162517640,Departamento Alto Macul - Santa Sofia - Vista Despejada,la-florida,departamento,arriendo,33.0,,106,120,3,2,nombre_de_proyecto,https://portalinmobiliario.com/MLC-4162517640-departamento-alto-macul-santa-sofia-vista-despejada-_JM
BAJA,2009494509,"Departamento A Estrenar, Edificio Terranova, La Florida",la-florida,departamento,arriendo,,440000.0,37,42,2,1,nombre_de_proyecto,https://portalinmobiliario.com/MLC-2009494509-departamento-a-estrenar-edificio-terranova-la-florida-_JM
BAJA,2082159841,Metro Mirador,la-florida,departamento,arriendo,,450000.0,54,54,2,2,titulo_corto_tipo_nombre,https://portalinmobiliario.com/MLC-2082159841-metro-mirador-_JM
BAJA,4210802668,Walker Martinez,la-florida,departamento,arriendo,,550000.0,60,65,2,2,titulo_corto_tipo_nombre,https://portalinmobiliario.com/MLC-4210802668-walker-martinez-_JM
BAJA,4234288084,Loft La Florida,la-florida,departamento,arriendo,,210000.0,22,22,,1,titulo_corto_tipo_nombre,https://portalinmobiliario.com/MLC-4234288084-loft-la-florida-_JM
BAJA,4241422560,2dormitorio-  2baños-  1bodega,la-florida,departamento,arriendo,,490000.0,54,58,2,2,titulo_corto_tipo_nombre,https://portalinmobiliario.com/MLC-4241422560-2dormitorio-2banos-1bodega-_JM
BAJA,4225146896,Depto 1d+1b La Florida | Vista Oriente Piso 19 (159969),la-florida,departamento,arriendo,,380000.0,30,32,1,1,nombre_de_proyecto,https://portalinmobiliario.com/MLC-4225146896-depto-1d1b-la-florida-vista-oriente-piso-19-159969-_JM
BAJA,4234288372,Quincho En Terraza (176852),la-florida,departamento,arriendo,,620000.0,41,53,1,1,titulo_corto_tipo_nombre,https://portalinmobiliario.com/MLC-4234288372-quincho-en-terraza-176852-_JM
BAJA,4219657996,Arriendo Depto 1d 1b  Amoblado V Mackenna 6689 La Florida,la-florida,departamento,arriendo,,429000.0,1,35,1,1,superficies_incoherentes | m2_util_minimo_de_rango,https://portalinmobiliario.com/MLC-4219657996-arriendo-depto-1d-1b-amoblado-v-mackenna-6689-la-florida-_JM
BAJA,4218352410,Depto Homestudio- La Florida Descuento 150000 Primer Mes,la-florida,departamento,arriendo,,300000.0,26,26,1,1,nombre_de_proyecto,https://portalinmobiliario.com/MLC-4218352410-depto-homestudio-la-florida-descuento-150000-primer-mes-_JM
BAJA,2086656287,Garantía En Cuotas Sin Corretaje,la-florida,departamento,arriendo,,370000.0,50,100,3,2,superficies_incoherentes,https://portalinmobiliario.com/MLC-2086656287-garantia-en-cuotas-sin-corretaje-_JM
BAJA,4230800790,Hermoso Dpto A Pasos Del Mall Plaza Vespucio,la-florida,departamento,arriendo,,330000.0,35,35,1,1,nombre_de_proyecto,https://portalinmobiliario.com/MLC-4230800790-hermoso-dpto-a-pasos-del-mall-plaza-vespucio-_JM
BAJA,4230654560,. (176772),la-florida,departamento,arriendo,,600000.0,70,80,2,2,titulo_corto_tipo_nombre,https://portalinmobiliario.com/MLC-4230654560--176772-_JM
BAJA,4217829354,2d/2b Vista Despejada A Pasos Metro Bellavista La Florida,la-florida,departamento,arriendo,,474000.0,43,48,2,2,nombre_de_proyecto,https://portalinmobiliario.com/MLC-4217829354-2d2b-vista-despejada-a-pasos-metro-bellavista-la-florida-_JM
BAJA,4218351604,Zona Privilegiada (171765),la-florida,departamento,arriendo,,530000.0,,,2,1,titulo_corto_tipo_nombre,https://portalinmobiliario.com/MLC-4218351604-zona-privilegiada-171765-_JM
BAJA,4108685520,Metro Vicente Valdes,la-florida,departamento,arriendo,,580000.0,62,65,2,2,titulo_corto_tipo_nombre,https://portalinmobiliario.com/MLC-4108685520-metro-vicente-valdes-_JM
BAJA,4191862226,Acogedor Depto. 2d/2b/1e/1bod Condominio Aliwen,la-florida,departamento,arriendo,,490000.0,51,57,2,2,nombre_de_proyecto,https://portalinmobiliario.com/MLC-4191862226-acogedor-depto-2d2b1e1bod-condominio-aliwen-_JM
BAJA,2071198333,Confort Y Estilo En Lindo Condominio (171199),la-florida,departamento,arriendo,,400000.0,37,43,1,1,nombre_de_proyecto,https://portalinmobiliario.com/MLC-2071198333-confort-y-estilo-en-lindo-condominio-171199-_JM
BAJA,4222359068,"Muy Comodo, Estilo Mariposa,",la-florida,departamento,arriendo,,450000.0,48,51,2,2,titulo_corto_tipo_nombre,https://portalinmobiliario.com/MLC-4222359068-muy-comodo-estilo-mariposa-_JM
BAJA,2079333309,Departamento En Arriendo De 3 Dorm. En La Florida,la-florida,departamento,arriendo,,600000.0,2,2,3,2,m2_util_minimo_de_rango,https://portalinmobiliario.com/MLC-2079333309-departamento-en-arriendo-de-3-dorm-en-la-florida-_JM
BAJA,4235676088,Sin Corretaje - Home Studio Amoblado,la-florida,departamento,arriendo,,320000.0,28,28,1,1,nombre_de_proyecto,https://portalinmobiliario.com/MLC-4235676088-sin-corretaje-home-studio-amoblado-_JM
BAJA,4221736890,Estacionamiento  (176496),la-florida,departamento,arriendo,,450000.0,45,47,2,1,titulo_corto_tipo_nombre,https://portalinmobiliario.com/MLC-4221736890-estacionamiento-176496-_JM
BAJA,4213382528,Estilo Mariposa Disponibilidad Inmediata,la-florida,departamento,arriendo,,550000.0,55,60,2,2,titulo_corto_tipo_nombre,https://portalinmobiliario.com/MLC-4213382528-estilo-mariposa-disponibilidad-inmediata-_JM
BAJA,4235681046,"2 Dormitorio,2baños,estacionamiento Incluido",la-florida,departamento,arriendo,,500000.0,54,58,2,2,titulo_corto_tipo_nombre,https://portalinmobiliario.com/MLC-4235681046-2-dormitorio2banosestacionamiento-incluido-_JM
BAJA,2071204315,Arriendo Depto 2d2b Mirador Azul Simonetti,la-florida,departamento,arriendo,12.24,500000.0,53,57,,,inmobiliaria_en_titulo,https://portalinmobiliario.com/MLC-2071204315-arriendo-depto-2d2b-mirador-azul-simonetti-_JM
BAJA,4159953496,Acogedor Depto. 2d/2b/1e/1bod Condominio Aliwen,la-florida,departamento,arriendo,,500000.0,51,57,2,2,nombre_de_proyecto,https://portalinmobiliario.com/MLC-4159953496-acogedor-depto-2d2b1e1bod-condominio-aliwen-_JM
BAJA,4198328906,Amplio Y Acogedor Departamento En Arriendo |  La Florida,la-florida,departamento,arriendo,,630000.0,15,45,1,1,superficies_incoherentes | m2_util_minimo_de_rango,https://portalinmobiliario.com/MLC-4198328906-amplio-y-acogedor-departamento-en-arriendo-la-florida-_JM
BAJA,4170365224,Moderno Departamento En El Corazón Urbano (175078),la-florida,departamento,arriendo,,340000.0,37,43,1,1,nombre_de_proyecto,https://portalinmobiliario.com/MLC-4170365224-moderno-departamento-en-el-corazon-urbano-175078-_JM
BAJA,4161012254,"Departamento Nuevo 1 D, 1 B Estc Y Bog, Froilán Lagos Sepúlv",la-florida,departamento,arriendo,,390000.0,2,29,1,1,superficies_incoherentes | m2_util_minimo_de_rango,https://portalinmobiliario.com/MLC-4161012254-departamento-nuevo-1-d-1-b-estc-y-bog-froilan-lagos-sepulv-_JM
BAJA,2081717049,"Arrienda Home Studio Nuevo, Sin Est Sin Bod (168012)",la-florida,departamento,arriendo,,280000.0,34,37,1,1,nombre_de_proyecto,https://portalinmobiliario.com/MLC-2081717049-arrienda-home-studio-nuevo-sin-est-sin-bod-168012-_JM
BAJA,2059588735,Departamento En Condominio De 2 Dorm . 1 Estacionamiento,la-florida,departamento,arriendo,,430000.0,40,50,2,1,nombre_de_proyecto,https://portalinmobiliario.com/MLC-2059588735-departamento-en-condominio-de-2-dorm-1-estacionamiento-_JM
BAJA,4191763866,"Depto. Nuevo, Cercano A Metro Vicuña Mackenna, Vista Oriente",la-florida,departamento,arriendo,8.57,350000.0,34,37,,1,nombre_de_proyecto,https://portalinmobiliario.com/MLC-4191763866-depto-nuevo-cercano-a-metro-vicuna-mackenna-vista-oriente-_JM
BAJA,4191864596,"Depto. Nuevo, Vista Oriente, Con Estacionamiento Y Bodega.",la-florida,departamento,arriendo,9.79,400000.0,34,37,,1,nombre_de_proyecto,https://portalinmobiliario.com/MLC-4191864596-depto-nuevo-vista-oriente-con-estacionamiento-y-bodega-_JM
BAJA,2070934149,Espectacular Duplex En Alta Vista La Florida,la-florida,departamento,arriendo,22.28,910000.0,90,100,,2,nombre_de_proyecto,https://portalinmobiliario.com/MLC-2070934149-espectacular-duplex-en-alta-vista-la-florida-_JM
BAJA,4201743976,Av. La Florida 10397,la-florida,departamento,arriendo,,205000.0,1121,2121,2,1,titulo_corto_tipo_nombre | superficies_incoherentes,https://portalinmobiliario.com/MLC-4201743976-av-la-florida-10397-_JM
BAJA,4073483350,¡hermosa Vista Y Comodidad En La Florida !,la-florida,departamento,arriendo,10.28,420000.0,40,42,2,2,nombre_de_proyecto,https://portalinmobiliario.com/MLC-4073483350-hermosa-vista-y-comodidad-en-la-florida--_JM
BAJA,4201705424,Av. La Florida 10397,la-florida,departamento,arriendo,,205000.0,44,1044,2,1,titulo_corto_tipo_nombre | superficies_incoherentes,https://portalinmobiliario.com/MLC-4201705424-av-la-florida-10397-_JM
BAJA,4101736970,"Excelente Conectividad, M. Ciudad Del Niño, Estacionamiento",la-florida,departamento,arriendo,,390000.0,3,46,2,1,superficies_incoherentes | m2_util_minimo_de_rango,https://portalinmobiliario.com/MLC-4101736970-excelente-conectividad-m-ciudad-del-nino-estacionamiento-_JM
BAJA,2025084391,Moderno Depto Con Vista Despejada (166361),la-florida,departamento,arriendo,10.53,430000.0,56,58,,1,nombre_de_proyecto,https://portalinmobiliario.com/MLC-2025084391-moderno-depto-con-vista-despejada-166361-_JM
BAJA,2055364711,Depto 2 Dormitorios Condominio Pequeño. Cocina Tradicional.,la-florida,departamento,arriendo,,480000.0,52,56,2,2,nombre_de_proyecto,https://portalinmobiliario.com/MLC-2055364711-depto-2-dormitorios-condominio-pequeno-cocina-tradicional-_JM
BAJA,2064056231,Depto De 2d Metro Bella Vista La Florida,la-florida,departamento,arriendo,,370000.0,42,45,2,1,nombre_de_proyecto,https://portalinmobiliario.com/MLC-2064056231-depto-de-2d-metro-bella-vista-la-florida-_JM
BAJA,2013901045,Departamento En Arriendo De 2 Dorm. En La Florida,la-florida,departamento,arriendo,,530000.0,2,2,2,2,m2_util_minimo_de_rango,https://portalinmobiliario.com/MLC-2013901045-departamento-en-arriendo-de-2-dorm-en-la-florida-_JM
BAJA,4096152972,Moderno Depto Amoblado 2d2b Frente Parque Brasil,la-florida,departamento,arriendo,,650000.0,55,66,2,2,nombre_de_proyecto,https://portalinmobiliario.com/MLC-4096152972-moderno-depto-amoblado-2d2b-frente-parque-brasil-_JM
BAJA,4155688424,Amplio Y Soleado  (174476),la-florida,departamento,arriendo,,450000.0,60,60,2,2,titulo_corto_tipo_nombre,https://portalinmobiliario.com/MLC-4155688424-amplio-y-soleado-174476-_JM
BAJA,4088016610,Sector Metro Bella Vista De La Florida,la-florida,departamento,arriendo,,390000.0,55,58,2,2,nombre_de_proyecto,https://portalinmobiliario.com/MLC-4088016610-sector-metro-bella-vista-de-la-florida-_JM
BAJA,4151743798,Luminoso Y Amplio Depto/ Hermosa Vista (174400),la-florida,departamento,arriendo,,700000.0,78,84,4,2,nombre_de_proyecto,https://portalinmobiliario.com/MLC-4151743798-luminoso-y-amplio-depto-hermosa-vista-174400-_JM
BAJA,2079323615,Vista Hacia Cordillera- Cercano Metr0,la-florida,departamento,arriendo,,420000.0,39,46,2,1,nombre_de_proyecto,https://portalinmobiliario.com/MLC-2079323615-vista-hacia-cordillera-cercano-metr0-_JM
BAJA,4218343902,Departamento Metro Mirador,la-florida,departamento,arriendo,,320000.0,38,38,1,1,titulo_corto_tipo_nombre,https://portalinmobiliario.com/MLC-4218343902-departamento-metro-mirador-_JM
BAJA,4176377976,Metro Vicente Valdes,la-florida,departamento,arriendo,,440000.0,37,37,1,1,titulo_corto_tipo_nombre,https://portalinmobiliario.com/MLC-4176377976-metro-vicente-valdes-_JM
BAJA,4182748502,"1d +1b, Estacionamiento, Linda Vista A La Cordillera.",la-florida,departamento,arriendo,,400000.0,35,38,1,1,nombre_de_proyecto,https://portalinmobiliario.com/MLC-4182748502-1d-1b-estacionamiento-linda-vista-a-la-cordillera-_JM
BAJA,2044095033,"Acogedor Departamento Con Vista A La Cordillera, Metro Macul",la-florida,departamento,arriendo,,360000.0,35,35,1,1,nombre_de_proyecto,https://portalinmobiliario.com/MLC-2044095033-acogedor-departamento-con-vista-a-la-cordillera-metro-macul-_JM
BAJA,4168108714,Depto. 1 Dormitorio Nuevo Plaza Vespucio,la-florida,departamento,arriendo,,180000.0,36,40,1,1,nombre_de_proyecto,https://portalinmobiliario.com/MLC-4168108714-depto-1-dormitorio-nuevo-plaza-vespucio-_JM
BAJA,4159926036,Condominio Mirador Azul- Metro Mirador,la-florida,departamento,arriendo,,400000.0,42,47,2,1,nombre_de_proyecto,https://portalinmobiliario.com/MLC-4159926036-condominio-mirador-azul-metro-mirador-_JM
BAJA,4211499300,"Nuevo - Metro Bellavista; Plaza Vespucio, 1d+1b+estac+bod",la-florida,departamento,arriendo,,340000.0,32,36,1,1,nombre_de_proyecto,https://portalinmobiliario.com/MLC-4211499300-nuevo-metro-bellavista-plaza-vespucio-1d1bestacbod-_JM
BAJA,4054603726,"Metro Bellavista; Plaza Vespucio, 1d+1b+estac+bod; Nuevo",la-florida,departamento,arriendo,,390000.0,32,36,1,1,nombre_de_proyecto,https://portalinmobiliario.com/MLC-4054603726-metro-bellavista-plaza-vespucio-1d1bestacbod-nuevo-_JM
BAJA,4128149374,Departamento Nuevo A Estrenar.,la-florida,departamento,arriendo,,350000.0,31,37,1,1,titulo_corto_tipo_nombre,https://portalinmobiliario.com/MLC-4128149374-departamento-nuevo-a-estrenar-_JM
BAJA,4225846390,Metro Bellavista La Florida,la-florida,departamento,arriendo,,290000.0,35,39,1,1,titulo_corto_tipo_nombre,https://portalinmobiliario.com/MLC-4225846390-metro-bellavista-la-florida-_JM
BAJA,2079805439,Edificio Lia Aguirre Vista Sur Piso 9,la-florida,departamento,arriendo,,275000.0,16,16,,1,nombre_de_proyecto | m2_util_minimo_de_rango,https://portalinmobiliario.com/MLC-2079805439-edificio-lia-aguirre-vista-sur-piso-9-_JM
BAJA,2074128683,Edificio Av. Américo Vespucio Vista Norte Piso 17,la-florida,departamento,arriendo,,420000.0,40,42,2,2,nombre_de_proyecto,https://portalinmobiliario.com/MLC-2074128683-edificio-av-americo-vespucio-vista-norte-piso-17-_JM
BAJA,2079446787,Metro Vicente Valdes En La Puerta Del Condominio,la-florida,departamento,arriendo,,720000.0,76,80,3,2,nombre_de_proyecto,https://portalinmobiliario.com/MLC-2079446787-metro-vicente-valdes-en-la-puerta-del-condominio-_JM
BAJA,2076417385,Edificio Nueva Cuatro (1 Est. 1 Bod.) Vista Oriente Piso 12,la-florida,departamento,arriendo,,450000.0,29,33,1,1,nombre_de_proyecto,https://portalinmobiliario.com/MLC-2076417385-edificio-nueva-cuatro-1-est-1-bod-vista-oriente-piso-12-_JM
BAJA,2081849999,Edificio Casa El Roble Vista Poniente Piso 8,la-florida,departamento,arriendo,,474000.0,48,51,2,2,nombre_de_proyecto,https://portalinmobiliario.com/MLC-2081849999-edificio-casa-el-roble-vista-poniente-piso-8-_JM
BAJA,4211827366,Edificio Florida Capital Vista Nororiente Piso 15,la-florida,departamento,arriendo,,453000.0,43,49,2,1,nombre_de_proyecto,https://portalinmobiliario.com/MLC-4211827366-edificio-florida-capital-vista-nororiente-piso-15-_JM
BAJA,4212317686,Edificio Torres De Vicuña Mackenna Vista Norte Piso 18,la-florida,departamento,arriendo,,480000.0,46,46,2,2,nombre_de_proyecto,https://portalinmobiliario.com/MLC-4212317686-edificio-torres-de-vicuna-mackenna-vista-norte-piso-18-_JM
BAJA,2084185033,Edificio Activa Vicuña Mackenna Poniente Vista Sur Piso 12,la-florida,departamento,arriendo,,379000.0,35,39,1,1,nombre_de_proyecto,https://portalinmobiliario.com/MLC-2084185033-edificio-activa-vicuna-mackenna-poniente-vista-sur-piso-12-_JM
BAJA,2082129053,Edificio Vespucio Capital Vista Sur Piso 2,la-florida,departamento,arriendo,,355000.0,34,37,1,1,nombre_de_proyecto,https://portalinmobiliario.com/MLC-2082129053-edificio-vespucio-capital-vista-sur-piso-2-_JM
BAJA,2074059173,Edificio Casa El Roble Vista Norte Piso 16,la-florida,departamento,arriendo,,364000.0,29,32,1,1,nombre_de_proyecto,https://portalinmobiliario.com/MLC-2074059173-edificio-casa-el-roble-vista-norte-piso-16-_JM
BAJA,2084521721,Edificio Lofty Vista Oriente Piso 6,la-florida,departamento,arriendo,7.34,300000.0,25,31,0,1,nombre_de_proyecto,https://portalinmobiliario.com/MLC-2084521721-edificio-lofty-vista-oriente-piso-6-_JM
BAJA,2074073391,Edificio Vicuña Mackenna Oriente (1 Est.) Vista Poniente P,la-florida,departamento,arriendo,,485000.0,49,54,2,2,nombre_de_proyecto,https://portalinmobiliario.com/MLC-2074073391-edificio-vicuna-mackenna-oriente-1-est-vista-poniente-p-_JM
BAJA,2079325559,Edificio Antonia Vista Norte Piso 4,la-florida,departamento,arriendo,,333000.0,31,35,1,1,nombre_de_proyecto,https://portalinmobiliario.com/MLC-2079325559-edificio-antonia-vista-norte-piso-4-_JM
BAJA,4219659124,Edificio Vicuña Mackenna Oriente (1 Est. 1 Bod.) Vista Nor,la-florida,departamento,arriendo,,470000.0,49,53,2,2,nombre_de_proyecto,https://portalinmobiliario.com/MLC-4219659124-edificio-vicuna-mackenna-oriente-1-est-1-bod-vista-nor-_JM
BAJA,4229758718,Edificio Lía Aguirre (1 Est. 1 Bod.) Vista Sur Piso 22,la-florida,departamento,arriendo,,365000.0,30,33,1,1,nombre_de_proyecto,https://portalinmobiliario.com/MLC-4229758718-edificio-lia-aguirre-1-est-1-bod-vista-sur-piso-22-_JM
BAJA,4217831364,Edificio Lía Aguirre Vista Norte Piso 4,la-florida,departamento,arriendo,,340000.0,30,33,1,1,nombre_de_proyecto,https://portalinmobiliario.com/MLC-4217831364-edificio-lia-aguirre-vista-norte-piso-4-_JM
BAJA,2082120065,Edificio Lía Aguirre Vista Norte Piso 24,la-florida,departamento,arriendo,,340000.0,29,32,1,1,nombre_de_proyecto,https://portalinmobiliario.com/MLC-2082120065-edificio-lia-aguirre-vista-norte-piso-24-_JM
BAJA,4230666846,Edificio Av. Vicuña Mackenna Vista Sur Piso 13,la-florida,departamento,arriendo,,350000.0,30,30,1,1,nombre_de_proyecto,https://portalinmobiliario.com/MLC-4230666846-edificio-av-vicuna-mackenna-vista-sur-piso-13-_JM
BAJA,2037485893,Edificio San Carlos Vista Nororiente Piso 6,la-florida,departamento,arriendo,,426000.0,40,40,2,2,nombre_de_proyecto,https://portalinmobiliario.com/MLC-2037485893-edificio-san-carlos-vista-nororiente-piso-6-_JM
BAJA,4142591328,Edificio San Carlos Vista Norte Piso 5,la-florida,departamento,arriendo,,331000.0,28,28,1,1,nombre_de_proyecto,https://portalinmobiliario.com/MLC-4142591328-edificio-san-carlos-vista-norte-piso-5-_JM
BAJA,4241422376,"Vista Norte, 2 Dormit. Grandes, 2 Baños, Condominio Aliwen",la-florida,departamento,arriendo,,530000.0,56,64,2,2,nombre_de_proyecto,https://portalinmobiliario.com/MLC-4241422376-vista-norte-2-dormit-grandes-2-banos-condominio-aliwen-_JM
BAJA,2037594403,Edificio Av. Vicuña Mackenna Pte. Vista Poniente Piso 25,la-florida,departamento,arriendo,,330000.0,24,24,,1,nombre_de_proyecto,https://portalinmobiliario.com/MLC-2037594403-edificio-av-vicuna-mackenna-pte-vista-poniente-piso-25-_JM
BAJA,2037487221,Edificio Vespucio Capital Vista Poniente Piso 8,la-florida,departamento,arriendo,,373000.0,40,45,1,1,nombre_de_proyecto,https://portalinmobiliario.com/MLC-2037487221-edificio-vespucio-capital-vista-poniente-piso-8-_JM
BAJA,2037561525,Edificio Av. Vicuña Mackenna Ote. (1 Est. 1 Bod.) Vista Po,la-florida,departamento,arriendo,,460000.0,60,63,2,2,nombre_de_proyecto,https://portalinmobiliario.com/MLC-2037561525-edificio-av-vicuna-mackenna-ote-1-est-1-bod-vista-po-_JM
BAJA,2046356901,Edificio Antonia Vista Oriente Piso 6,la-florida,departamento,arriendo,,429000.0,41,43,2,1,nombre_de_proyecto,https://portalinmobiliario.com/MLC-2046356901-edificio-antonia-vista-oriente-piso-6-_JM
BAJA,2037604679,Edificio Vicuña Mackenna Oriente (1 Est.) Vista Suroriente,la-florida,departamento,arriendo,,470000.0,50,55,2,2,nombre_de_proyecto,https://portalinmobiliario.com/MLC-2037604679-edificio-vicuna-mackenna-oriente-1-est-vista-suroriente-_JM
BAJA,2061524769,Edificio Mirador Capital Vista Nororiente Piso 19,la-florida,departamento,arriendo,,514000.0,45,47,2,2,nombre_de_proyecto,https://portalinmobiliario.com/MLC-2061524769-edificio-mirador-capital-vista-nororiente-piso-19-_JM
BAJA,2059428577,Edificio Torres De Vicuña Mackenna Vista Oriente Piso 20,la-florida,departamento,arriendo,,397000.0,38,40,2,1,nombre_de_proyecto,https://portalinmobiliario.com/MLC-2059428577-edificio-torres-de-vicuna-mackenna-vista-oriente-piso-20-_JM
BAJA,4173027750,Edificio Lofty Vista Poniente Piso 13,la-florida,departamento,arriendo,,327000.0,27,33,,1,nombre_de_proyecto,https://portalinmobiliario.com/MLC-4173027750-edificio-lofty-vista-poniente-piso-13-_JM
BAJA,2037763029,Edificio Av. Vicuña Mackenna Vista Sur Piso 15,la-florida,departamento,arriendo,,320000.0,26,29,,1,nombre_de_proyecto,https://portalinmobiliario.com/MLC-2037763029-edificio-av-vicuna-mackenna-vista-sur-piso-15-_JM
BAJA,2037486367,Edificio Lofty Vista Surponiente Piso 2,la-florida,departamento,arriendo,,499000.0,55,60,2,2,nombre_de_proyecto,https://portalinmobiliario.com/MLC-2037486367-edificio-lofty-vista-surponiente-piso-2-_JM
BAJA,4198331814,Edificio Lofty Vista Oriente Piso 6,la-florida,departamento,arriendo,,460000.0,42,48,2,2,nombre_de_proyecto,https://portalinmobiliario.com/MLC-4198331814-edificio-lofty-vista-oriente-piso-6-_JM
BAJA,2037606805,Edificio Av. Punta Arenas Vista Oriente Piso 12,la-florida,departamento,arriendo,,460000.0,46,50,2,2,nombre_de_proyecto,https://portalinmobiliario.com/MLC-2037606805-edificio-av-punta-arenas-vista-oriente-piso-12-_JM
BAJA,2045846083,Edificio Activa Vicuña Mackenna Poniente Vista Nororiente,la-florida,departamento,arriendo,,556000.0,50,57,2,2,nombre_de_proyecto,https://portalinmobiliario.com/MLC-2045846083-edificio-activa-vicuna-mackenna-poniente-vista-nororiente-_JM
BAJA,4142591546,Edificio Vicuña Urban Vista Sur Piso 9,la-florida,departamento,arriendo,,425000.0,39,42,2,1,nombre_de_proyecto,https://portalinmobiliario.com/MLC-4142591546-edificio-vicuna-urban-vista-sur-piso-9-_JM
BAJA,2061514159,Edificio Torres De Vicuña Mackenna Vista Oriente Piso 5,la-florida,departamento,arriendo,,403000.0,40,40,2,1,nombre_de_proyecto,https://portalinmobiliario.com/MLC-2061514159-edificio-torres-de-vicuna-mackenna-vista-oriente-piso-5-_JM
BAJA,4170191344,Edificio Av. Vicuña Mackenna Vista Oriente Piso 4,la-florida,departamento,arriendo,,340000.0,28,30,1,1,nombre_de_proyecto,https://portalinmobiliario.com/MLC-4170191344-edificio-av-vicuna-mackenna-vista-oriente-piso-4-_JM
BAJA,2037594581,Edificio Mirador Capital Vista Nororiente Piso 3,la-florida,departamento,arriendo,,378000.0,31,34,1,1,nombre_de_proyecto,https://portalinmobiliario.com/MLC-2037594581-edificio-mirador-capital-vista-nororiente-piso-3-_JM
BAJA,2059421331,Edificio Torres De Vicuña Mackenna Vista Sur Piso 10,la-florida,departamento,arriendo,,339000.0,30,30,1,1,nombre_de_proyecto,https://portalinmobiliario.com/MLC-2059421331-edificio-torres-de-vicuna-mackenna-vista-sur-piso-10-_JM
BAJA,2037487429,Edificio Sta. Victoria (1 Est.) Vista Poniente Piso 8,la-florida,departamento,arriendo,,610000.0,59,68,3,2,nombre_de_proyecto,https://portalinmobiliario.com/MLC-2037487429-edificio-sta-victoria-1-est-vista-poniente-piso-8-_JM
BAJA,4142643992,Edificio Vespucio Capital Vista Norte Piso 4,la-florida,departamento,arriendo,,452000.0,39,42,2,1,nombre_de_proyecto,https://portalinmobiliario.com/MLC-4142643992-edificio-vespucio-capital-vista-norte-piso-4-_JM
BAJA,2037486371,Edificio Lofty Vista Poniente Piso 13,la-florida,departamento,arriendo,,329000.0,31,39,,1,nombre_de_proyecto,https://portalinmobiliario.com/MLC-2037486371-edificio-lofty-vista-poniente-piso-13-_JM
BAJA,2037594313,Edificio Sta. Victoria (1 Est.) Vista Nororiente Piso 3,la-florida,departamento,arriendo,,620000.0,55,55,3,2,nombre_de_proyecto,https://portalinmobiliario.com/MLC-2037594313-edificio-sta-victoria-1-est-vista-nororiente-piso-3-_JM
BAJA,4142643454,Edificio Lia Aguirre Vista Norte Piso 6,la-florida,departamento,arriendo,,337000.0,32,33,1,1,nombre_de_proyecto,https://portalinmobiliario.com/MLC-4142643454-edificio-lia-aguirre-vista-norte-piso-6-_JM
BAJA,4142591848,Edificio Activa Vicuña Mackenna Poniente Vista Norte Piso,la-florida,departamento,arriendo,,505000.0,44,49,2,1,nombre_de_proyecto,https://portalinmobiliario.com/MLC-4142591848-edificio-activa-vicuna-mackenna-poniente-vista-norte-piso-_JM
BAJA,4142643126,Edificio Torres De Vicuña Mackenna Vista Oriente Piso 21,la-florida,departamento,arriendo,,416000.0,40,40,2,1,nombre_de_proyecto,https://portalinmobiliario.com/MLC-4142643126-edificio-torres-de-vicuna-mackenna-vista-oriente-piso-21-_JM
BAJA,4142591810,Edificio Casa El Roble Vista Norte Piso 13,la-florida,departamento,arriendo,,365000.0,34,37,1,1,nombre_de_proyecto,https://portalinmobiliario.com/MLC-4142591810-edificio-casa-el-roble-vista-norte-piso-13-_JM
BAJA,4198498898,Edificio Florida Capital Vista Nororiente Piso 16,la-florida,departamento,arriendo,,454000.0,43,49,2,1,nombre_de_proyecto,https://portalinmobiliario.com/MLC-4198498898-edificio-florida-capital-vista-nororiente-piso-16-_JM
BAJA,4198326112,Edificio Activa Vicuña Mackenna Poniente Vista Nororiente,la-florida,departamento,arriendo,,577000.0,56,67,2,2,nombre_de_proyecto,https://portalinmobiliario.com/MLC-4198326112-edificio-activa-vicuna-mackenna-poniente-vista-nororiente-_JM
BAJA,2037606147,Edificio Nueva Cuatro (1 Est. 1 Bod.) Vista Suroriente Piso,la-florida,departamento,arriendo,,530000.0,57,66,2,2,nombre_de_proyecto,https://portalinmobiliario.com/MLC-2037606147-edificio-nueva-cuatro-1-est-1-bod-vista-suroriente-piso-_JM
BAJA,2063383837,Edificio Mirador Azul Vista Surponiente Piso 8,la-florida,departamento,arriendo,,505000.0,50,56,2,1,nombre_de_proyecto,https://portalinmobiliario.com/MLC-2063383837-edificio-mirador-azul-vista-surponiente-piso-8-_JM
BAJA,2053518655,Edificio Casa El Roble Vista Sur Piso 2,la-florida,departamento,arriendo,,363000.0,29,32,1,1,nombre_de_proyecto,https://portalinmobiliario.com/MLC-2053518655-edificio-casa-el-roble-vista-sur-piso-2-_JM
BAJA,2037487217,Edificio Vespucio Capital Vista Norte Piso 5,la-florida,departamento,arriendo,,352000.0,31,32,1,1,nombre_de_proyecto,https://portalinmobiliario.com/MLC-2037487217-edificio-vespucio-capital-vista-norte-piso-5-_JM
BAJA,4142591680,Edificio Mirador Capital Vista Nororiente Piso 2,la-florida,departamento,arriendo,,377000.0,31,33,1,1,nombre_de_proyecto,https://portalinmobiliario.com/MLC-4142591680-edificio-mirador-capital-vista-nororiente-piso-2-_JM
BAJA,2037606003,Edificio Vespucio Capital Vista Norponiente Piso 14,la-florida,departamento,arriendo,,510000.0,47,53,2,2,nombre_de_proyecto,https://portalinmobiliario.com/MLC-2037606003-edificio-vespucio-capital-vista-norponiente-piso-14-_JM
BAJA,2037561861,Edificio Activa Vicuña Mackenna Poniente Vista Surponiente,la-florida,departamento,arriendo,,563000.0,56,62,2,2,nombre_de_proyecto,https://portalinmobiliario.com/MLC-2037561861-edificio-activa-vicuna-mackenna-poniente-vista-surponiente-_JM
BAJA,4142591770,Edificio Lofty Vista Poniente Piso 3,la-florida,departamento,arriendo,,324000.0,28,35,,1,nombre_de_proyecto,https://portalinmobiliario.com/MLC-4142591770-edificio-lofty-vista-poniente-piso-3-_JM
BAJA,4170191008,Edificio Av. Vicuña Mackenna Vista Oriente Piso 13,la-florida,departamento,arriendo,,460000.0,30,32,,1,nombre_de_proyecto,https://portalinmobiliario.com/MLC-4170191008-edificio-av-vicuna-mackenna-vista-oriente-piso-13-_JM
BAJA,2037562673,Edificio Vespucio Capital Vista Oriente Piso 3,la-florida,departamento,arriendo,,456000.0,40,45,2,1,nombre_de_proyecto,https://portalinmobiliario.com/MLC-2037562673-edificio-vespucio-capital-vista-oriente-piso-3-_JM
BAJA,4142591614,Edificio Torres De Vicuña Mackenna Vista Norte Piso 20,la-florida,departamento,arriendo,,478000.0,46,46,2,2,nombre_de_proyecto,https://portalinmobiliario.com/MLC-4142591614-edificio-torres-de-vicuna-mackenna-vista-norte-piso-20-_JM
BAJA,2037561675,Edificio Torres De Vicuña Mackenna Vista Norte Piso 8,la-florida,departamento,arriendo,,340000.0,30,30,1,1,nombre_de_proyecto,https://portalinmobiliario.com/MLC-2037561675-edificio-torres-de-vicuna-mackenna-vista-norte-piso-8-_JM
BAJA,2037561587,Edificio Vicuña Urban Vista Sur Piso 12,la-florida,departamento,arriendo,,436000.0,42,44,2,1,nombre_de_proyecto,https://portalinmobiliario.com/MLC-2037561587-edificio-vicuna-urban-vista-sur-piso-12-_JM
BAJA,2037486109,Edificio Vicuña Urban Vista Sur Piso 7,la-florida,departamento,arriendo,,430000.0,42,44,2,1,nombre_de_proyecto,https://portalinmobiliario.com/MLC-2037486109-edificio-vicuna-urban-vista-sur-piso-7-_JM
BAJA,4142643316,Edificio Vicuña Mackenna Oriente (1 Est. 1 Bod.) Vista Nor,la-florida,departamento,arriendo,,480000.0,46,48,2,2,nombre_de_proyecto,https://portalinmobiliario.com/MLC-4142643316-edificio-vicuna-mackenna-oriente-1-est-1-bod-vista-nor-_JM
BAJA,2037486189,Edificio Lago Pirihueico Vista Poniente Piso 4,la-florida,departamento,arriendo,,385000.0,31,36,1,1,nombre_de_proyecto,https://portalinmobiliario.com/MLC-2037486189-edificio-lago-pirihueico-vista-poniente-piso-4-_JM
BAJA,4182778404,Edificio Sta. Amalia (1 Est.) Vista Oriente Piso 3,la-florida,departamento,arriendo,,570000.0,45,51,2,2,nombre_de_proyecto,https://portalinmobiliario.com/MLC-4182778404-edificio-sta-amalia-1-est-vista-oriente-piso-3-_JM
BAJA,2059428663,Edificio Activa Vicuña Mackenna Poniente Vista Norte Piso,la-florida,departamento,arriendo,,386000.0,34,41,1,1,nombre_de_proyecto,https://portalinmobiliario.com/MLC-2059428663-edificio-activa-vicuna-mackenna-poniente-vista-norte-piso-_JM
BAJA,4155627960,Edificio Vespucio Capital Vista Norte Piso 4,la-florida,departamento,arriendo,,351000.0,31,32,1,1,nombre_de_proyecto,https://portalinmobiliario.com/MLC-4155627960-edificio-vespucio-capital-vista-norte-piso-4-_JM
BAJA,4146262436,Edificio Florida Capital Vista Norte Piso 2,la-florida,departamento,arriendo,,452000.0,47,51,2,2,nombre_de_proyecto,https://portalinmobiliario.com/MLC-4146262436-edificio-florida-capital-vista-norte-piso-2-_JM
BAJA,2037488147,Edificio Av. Américo Vespucio Vista Sur Piso 7,la-florida,departamento,arriendo,,340000.0,30,33,1,1,nombre_de_proyecto,https://portalinmobiliario.com/MLC-2037488147-edificio-av-americo-vespucio-vista-sur-piso-7-_JM
BAJA,2042181653,Edificio Mirador Capital Vista Surponiente Piso 7,la-florida,departamento,arriendo,,383000.0,33,35,1,1,nombre_de_proyecto,https://portalinmobiliario.com/MLC-2042181653-edificio-mirador-capital-vista-surponiente-piso-7-_JM
BAJA,4155687982,Edificio Casa El Roble Vista Poniente Piso 5,la-florida,departamento,arriendo,,475000.0,48,51,2,2,nombre_de_proyecto,https://portalinmobiliario.com/MLC-4155687982-edificio-casa-el-roble-vista-poniente-piso-5-_JM
BAJA,2037561853,Edificio Activa Vicuña Mackenna Poniente Vista Norponiente,la-florida,departamento,arriendo,,555000.0,50,57,2,2,nombre_de_proyecto,https://portalinmobiliario.com/MLC-2037561853-edificio-activa-vicuna-mackenna-poniente-vista-norponiente-_JM
BAJA,4142591800,Edificio Casa El Roble Vista Poniente Piso 10,la-florida,departamento,arriendo,,476000.0,48,51,2,2,nombre_de_proyecto,https://portalinmobiliario.com/MLC-4142591800-edificio-casa-el-roble-vista-poniente-piso-10-_JM
BAJA,2037486183,Edificio Torres De Vicuña Mackenna Vista Norte Piso 11,la-florida,departamento,arriendo,,483000.0,46,46,2,2,nombre_de_proyecto,https://portalinmobiliario.com/MLC-2037486183-edificio-torres-de-vicuna-mackenna-vista-norte-piso-11-_JM
BAJA,4182748664,Edificio Activa Vicuña Mackenna Poniente Vista Sur Piso 17,la-florida,departamento,arriendo,,380000.0,35,39,1,1,nombre_de_proyecto,https://portalinmobiliario.com/MLC-4182748664-edificio-activa-vicuna-mackenna-poniente-vista-sur-piso-17-_JM
BAJA,2045837215,Edificio Activa Vicuña Mackenna Poniente Vista Norte Piso,la-florida,departamento,arriendo,,384000.0,34,39,1,1,nombre_de_proyecto,https://portalinmobiliario.com/MLC-2045837215-edificio-activa-vicuna-mackenna-poniente-vista-norte-piso-_JM
BAJA,4143485358,Edificio Vicuña Urban Vista Oriente Piso 20,la-florida,departamento,arriendo,,357000.0,29,33,1,1,nombre_de_proyecto,https://portalinmobiliario.com/MLC-4143485358-edificio-vicuna-urban-vista-oriente-piso-20-_JM
BAJA,2037488141,Edificio Av. Vicuña Mackenna Vista Poniente Piso 4,la-florida,departamento,arriendo,,350000.0,30,31,1,1,nombre_de_proyecto,https://portalinmobiliario.com/MLC-2037488141-edificio-av-vicuna-mackenna-vista-poniente-piso-4-_JM
BAJA,2037487211,Edificio Vespucio Capital Vista Nororiente Piso 3,la-florida,departamento,arriendo,,454000.0,40,43,2,1,nombre_de_proyecto,https://portalinmobiliario.com/MLC-2037487211-edificio-vespucio-capital-vista-nororiente-piso-3-_JM
BAJA,4142643344,Edificio Activa Vicuña Mackenna Poniente Vista Sur Piso 5,la-florida,departamento,arriendo,,387000.0,35,39,1,1,nombre_de_proyecto,https://portalinmobiliario.com/MLC-4142643344-edificio-activa-vicuna-mackenna-poniente-vista-sur-piso-5-_JM
BAJA,4142591602,Edificio Torres De Vicuña Mackenna Vista Norte Piso 4,la-florida,departamento,arriendo,,338000.0,30,30,1,1,nombre_de_proyecto,https://portalinmobiliario.com/MLC-4142591602-edificio-torres-de-vicuna-mackenna-vista-norte-piso-4-_JM
BAJA,2037594433,Edificio Av. Américo Vespucio Vista Sur Piso 16,la-florida,departamento,arriendo,,340000.0,30,33,1,1,nombre_de_proyecto,https://portalinmobiliario.com/MLC-2037594433-edificio-av-americo-vespucio-vista-sur-piso-16-_JM
BAJA,4164774078,Edificio Antonia Vista Oriente Piso 3,la-florida,departamento,arriendo,,343000.0,31,35,1,1,nombre_de_proyecto,https://portalinmobiliario.com/MLC-4164774078-edificio-antonia-vista-oriente-piso-3-_JM
BAJA,4142643976,Edificio Lía Aguirre (1 Est.) Vista Norte Piso 14,la-florida,departamento,arriendo,,410000.0,42,45,1,1,nombre_de_proyecto,https://portalinmobiliario.com/MLC-4142643976-edificio-lia-aguirre-1-est-vista-norte-piso-14-_JM
BAJA,4146256570,Edificio Lia Aguirre Vista Sur Piso 13,la-florida,departamento,arriendo,,340000.0,30,32,1,1,nombre_de_proyecto,https://portalinmobiliario.com/MLC-4146256570-edificio-lia-aguirre-vista-sur-piso-13-_JM
BAJA,2037487213,Edificio Vespucio Capital Vista Norponiente Piso 3,la-florida,departamento,arriendo,,502000.0,47,53,2,2,nombre_de_proyecto,https://portalinmobiliario.com/MLC-2037487213-edificio-vespucio-capital-vista-norponiente-piso-3-_JM
BAJA,2037561867,Edificio Activa Vicuña Mackenna Poniente Vista Sur Piso 15,la-florida,departamento,arriendo,,380000.0,35,39,1,1,nombre_de_proyecto,https://portalinmobiliario.com/MLC-2037561867-edificio-activa-vicuna-mackenna-poniente-vista-sur-piso-15-_JM
BAJA,4142591854,Edificio Activa Vicuña Mackenna Poniente Vista Norte Piso,la-florida,departamento,arriendo,,391000.0,34,40,1,1,nombre_de_proyecto,https://portalinmobiliario.com/MLC-4142591854-edificio-activa-vicuna-mackenna-poniente-vista-norte-piso-_JM
BAJA,4142643118,Edificio Torres De Vicuña Mackenna Vista Poniente Piso 11,la-florida,departamento,arriendo,,415000.0,40,40,2,1,nombre_de_proyecto,https://portalinmobiliario.com/MLC-4142643118-edificio-torres-de-vicuna-mackenna-vista-poniente-piso-11-_JM
BAJA,2037486175,Edificio Torres De Vicuña Mackenna Vista Poniente Piso 17,la-florida,departamento,arriendo,,460000.0,46,46,2,2,nombre_de_proyecto,https://portalinmobiliario.com/MLC-2037486175-edificio-torres-de-vicuna-mackenna-vista-poniente-piso-17-_JM
BAJA,4142643716,Edificio Florida Capital Vista Norte Piso 4,la-florida,departamento,arriendo,,455000.0,48,51,2,2,nombre_de_proyecto,https://portalinmobiliario.com/MLC-4142643716-edificio-florida-capital-vista-norte-piso-4-_JM
BAJA,4196295796,Edificio Casa El Roble Vista Sur Piso 17,la-florida,departamento,arriendo,,306000.0,25,25,,1,nombre_de_proyecto,https://portalinmobiliario.com/MLC-4196295796-edificio-casa-el-roble-vista-sur-piso-17-_JM
BAJA,4155622530,Edificio Activa Vicuña Mackenna Poniente Vista Sur Piso 3,la-florida,departamento,arriendo,,374000.0,34,38,1,1,nombre_de_proyecto,https://portalinmobiliario.com/MLC-4155622530-edificio-activa-vicuna-mackenna-poniente-vista-sur-piso-3-_JM
BAJA,4146280312,Edificio Vicuña Urban Vista Sur Piso 3,la-florida,departamento,arriendo,,510000.0,62,62,1,1,nombre_de_proyecto,https://portalinmobiliario.com/MLC-4146280312-edificio-vicuna-urban-vista-sur-piso-3-_JM
BAJA,2037486449,Edificio Activa Vicuña Mackenna Poniente Vista Norte Piso,la-florida,departamento,arriendo,,397000.0,34,41,1,1,nombre_de_proyecto,https://portalinmobiliario.com/MLC-2037486449-edificio-activa-vicuna-mackenna-poniente-vista-norte-piso-_JM
BAJA,2037561865,Edificio Activa Vicuña Mackenna Poniente Vista Norte Piso,la-florida,departamento,arriendo,,393000.0,34,39,1,1,nombre_de_proyecto,https://portalinmobiliario.com/MLC-2037561865-edificio-activa-vicuna-mackenna-poniente-vista-norte-piso-_JM
BAJA,4142591852,Edificio Activa Vicuña Mackenna Poniente Vista Sur Piso 9,la-florida,departamento,arriendo,,389000.0,35,39,1,1,nombre_de_proyecto,https://portalinmobiliario.com/MLC-4142591852-edificio-activa-vicuna-mackenna-poniente-vista-sur-piso-9-_JM
BAJA,4142643336,Edificio Activa Vicuña Mackenna Poniente Vista Norte Piso,la-florida,departamento,arriendo,,390000.0,34,38,1,1,nombre_de_proyecto,https://portalinmobiliario.com/MLC-4142643336-edificio-activa-vicuna-mackenna-poniente-vista-norte-piso-_JM
BAJA,4142643314,Edificio Casa El Roble Vista Poniente Piso 15,la-florida,departamento,arriendo,,481000.0,48,51,2,2,nombre_de_proyecto,https://portalinmobiliario.com/MLC-4142643314-edificio-casa-el-roble-vista-poniente-piso-15-_JM
BAJA,2037486383,Edificio Casa El Roble Vista Sur Piso 12,la-florida,departamento,arriendo,,366000.0,29,32,1,1,nombre_de_proyecto,https://portalinmobiliario.com/MLC-2037486383-edificio-casa-el-roble-vista-sur-piso-12-_JM
BAJA,4142643298,Edificio Casa El Roble Vista Sur Piso 3,la-florida,departamento,arriendo,,366000.0,36,39,1,1,nombre_de_proyecto,https://portalinmobiliario.com/MLC-4142643298-edificio-casa-el-roble-vista-sur-piso-3-_JM
BAJA,4142643686,Edificio Lia Aguirre (2 Est. 1 Bod.) Vista Nororiente Piso,la-florida,departamento,arriendo,,540000.0,53,53,2,2,nombre_de_proyecto,https://portalinmobiliario.com/MLC-4142643686-edificio-lia-aguirre-2-est-1-bod-vista-nororiente-piso-_JM
BAJA,2037487205,Edificio Vespucio Capital Vista Nororiente Piso 2,la-florida,departamento,arriendo,,453000.0,40,43,2,1,nombre_de_proyecto,https://portalinmobiliario.com/MLC-2037487205-edificio-vespucio-capital-vista-nororiente-piso-2-_JM
BAJA,4142591858,Edificio Activa Vicuña Mackenna Poniente Vista Norte Piso,la-florida,departamento,arriendo,,421000.0,32,39,1,1,nombre_de_proyecto,https://portalinmobiliario.com/MLC-4142591858-edificio-activa-vicuna-mackenna-poniente-vista-norte-piso-_JM
BAJA,4142643342,Edificio Activa Vicuña Mackenna Poniente Vista Norte Piso,la-florida,departamento,arriendo,,387000.0,34,41,1,1,nombre_de_proyecto,https://portalinmobiliario.com/MLC-4142643342-edificio-activa-vicuna-mackenna-poniente-vista-norte-piso-_JM
BAJA,2037486439,Edificio Activa Vicuña Mackenna Poniente Vista Norte Piso,la-florida,departamento,arriendo,,394000.0,34,39,1,1,nombre_de_proyecto,https://portalinmobiliario.com/MLC-2037486439-edificio-activa-vicuna-mackenna-poniente-vista-norte-piso-_JM
BAJA,4142591804,Edificio Casa El Roble Vista Oriente Piso 12,la-florida,departamento,arriendo,,477000.0,48,51,2,2,nombre_de_proyecto,https://portalinmobiliario.com/MLC-4142591804-edificio-casa-el-roble-vista-oriente-piso-12-_JM
BAJA,4142643302,Edificio Casa El Roble Vista Sur Piso 8,la-florida,departamento,arriendo,,368000.0,29,32,1,1,nombre_de_proyecto,https://portalinmobiliario.com/MLC-4142643302-edificio-casa-el-roble-vista-sur-piso-8-_JM
BAJA,4142643124,Edificio Torres De Vicuña Mackenna Vista Norte Piso 14,la-florida,departamento,arriendo,,482000.0,46,46,2,2,nombre_de_proyecto,https://portalinmobiliario.com/MLC-4142643124-edificio-torres-de-vicuna-mackenna-vista-norte-piso-14-_JM
BAJA,2037486099,Edificio Vicuña Urban Vista Oriente Piso 2,la-florida,departamento,arriendo,,359000.0,35,38,1,1,nombre_de_proyecto,https://portalinmobiliario.com/MLC-2037486099-edificio-vicuna-urban-vista-oriente-piso-2-_JM
BAJA,2037486873,Edificio Florida Capital Vista Norte Piso 14,la-florida,departamento,arriendo,,462000.0,48,51,2,2,nombre_de_proyecto,https://portalinmobiliario.com/MLC-2037486873-edificio-florida-capital-vista-norte-piso-14-_JM
BAJA,2037486869,Edificio Florida Capital Vista Norte Piso 7,la-florida,departamento,arriendo,,457000.0,48,51,2,2,nombre_de_proyecto,https://portalinmobiliario.com/MLC-2037486869-edificio-florida-capital-vista-norte-piso-7-_JM
BAJA,2059586479,Edificio Activa Vicuña Mackenna Poniente Vista Norte Piso,la-florida,departamento,arriendo,,383000.0,34,38,1,1,nombre_de_proyecto,https://portalinmobiliario.com/MLC-2059586479-edificio-activa-vicuna-mackenna-poniente-vista-norte-piso-_JM
BAJA,2037561859,Edificio Activa Vicuña Mackenna Poniente Vista Sur Piso 11,la-florida,departamento,arriendo,,387000.0,34,38,1,1,nombre_de_proyecto,https://portalinmobiliario.com/MLC-2037561859-edificio-activa-vicuna-mackenna-poniente-vista-sur-piso-11-_JM
BAJA,4142591794,Edificio Casa El Roble Vista Sur Piso 10,la-florida,departamento,arriendo,,367000.0,29,32,1,1,nombre_de_proyecto,https://portalinmobiliario.com/MLC-4142591794-edificio-casa-el-roble-vista-sur-piso-10-_JM
BAJA,4191867814,Edificio Av. Vicuña Mackenna Vista Oriente Piso 11,la-florida,departamento,arriendo,,350000.0,33,36,1,1,nombre_de_proyecto,https://portalinmobiliario.com/MLC-4191867814-edificio-av-vicuna-mackenna-vista-oriente-piso-11-_JM
BAJA,4146282348,Edificio Vicuña Mackenna Oriente Vista Sur Piso 12,la-florida,departamento,arriendo,,350000.0,32,37,1,1,nombre_de_proyecto,https://portalinmobiliario.com/MLC-4146282348-edificio-vicuna-mackenna-oriente-vista-sur-piso-12-_JM
BAJA,4155685174,Edificio Av. Vicuña Mackenna Vista Sur Piso 8,la-florida,departamento,arriendo,,410000.0,23,26,,1,nombre_de_proyecto,https://portalinmobiliario.com/MLC-4155685174-edificio-av-vicuna-mackenna-vista-sur-piso-8-_JM
BAJA,2037561755,Edificio Mirador Capital Vista Surponiente Piso 9,la-florida,departamento,arriendo,,380000.0,32,35,1,1,nombre_de_proyecto,https://portalinmobiliario.com/MLC-2037561755-edificio-mirador-capital-vista-surponiente-piso-9-_JM
BAJA,4191867668,Edificio Florida Capital Vista Norte Piso 12,la-florida,departamento,arriendo,,460000.0,48,51,2,2,nombre_de_proyecto,https://portalinmobiliario.com/MLC-4191867668-edificio-florida-capital-vista-norte-piso-12-_JM
BAJA,4142643712,Edificio Florida Capital Vista Norte Piso 3,la-florida,departamento,arriendo,,459000.0,48,55,2,2,nombre_de_proyecto,https://portalinmobiliario.com/MLC-4142643712-edificio-florida-capital-vista-norte-piso-3-_JM
BAJA,4142591256,Edificio Vicuña Mackenna Oriente Vista Sur Piso 25,la-florida,departamento,arriendo,,345000.0,32,35,1,1,nombre_de_proyecto,https://portalinmobiliario.com/MLC-4142591256-edificio-vicuna-mackenna-oriente-vista-sur-piso-25-_JM
BAJA,2037563415,Edificio Froilán Lagos Sepúlveda (1 Est.) Vista Surorient,la-florida,departamento,arriendo,,550000.0,51,54,2,2,nombre_de_proyecto,https://portalinmobiliario.com/MLC-2037563415-edificio-froilan-lagos-sepulveda-1-est-vista-surorient-_JM
BAJA,2037487335,Edificio Lía Aguirre (1 Bod.) Vista Sur Piso 7,la-florida,departamento,arriendo,,345000.0,33,35,1,1,nombre_de_proyecto,https://portalinmobiliario.com/MLC-2037487335-edificio-lia-aguirre-1-bod-vista-sur-piso-7-_JM
BAJA,2037486167,Edificio Torres De Vicuña Mackenna Vista Poniente Piso 14,la-florida,departamento,arriendo,,327000.0,29,31,1,1,nombre_de_proyecto,https://portalinmobiliario.com/MLC-2037486167-edificio-torres-de-vicuna-mackenna-vista-poniente-piso-14-_JM
BAJA,2037563583,Edificio Froilán Lagos Sepúlveda (1 Est.) Vista Norponien,la-florida,departamento,arriendo,,550000.0,53,56,2,2,nombre_de_proyecto,https://portalinmobiliario.com/MLC-2037563583-edificio-froilan-lagos-sepulveda-1-est-vista-norponien-_JM
BAJA,2037562283,Edificio Florida Capital Vista Norte Piso 5,la-florida,departamento,arriendo,,460000.0,48,55,2,2,nombre_de_proyecto,https://portalinmobiliario.com/MLC-2037562283-edificio-florida-capital-vista-norte-piso-5-_JM
BAJA,2037561631,Edificio Torres De Vicuña Mackenna Vista Oriente Piso 2,la-florida,departamento,arriendo,,324000.0,29,31,1,1,nombre_de_proyecto,https://portalinmobiliario.com/MLC-2037561631-edificio-torres-de-vicuna-mackenna-vista-oriente-piso-2-_JM
BAJA,2037563575,Edificio Froilán Lagos Sepúlveda (1 Est.) Vista Poniente,la-florida,departamento,arriendo,,500000.0,53,56,2,2,nombre_de_proyecto,https://portalinmobiliario.com/MLC-2037563575-edificio-froilan-lagos-sepulveda-1-est-vista-poniente-_JM
BAJA,2037487929,Edificio Av. Américo Vespucio Vista Norte Piso 17,la-florida,departamento,arriendo,,340000.0,29,32,1,1,nombre_de_proyecto,https://portalinmobiliario.com/MLC-2037487929-edificio-av-americo-vespucio-vista-norte-piso-17-_JM
BAJA,4191766482,Edificio Av. Vicuña Mackenna Vista Norte Piso 11,la-florida,departamento,arriendo,,350000.0,33,36,1,1,nombre_de_proyecto,https://portalinmobiliario.com/MLC-4191766482-edificio-av-vicuna-mackenna-vista-norte-piso-11-_JM
BAJA,4146255240,Edificio Lía Aguirre Vista Norte Piso 2,la-florida,departamento,arriendo,,335000.0,29,32,1,1,nombre_de_proyecto,https://portalinmobiliario.com/MLC-4146255240-edificio-lia-aguirre-vista-norte-piso-2-_JM
BAJA,4142591246,Edificio Vicuña Mackenna Oriente Vista Oriente Piso 11,la-florida,departamento,arriendo,,350000.0,32,37,1,1,nombre_de_proyecto,https://portalinmobiliario.com/MLC-4142591246-edificio-vicuna-mackenna-oriente-vista-oriente-piso-11-_JM
BAJA,4142643112,Edificio Torres De Vicuña Mackenna Vista Poniente Piso 4,la-florida,departamento,arriendo,,437000.0,40,40,2,2,nombre_de_proyecto,https://portalinmobiliario.com/MLC-4142643112-edificio-torres-de-vicuna-mackenna-vista-poniente-piso-4-_JM
BAJA,4170347230,Edificio Froilán Lagos Sepúlveda (1 Est.) Vista Surorient,la-florida,departamento,arriendo,,550000.0,46,49,2,2,nombre_de_proyecto,https://portalinmobiliario.com/MLC-4170347230-edificio-froilan-lagos-sepulveda-1-est-vista-surorient-_JM
BAJA,2037594219,Edificio Froilán Lagos Sepúlveda (1 Est. 1 Bod.) Vista No,la-florida,departamento,arriendo,,510000.0,53,56,2,2,nombre_de_proyecto,https://portalinmobiliario.com/MLC-2037594219-edificio-froilan-lagos-sepulveda-1-est-1-bod-vista-no-_JM
BAJA,2037594367,Edificio Froilán Lagos Sepúlveda (1 Bod.) Vista Surponien,la-florida,departamento,arriendo,,320000.0,25,25,,1,nombre_de_proyecto,https://portalinmobiliario.com/MLC-2037594367-edificio-froilan-lagos-sepulveda-1-bod-vista-surponien-_JM
BAJA,2062113707,Edificio Froilán Lagos Sepúlveda Vista Surponiente Piso 2,la-florida,departamento,arriendo,,300000.0,25,25,,1,nombre_de_proyecto,https://portalinmobiliario.com/MLC-2062113707-edificio-froilan-lagos-sepulveda-vista-surponiente-piso-2-_JM
BAJA,4179334202,Edificio Froilán Lagos Sepúlveda (1 Est.) Vista Norte Pis,la-florida,departamento,arriendo,,550000.0,51,54,2,2,nombre_de_proyecto,https://portalinmobiliario.com/MLC-4179334202-edificio-froilan-lagos-sepulveda-1-est-vista-norte-pis-_JM
BAJA,2037594227,Edificio Froilán Lagos Sepúlveda (1 Est. 1 Bod.) Vista Su,la-florida,departamento,arriendo,,510000.0,53,56,2,2,nombre_de_proyecto,https://portalinmobiliario.com/MLC-2037594227-edificio-froilan-lagos-sepulveda-1-est-1-bod-vista-su-_JM
BAJA,2037594209,Edificio Froilán Lagos Sepúlveda (1 Est. 1 Bod.) Vista Su,la-florida,departamento,arriendo,,510000.0,53,56,2,2,nombre_de_proyecto,https://portalinmobiliario.com/MLC-2037594209-edificio-froilan-lagos-sepulveda-1-est-1-bod-vista-su-_JM
BAJA,2062075771,Edificio Froilán Lagos Sepúlveda Vista Surponiente Piso 2,la-florida,departamento,arriendo,,300000.0,25,25,,1,nombre_de_proyecto,https://portalinmobiliario.com/MLC-2062075771-edificio-froilan-lagos-sepulveda-vista-surponiente-piso-2-_JM
BAJA,2037606753,Edificio Froilán Lagos Sepúlveda (1 Est. 1 Bod.) Vista Su,la-florida,departamento,arriendo,,510000.0,53,56,2,2,nombre_de_proyecto,https://portalinmobiliario.com/MLC-2037606753-edificio-froilan-lagos-sepulveda-1-est-1-bod-vista-su-_JM
BAJA,2037487955,Edificio Froilán Lagos Sepúlveda (1 Est. 1 Bod.) Vista No,la-florida,departamento,arriendo,,510000.0,53,56,2,2,nombre_de_proyecto,https://portalinmobiliario.com/MLC-2037487955-edificio-froilan-lagos-sepulveda-1-est-1-bod-vista-no-_JM
BAJA,2037563375,Edificio Froilán Lagos Sepúlveda (1 Est. 1 Bod.) Vista Su,la-florida,departamento,arriendo,,510000.0,51,54,2,2,nombre_de_proyecto,https://portalinmobiliario.com/MLC-2037563375-edificio-froilan-lagos-sepulveda-1-est-1-bod-vista-su-_JM
BAJA,4182740996,Edificio Froilán Lagos Sepúlveda Vista Sur Piso 9,la-florida,departamento,arriendo,,320000.0,26,26,,1,nombre_de_proyecto,https://portalinmobiliario.com/MLC-4182740996-edificio-froilan-lagos-sepulveda-vista-sur-piso-9-_JM
BAJA,4170113054,Edificio Pichidegua Vista Oriente Piso 19,la-florida,departamento,arriendo,,460000.0,28,30,1,1,nombre_de_proyecto,https://portalinmobiliario.com/MLC-4170113054-edificio-pichidegua-vista-oriente-piso-19-_JM
BAJA,4146279918,Edificio Vicuña Mackenna Oriente Vista Suroriente Piso 6,la-florida,departamento,arriendo,,335000.0,32,35,1,1,nombre_de_proyecto,https://portalinmobiliario.com/MLC-4146279918-edificio-vicuna-mackenna-oriente-vista-suroriente-piso-6-_JM
BAJA,2037594229,Edificio Froilán Lagos Sepúlveda (1 Est. 1 Bod.) Vista Su,la-florida,departamento,arriendo,,540000.0,51,54,2,2,nombre_de_proyecto,https://portalinmobiliario.com/MLC-2037594229-edificio-froilan-lagos-sepulveda-1-est-1-bod-vista-su-_JM
BAJA,2037563373,Edificio Froilán Lagos Sepúlveda (1 Est. 1 Bod.) Vista No,la-florida,departamento,arriendo,,510000.0,53,56,2,2,nombre_de_proyecto,https://portalinmobiliario.com/MLC-2037563373-edificio-froilan-lagos-sepulveda-1-est-1-bod-vista-no-_JM
BAJA,2037594207,Edificio Froilán Lagos Sepúlveda (1 Est. 1 Bod.) Vista No,la-florida,departamento,arriendo,,510000.0,50,54,2,2,nombre_de_proyecto,https://portalinmobiliario.com/MLC-2037594207-edificio-froilan-lagos-sepulveda-1-est-1-bod-vista-no-_JM
BAJA,2037563367,Edificio Froilán Lagos Sepúlveda (1 Est. 1 Bod.) Vista Su,la-florida,departamento,arriendo,,510000.0,51,54,2,2,nombre_de_proyecto,https://portalinmobiliario.com/MLC-2037563367-edificio-froilan-lagos-sepulveda-1-est-1-bod-vista-su-_JM
BAJA,2037487941,Edificio Froilán Lagos Sepúlveda (1 Est. 1 Bod.) Vista Su,la-florida,departamento,arriendo,,510000.0,53,56,2,2,nombre_de_proyecto,https://portalinmobiliario.com/MLC-2037487941-edificio-froilan-lagos-sepulveda-1-est-1-bod-vista-su-_JM
BAJA,2037563361,Edificio Froilán Lagos Sepúlveda (1 Est. 1 Bod.) Vista No,la-florida,departamento,arriendo,,510000.0,53,56,2,2,nombre_de_proyecto,https://portalinmobiliario.com/MLC-2037563361-edificio-froilan-lagos-sepulveda-1-est-1-bod-vista-no-_JM
BAJA,4182740992,Edificio Froilán Lagos Sepúlveda Vista Sur Piso 7,la-florida,departamento,arriendo,,320000.0,,,,1,nombre_de_proyecto,https://portalinmobiliario.com/MLC-4182740992-edificio-froilan-lagos-sepulveda-vista-sur-piso-7-_JM
BAJA,2037485723,Edificio Mirador Azul Vista Sur Piso 13,la-florida,departamento,arriendo,,385000.0,34,36,1,1,nombre_de_proyecto,https://portalinmobiliario.com/MLC-2037485723-edificio-mirador-azul-vista-sur-piso-13-_JM
BAJA,2037594225,Edificio Froilán Lagos Sepúlveda (1 Est. 1 Bod.) Vista No,la-florida,departamento,arriendo,,510000.0,53,56,2,2,nombre_de_proyecto,https://portalinmobiliario.com/MLC-2037594225-edificio-froilan-lagos-sepulveda-1-est-1-bod-vista-no-_JM
BAJA,2037594223,Edificio Froilán Lagos Sepúlveda (1 Est. 1 Bod.) Vista Su,la-florida,departamento,arriendo,,510000.0,53,56,2,2,nombre_de_proyecto,https://portalinmobiliario.com/MLC-2037594223-edificio-froilan-lagos-sepulveda-1-est-1-bod-vista-su-_JM
BAJA,2037563381,Edificio Froilán Lagos Sepúlveda (1 Est. 1 Bod.) Vista Su,la-florida,departamento,arriendo,,510000.0,53,56,2,2,nombre_de_proyecto,https://portalinmobiliario.com/MLC-2037563381-edificio-froilan-lagos-sepulveda-1-est-1-bod-vista-su-_JM
BAJA,2037606741,Edificio Froilán Lagos Sepúlveda (1 Est. 1 Bod.) Vista Su,la-florida,departamento,arriendo,,510000.0,53,56,2,2,nombre_de_proyecto,https://portalinmobiliario.com/MLC-2037606741-edificio-froilan-lagos-sepulveda-1-est-1-bod-vista-su-_JM
BAJA,4182740994,Edificio Froilán Lagos Sepúlveda Vista Sur Piso 8,la-florida,departamento,arriendo,,320000.0,26,26,,1,nombre_de_proyecto,https://portalinmobiliario.com/MLC-4182740994-edificio-froilan-lagos-sepulveda-vista-sur-piso-8-_JM
BAJA,4170191012,Edificio Pichidegua Vista Oriente Piso 18,la-florida,departamento,arriendo,,460000.0,30,32,1,1,nombre_de_proyecto,https://portalinmobiliario.com/MLC-4170191012-edificio-pichidegua-vista-oriente-piso-18-_JM
BAJA,2037488087,Edificio Froilán Lagos Sepúlveda (1 Bod.) Vista Surponien,la-florida,departamento,arriendo,,320000.0,25,25,,1,nombre_de_proyecto,https://portalinmobiliario.com/MLC-2037488087-edificio-froilan-lagos-sepulveda-1-bod-vista-surponien-_JM
BAJA,2037561165,Edificio Mirador Azul Vista Sur Piso 7,la-florida,departamento,arriendo,,380000.0,34,36,1,1,nombre_de_proyecto,https://portalinmobiliario.com/MLC-2037561165-edificio-mirador-azul-vista-sur-piso-7-_JM
BAJA,2062075763,Edificio Av. Vicuña Mackenna Vista Oriente Piso 8,la-florida,departamento,arriendo,,320000.0,23,23,,1,nombre_de_proyecto,https://portalinmobiliario.com/MLC-2062075763-edificio-av-vicuna-mackenna-vista-oriente-piso-8-_JM
BAJA,2062113689,Edificio Av. Vicuña Mackenna Vista Oriente Piso 5,la-florida,departamento,arriendo,,320000.0,23,23,,1,nombre_de_proyecto,https://portalinmobiliario.com/MLC-2062113689-edificio-av-vicuna-mackenna-vista-oriente-piso-5-_JM
BAJA,2053529281,Edificio Av. Vicuña Mackenna Vista Oriente Piso 5,la-florida,departamento,arriendo,,380000.0,29,30,1,1,nombre_de_proyecto,https://portalinmobiliario.com/MLC-2053529281-edificio-av-vicuna-mackenna-vista-oriente-piso-5-_JM
BAJA,4142591548,Edificio Vicuña Urban Vista Oriente Piso 10,la-florida,departamento,arriendo,,361000.0,35,38,1,1,nombre_de_proyecto,https://portalinmobiliario.com/MLC-4142591548-edificio-vicuna-urban-vista-oriente-piso-10-_JM
BAJA,2037562245,Edificio Lia Aguirre Vista Nororiente Piso 16,la-florida,departamento,arriendo,,350000.0,36,38,1,1,nombre_de_proyecto,https://portalinmobiliario.com/MLC-2037562245-edificio-lia-aguirre-vista-nororiente-piso-16-_JM
BAJA,2037606841,Edificio Av. Vicuña Mackenna Vista Poniente Piso 4,la-florida,departamento,arriendo,,350000.0,33,36,1,1,nombre_de_proyecto,https://portalinmobiliario.com/MLC-2037606841-edificio-av-vicuna-mackenna-vista-poniente-piso-4-_JM
BAJA,2037606979,Edificio Av. Vicuña Mackenna Vista Poniente Piso 5,la-florida,departamento,arriendo,,380000.0,33,36,1,1,nombre_de_proyecto,https://portalinmobiliario.com/MLC-2037606979-edificio-av-vicuna-mackenna-vista-poniente-piso-5-_JM
BAJA,2037488155,Edificio Av. Vicuña Mackenna Vista Poniente Piso 5,la-florida,departamento,arriendo,,380000.0,30,31,1,1,nombre_de_proyecto,https://portalinmobiliario.com/MLC-2037488155-edificio-av-vicuna-mackenna-vista-poniente-piso-5-_JM
BAJA,4212660036,Edificio Av. Américo Vespucio Vista Norte Piso 9,la-florida,departamento,arriendo,,340000.0,29,31,1,1,nombre_de_proyecto,https://portalinmobiliario.com/MLC-4212660036-edificio-av-americo-vespucio-vista-norte-piso-9-_JM
BAJA,2074153773,Edificio Av. Américo Vespucio Vista Norte Piso 12,la-florida,departamento,arriendo,,340000.0,29,31,1,1,nombre_de_proyecto,https://portalinmobiliario.com/MLC-2074153773-edificio-av-americo-vespucio-vista-norte-piso-12-_JM
BAJA,4234136550,Edificio Lofty Vista Suroriente Piso 9,la-florida,departamento,arriendo,,495000.0,55,59,2,2,nombre_de_proyecto,https://portalinmobiliario.com/MLC-4234136550-edificio-lofty-vista-suroriente-piso-9-_JM
BAJA,4219663486,Edificio Lia Aguirre Vista Nororiente Piso 16,la-florida,departamento,arriendo,,470000.0,41,43,2,2,nombre_de_proyecto,https://portalinmobiliario.com/MLC-4219663486-edificio-lia-aguirre-vista-nororiente-piso-16-_JM
BAJA,2059598861,Edificio Antonia (1 Est. 1 Bod.) Vista Sur Piso 4,la-florida,departamento,arriendo,,435000.0,45,49,2,1,nombre_de_proyecto,https://portalinmobiliario.com/MLC-2059598861-edificio-antonia-1-est-1-bod-vista-sur-piso-4-_JM
BAJA,2037606141,Edificio Av. Vicuña Mackenna Ote. (1 Bod.) Vista Norponien,la-florida,departamento,arriendo,,470000.0,59,66,2,2,nombre_de_proyecto,https://portalinmobiliario.com/MLC-2037606141-edificio-av-vicuna-mackenna-ote-1-bod-vista-norponien-_JM
BAJA,2045618165,Edificio Casa El Roble Vista Norte Piso 3,la-florida,departamento,arriendo,,291000.0,28,28,,1,nombre_de_proyecto,https://portalinmobiliario.com/MLC-2045618165-edificio-casa-el-roble-vista-norte-piso-3-_JM
BAJA,2037606119,Edificio Nueva Cuatro Vista Oriente Piso 19,la-florida,departamento,arriendo,,515000.0,63,69,2,2,nombre_de_proyecto,https://portalinmobiliario.com/MLC-2037606119-edificio-nueva-cuatro-vista-oriente-piso-19-_JM
BAJA,2037606017,Edificio Exequiel Fernández (1 Est. 1 Bod.) Vista Oriente,la-florida,departamento,arriendo,,580000.0,55,70,2,2,nombre_de_proyecto,https://portalinmobiliario.com/MLC-2037606017-edificio-exequiel-fernandez-1-est-1-bod-vista-oriente-_JM
BAJA,4155688924,Edificio Casa El Roble Vista Norte Piso 2,la-florida,departamento,arriendo,,422000.0,40,43,2,1,nombre_de_proyecto,https://portalinmobiliario.com/MLC-4155688924-edificio-casa-el-roble-vista-norte-piso-2-_JM
BAJA,2048443149,Edificio Froilán Roa (1 Est. 1 Bod.) Vista Norponiente Pis,la-florida,departamento,arriendo,,600000.0,52,60,2,2,nombre_de_proyecto,https://portalinmobiliario.com/MLC-2048443149-edificio-froilan-roa-1-est-1-bod-vista-norponiente-pis-_JM
BAJA,2037594271,Edificio Av. Vicuña Mackenna (1 Est.) Vista Norte Piso 4,la-florida,departamento,arriendo,,500000.0,50,57,2,2,nombre_de_proyecto,https://portalinmobiliario.com/MLC-2037594271-edificio-av-vicuna-mackenna-1-est-vista-norte-piso-4-_JM
BAJA,4142643768,Edificio Av. La Florida (1 Est.) Vista Sur Piso 11,la-florida,departamento,arriendo,,513000.0,64,78,2,2,nombre_de_proyecto,https://portalinmobiliario.com/MLC-4142643768-edificio-av-la-florida-1-est-vista-sur-piso-11-_JM
BAJA,2037594175,Edificio Nueva Cuatro Vista Oriente Piso 17,la-florida,departamento,arriendo,,580000.0,55,63,2,2,nombre_de_proyecto,https://portalinmobiliario.com/MLC-2037594175-edificio-nueva-cuatro-vista-oriente-piso-17-_JM
BAJA,2037561649,Edificio Torres De Vicuña Mackenna Vista Oriente Piso 11,la-florida,departamento,arriendo,,400000.0,38,38,2,1,nombre_de_proyecto,https://portalinmobiliario.com/MLC-2037561649-edificio-torres-de-vicuna-mackenna-vista-oriente-piso-11-_JM
BAJA,4155492174,Edificio Av. Vicuña Mackenna Poniente Vista Norponiente Pi,la-florida,departamento,arriendo,,365000.0,34,36,1,1,nombre_de_proyecto,https://portalinmobiliario.com/MLC-4155492174-edificio-av-vicuna-mackenna-poniente-vista-norponiente-pi-_JM
BAJA,2037487207,Edificio Vespucio Capital Vista Poniente Piso 2,la-florida,departamento,arriendo,,448000.0,40,45,2,1,nombre_de_proyecto,https://portalinmobiliario.com/MLC-2037487207-edificio-vespucio-capital-vista-poniente-piso-2-_JM
BAJA,4142643326,Edificio Vicuña Mackenna Oriente Vista Oriente Piso 6,la-florida,departamento,arriendo,,430000.0,38,42,2,1,nombre_de_proyecto,https://portalinmobiliario.com/MLC-4142643326-edificio-vicuna-mackenna-oriente-vista-oriente-piso-6-_JM
BAJA,4142591966,Edificio Lia Aguirre (1 Bod.) Vista Nororiente Piso 15,la-florida,departamento,arriendo,,470000.0,41,43,2,2,nombre_de_proyecto,https://portalinmobiliario.com/MLC-4142591966-edificio-lia-aguirre-1-bod-vista-nororiente-piso-15-_JM
BAJA,2037488139,Edificio Av. Vicuña Mackenna Vista Poniente Piso 4,la-florida,departamento,arriendo,,330000.0,30,31,1,1,nombre_de_proyecto,https://portalinmobiliario.com/MLC-2037488139-edificio-av-vicuna-mackenna-vista-poniente-piso-4-_JM
BAJA,4142643094,Edificio Torres De Vicuña Mackenna Vista Poniente Piso 9,la-florida,departamento,arriendo,,329000.0,29,29,1,1,nombre_de_proyecto,https://portalinmobiliario.com/MLC-4142643094-edificio-torres-de-vicuna-mackenna-vista-poniente-piso-9-_JM
BAJA,4143486308,Edificio San Carlos Vista Norte Piso 10,la-florida,departamento,arriendo,,332000.0,28,28,1,1,nombre_de_proyecto,https://portalinmobiliario.com/MLC-4143486308-edificio-san-carlos-vista-norte-piso-10-_JM
BAJA,2037593235,Edificio Florida Capital Vista Nororiente Piso 4,la-florida,departamento,arriendo,,456000.0,47,50,2,2,nombre_de_proyecto,https://portalinmobiliario.com/MLC-2037593235-edificio-florida-capital-vista-nororiente-piso-4-_JM
BAJA,2037486369,Edificio Lofty Vista Poniente Piso 4,la-florida,departamento,arriendo,,335000.0,31,39,,1,nombre_de_proyecto,https://portalinmobiliario.com/MLC-2037486369-edificio-lofty-vista-poniente-piso-4-_JM
BAJA,4142643106,Edificio Torres De Vicuña Mackenna Vista Oriente Piso 19,la-florida,departamento,arriendo,,402000.0,40,40,2,1,nombre_de_proyecto,https://portalinmobiliario.com/MLC-4142643106-edificio-torres-de-vicuna-mackenna-vista-oriente-piso-19-_JM
BAJA,2045850857,Edificio Activa Vicuña Mackenna Poniente Vista Norte Piso,la-florida,departamento,arriendo,,383000.0,34,41,1,1,nombre_de_proyecto,https://portalinmobiliario.com/MLC-2045850857-edificio-activa-vicuna-mackenna-poniente-vista-norte-piso-_JM
BAJA,2037486573,Edificio Lia Aguirre Vista Poniente Piso 5,la-florida,departamento,arriendo,,341000.0,35,35,1,1,nombre_de_proyecto,https://portalinmobiliario.com/MLC-2037486573-edificio-lia-aguirre-vista-poniente-piso-5-_JM
BAJA,4198335920,Edificio Av. Vicuña Mackenna Vista Poniente Piso 5,la-florida,departamento,arriendo,,350000.0,28,30,1,1,nombre_de_proyecto,https://portalinmobiliario.com/MLC-4198335920-edificio-av-vicuna-mackenna-vista-poniente-piso-5-_JM
BAJA,2037486105,Edificio Vicuña Urban Vista Norte Piso 6,la-florida,departamento,arriendo,,433000.0,39,41,2,1,nombre_de_proyecto,https://portalinmobiliario.com/MLC-2037486105-edificio-vicuna-urban-vista-norte-piso-6-_JM
BAJA,2053106121,Edificio Torres De Vicuña Mackenna Vista Oriente Piso 16,la-florida,departamento,arriendo,,326000.0,29,31,1,1,nombre_de_proyecto,https://portalinmobiliario.com/MLC-2053106121-edificio-torres-de-vicuna-mackenna-vista-oriente-piso-16-_JM
BAJA,4164887788,Edificio Lía Aguirre (1 Est.) Vista Norte Piso 3,la-florida,departamento,arriendo,,380000.0,33,33,1,1,nombre_de_proyecto,https://portalinmobiliario.com/MLC-4164887788-edificio-lia-aguirre-1-est-vista-norte-piso-3-_JM
BAJA,2070816971,Edificio Activa Vicuña Mackenna Poniente Vista Norte Piso,la-florida,departamento,arriendo,,393000.0,34,38,1,1,nombre_de_proyecto,https://portalinmobiliario.com/MLC-2070816971-edificio-activa-vicuna-mackenna-poniente-vista-norte-piso-_JM
BAJA,4142591812,Edificio Casa El Roble Vista Oriente Piso 13,la-florida,departamento,arriendo,,480000.0,50,53,2,2,nombre_de_proyecto,https://portalinmobiliario.com/MLC-4142591812-edificio-casa-el-roble-vista-oriente-piso-13-_JM
BAJA,2037485897,Edificio San Carlos Vista Norte Piso 9,la-florida,departamento,arriendo,,332000.0,28,28,1,1,nombre_de_proyecto,https://portalinmobiliario.com/MLC-2037485897-edificio-san-carlos-vista-norte-piso-9-_JM
BAJA,2037561641,Edificio Torres De Vicuña Mackenna Vista Poniente Piso 8,la-florida,departamento,arriendo,,327000.0,29,31,1,1,nombre_de_proyecto,https://portalinmobiliario.com/MLC-2037561641-edificio-torres-de-vicuna-mackenna-vista-poniente-piso-8-_JM
BAJA,2037487175,Edificio Lía Aguirre Vista Norte Piso 9,la-florida,departamento,arriendo,,340000.0,29,32,1,1,nombre_de_proyecto,https://portalinmobiliario.com/MLC-2037487175-edificio-lia-aguirre-vista-norte-piso-9-_JM
BAJA,4198327546,Edificio Av. Vicuña Mackenna Ote. Vista Oriente Piso 3,la-florida,departamento,arriendo,,340000.0,30,34,1,1,nombre_de_proyecto,https://portalinmobiliario.com/MLC-4198327546-edificio-av-vicuna-mackenna-ote-vista-oriente-piso-3-_JM
BAJA,2037593005,Edificio Lia Aguirre Vista Poniente Piso 10,la-florida,departamento,arriendo,,350000.0,33,36,1,1,nombre_de_proyecto,https://portalinmobiliario.com/MLC-2037593005-edificio-lia-aguirre-vista-poniente-piso-10-_JM
BAJA,2037563465,Edificio Av. Vicuña Mackenna Vista Oriente Piso 2,la-florida,departamento,arriendo,,350000.0,33,36,1,1,nombre_de_proyecto,https://portalinmobiliario.com/MLC-2037563465-edificio-av-vicuna-mackenna-vista-oriente-piso-2-_JM
BAJA,2074154663,Edificio Av. Américo Vespucio Vista Norte Piso 3,la-florida,departamento,arriendo,,390000.0,40,42,2,1,nombre_de_proyecto,https://portalinmobiliario.com/MLC-2074154663-edificio-av-americo-vespucio-vista-norte-piso-3-_JM
BAJA,2037486373,Edificio Sta. Victoria Vista Sur Piso 1,la-florida,departamento,arriendo,,450000.0,49,57,2,2,nombre_de_proyecto,https://portalinmobiliario.com/MLC-2037486373-edificio-sta-victoria-vista-sur-piso-1-_JM
BAJA,2037562605,Edificio Sta. Victoria (1 Est.) Vista Nororiente Piso 2,la-florida,departamento,arriendo,,535000.0,57,66,3,2,nombre_de_proyecto,https://portalinmobiliario.com/MLC-2037562605-edificio-sta-victoria-1-est-vista-nororiente-piso-2-_JM
BAJA,4142643456,Edificio Lia Aguirre (1 Est.) Vista Oriente Piso 13,la-florida,departamento,arriendo,,339000.0,33,33,1,1,nombre_de_proyecto,https://portalinmobiliario.com/MLC-4142643456-edificio-lia-aguirre-1-est-vista-oriente-piso-13-_JM
BAJA,4187138848,Edificio Serafín Zamora Vista Norte Piso 12,la-florida,departamento,arriendo,8.57,350000.0,35,37,1,1,nombre_de_proyecto,https://portalinmobiliario.com/MLC-4187138848-edificio-serafin-zamora-vista-norte-piso-12-_JM
BAJA,4160892690,Edificio Lia Aguirre (1 Est.) Vista Suroriente Piso 15,la-florida,departamento,arriendo,,342000.0,33,35,1,1,nombre_de_proyecto,https://portalinmobiliario.com/MLC-4160892690-edificio-lia-aguirre-1-est-vista-suroriente-piso-15-_JM
BAJA,2037593511,Edificio Av. La Florida (1 Est. 1 Bod.) Vista Norponiente P,la-florida,departamento,arriendo,,518000.0,60,69,2,2,nombre_de_proyecto,https://portalinmobiliario.com/MLC-2037593511-edificio-av-la-florida-1-est-1-bod-vista-norponiente-p-_JM
BAJA,2037562637,Edificio Alonso De Ercilla Vista Norponiente Piso 4,la-florida,departamento,arriendo,,360000.0,31,35,1,1,nombre_de_proyecto,https://portalinmobiliario.com/MLC-2037562637-edificio-alonso-de-ercilla-vista-norponiente-piso-4-_JM
BAJA,4142643990,Edificio Vespucio Capital Vista Norte Piso 3,la-florida,departamento,arriendo,,350000.0,31,32,1,1,nombre_de_proyecto,https://portalinmobiliario.com/MLC-4142643990-edificio-vespucio-capital-vista-norte-piso-3-_JM
BAJA,2037607119,Edificio Alonso De Ercilla Vista Sur Piso 6,la-florida,departamento,arriendo,,370000.0,32,37,1,1,nombre_de_proyecto,https://portalinmobiliario.com/MLC-2037607119-edificio-alonso-de-ercilla-vista-sur-piso-6-_JM
BAJA,2037606001,Edificio Vespucio Capital Vista Norponiente Piso 12,la-florida,departamento,arriendo,,509000.0,47,53,2,2,nombre_de_proyecto,https://portalinmobiliario.com/MLC-2037606001-edificio-vespucio-capital-vista-norponiente-piso-12-_JM
BAJA,2037562677,Edificio Vespucio Capital Vista Norponiente Piso 5,la-florida,departamento,arriendo,,505000.0,47,53,2,2,nombre_de_proyecto,https://portalinmobiliario.com/MLC-2037562677-edificio-vespucio-capital-vista-norponiente-piso-5-_JM
BAJA,2053127263,Edificio Barrio Juan De Pineda Vista Norponiente Piso 3,la-florida,departamento,arriendo,,383000.0,36,41,1,1,nombre_de_proyecto,https://portalinmobiliario.com/MLC-2053127263-edificio-barrio-juan-de-pineda-vista-norponiente-piso-3-_JM
BAJA,4146279138,Edificio Av. Vicuña Mackenna Ote. (1 Est.) Vista Sur Piso,la-florida,departamento,arriendo,,385000.0,31,33,1,1,nombre_de_proyecto,https://portalinmobiliario.com/MLC-4146279138-edificio-av-vicuna-mackenna-ote-1-est-vista-sur-piso-_JM
BAJA,2037593399,Edificio C. Pudeto (1 Est. 1 Bod.) Vista Surponiente Piso 1,la-florida,departamento,arriendo,,385000.0,33,35,1,1,nombre_de_proyecto,https://portalinmobiliario.com/MLC-2037593399-edificio-c-pudeto-1-est-1-bod-vista-surponiente-piso-1-_JM
BAJA,4213168032,"Departamento, Condominio, Tobalaba 7377 Estac",la-florida,departamento,arriendo,,480000.0,59,62,2,2,nombre_de_proyecto,https://portalinmobiliario.com/MLC-4213168032-departamento-condominio-tobalaba-7377-estac-_JM
BAJA,4142591960,Edificio Lia Aguirre (1 Est. 1 Bod.) Vista Sur Piso 5,la-florida,departamento,arriendo,,336000.0,32,32,1,1,nombre_de_proyecto,https://portalinmobiliario.com/MLC-4142591960-edificio-lia-aguirre-1-est-1-bod-vista-sur-piso-5-_JM
BAJA,2063383677,Edificio Av. Américo Vespucio (1 Est. 1 Bod.) Vista Norte,la-florida,departamento,arriendo,,500000.0,41,44,2,2,nombre_de_proyecto,https://portalinmobiliario.com/MLC-2063383677-edificio-av-americo-vespucio-1-est-1-bod-vista-norte-_JM
BAJA,2068835649,Edificio Vicuña Mackenna (1 Est. 1 Bod.) Vista Nororiente,la-florida,departamento,arriendo,,570000.0,60,66,2,2,nombre_de_proyecto,https://portalinmobiliario.com/MLC-2068835649-edificio-vicuna-mackenna-1-est-1-bod-vista-nororiente-_JM
BAJA,2037488031,Edificio Av. Vicuña Mackenna Vista Norte Piso 8,la-florida,departamento,arriendo,,350000.0,33,36,1,1,nombre_de_proyecto,https://portalinmobiliario.com/MLC-2037488031-edificio-av-vicuna-mackenna-vista-norte-piso-8-_JM
BAJA,2037561711,Edificio Barrio Juan De Pineda Vista Sur Piso 3,la-florida,departamento,arriendo,,375000.0,34,38,1,1,nombre_de_proyecto,https://portalinmobiliario.com/MLC-2037561711-edificio-barrio-juan-de-pineda-vista-sur-piso-3-_JM
BAJA,4176373462,Edificio Froilán Roa (1 Est.) Vista Oriente Piso 7,la-florida,departamento,arriendo,,390000.0,32,36,1,1,nombre_de_proyecto,https://portalinmobiliario.com/MLC-4176373462-edificio-froilan-roa-1-est-vista-oriente-piso-7-_JM
BAJA,4143692714,Edificio Av. Vicuña Mackenna Ote. Vista Sur Piso 9,la-florida,departamento,arriendo,7.22,295000.0,21,24,0,1,nombre_de_proyecto | m2_util_minimo_de_rango,https://portalinmobiliario.com/MLC-4143692714-edificio-av-vicuna-mackenna-ote-vista-sur-piso-9-_JM
BAJA,4191176460,Edificio El Blanco (1 Est. 1 Bod.) Vista Norte Piso 4,la-florida,departamento,arriendo,,625000.0,74,81,3,2,nombre_de_proyecto,https://portalinmobiliario.com/MLC-4191176460-edificio-el-blanco-1-est-1-bod-vista-norte-piso-4-_JM
BAJA,4097808212,Amplio Semi-nuevo Mariposa Con Gran Terraza Vista Norte,la-florida,departamento,arriendo,,580000.0,48,56,2,2,nombre_de_proyecto,https://portalinmobiliario.com/MLC-4097808212-amplio-semi-nuevo-mariposa-con-gran-terraza-vista-norte-_JM
BAJA,4168107782,Depto 3d /2 B Metro Bellavista A Pasos Mall Plaza Vespucio,la-florida,departamento,arriendo,,600000.0,100,105,3,2,nombre_de_proyecto,https://portalinmobiliario.com/MLC-4168107782-depto-3d-2-b-metro-bellavista-a-pasos-mall-plaza-vespucio-_JM
BAJA,1935613129,Arr Depto Nuevo 1d/1baño  En Edificio Moderno La Florida,la-florida,departamento,arriendo,,360000.0,29,31,1,1,nombre_de_proyecto,https://portalinmobiliario.com/MLC-1935613129-arr-depto-nuevo-1d1bano-en-edificio-moderno-la-florida-_JM
BAJA,2037487199,Edificio Sta. Victoria (1 Est.) Vista Oriente Piso 3,la-florida,departamento,arriendo,,660000.0,82,90,3,2,nombre_de_proyecto,https://portalinmobiliario.com/MLC-2037487199-edificio-sta-victoria-1-est-vista-oriente-piso-3-_JM
BAJA,4112423712,"Tobalaba 7321, La Florida",la-florida,departamento,arriendo,,470000.0,55,57,3,2,titulo_corto_tipo_nombre,https://portalinmobiliario.com/MLC-4112423712-tobalaba-7321-la-florida-_JM
BAJA,2035147693,Exclusivo 2 Dorm. 2 Terrazas. 80 M2. Alto Macul.,la-florida,departamento,arriendo,,750000.0,70,80,2,2,nombre_de_proyecto,https://portalinmobiliario.com/MLC-2035147693-exclusivo-2-dorm-2-terrazas-80-m2-alto-macul-_JM
BAJA,4238306364,Departamento Metro Mirador,la-florida,departamento,arriendo,,540000.0,56,63,2,2,titulo_corto_tipo_nombre,https://portalinmobiliario.com/MLC-4238306364-departamento-metro-mirador-_JM
BAJA,4130983536,Departamento .  Edificio Tranquilo  Solo 12  Pisos,la-florida,departamento,arriendo,,360000.0,39,42,1,1,nombre_de_proyecto,https://portalinmobiliario.com/MLC-4130983536-departamento-edificio-tranquilo-solo-12-pisos-_JM
BAJA,4155683366,Amplio Departamento Metro Mirador,la-florida,departamento,arriendo,,400000.0,47,50,1,1,titulo_corto_tipo_nombre,https://portalinmobiliario.com/MLC-4155683366-amplio-departamento-metro-mirador-_JM
BAJA,4205361204,Excelente Departamento Monoambiente!!!,la-florida,departamento,arriendo,,305000.0,28,32,,1,titulo_corto_tipo_nombre,https://portalinmobiliario.com/MLC-4205361204-excelente-departamento-monoambiente-_JM
BAJA,4130984356,Cómodo Departamento Con Hermosa Vista A La Cordillera,la-florida,departamento,arriendo,,620000.0,69,75,3,2,nombre_de_proyecto,https://portalinmobiliario.com/MLC-4130984356-comodo-departamento-con-hermosa-vista-a-la-cordillera-_JM
BAJA,4217817676,Departamento En Condominio Alta Seguridad,la-florida,departamento,arriendo,,500000.0,70,72,3,2,nombre_de_proyecto,https://portalinmobiliario.com/MLC-4217817676-departamento-en-condominio-alta-seguridad-_JM
BAJA,2086447379,Departamento En Ubicación Estratégica.,la-florida,departamento,arriendo,,380000.0,45,47,2,1,titulo_corto_tipo_nombre,https://portalinmobiliario.com/MLC-2086447379-departamento-en-ubicacion-estrategica-_JM
BAJA,4188280694,Departamento Interior A Media Cuadra Metro Trinidad,la-florida,departamento,arriendo,,280000.0,16,16,1,1,m2_util_minimo_de_rango,https://portalinmobiliario.com/MLC-4188280694-departamento-interior-a-media-cuadra-metro-trinidad-_JM
BAJA,2079125959,Depto 1 Dormitorio Cerca Mall Bella Vista La Florida,la-florida,departamento,arriendo,,320000.0,38,38,1,1,nombre_de_proyecto,https://portalinmobiliario.com/MLC-2079125959-depto-1-dormitorio-cerca-mall-bella-vista-la-florida-_JM
BAJA,4211820774,"Departamento 1d/1b/terraza, Con Hermosa Vista Despejada.",la-florida,departamento,arriendo,,360000.0,38,38,1,1,nombre_de_proyecto,https://portalinmobiliario.com/MLC-4211820774-departamento-1d1bterraza-con-hermosa-vista-despejada-_JM
BAJA,4210795720,Departamento 2d2b+1b,la-florida,departamento,arriendo,,490000.0,47,55,2,2,titulo_corto_tipo_nombre,https://portalinmobiliario.com/MLC-4210795720-departamento-2d2b1b-_JM
BAJA,2053549959,"Acogedor Departamento, Barrio Tranquilo, Cercano A Comercio.",la-florida,departamento,arriendo,,450000.0,40,46,2,1,nombre_de_proyecto,https://portalinmobiliario.com/MLC-2053549959-acogedor-departamento-barrio-tranquilo-cercano-a-comercio-_JM
BAJA,4134723972,Departamento Metro Mirador - Vista A La Cordillera,la-florida,departamento,arriendo,,590000.0,50,53,2,2,nombre_de_proyecto,https://portalinmobiliario.com/MLC-4134723972-departamento-metro-mirador-vista-a-la-cordillera-_JM
BAJA,4212321062,Depto. Sector Alto De  La Florida | Lo  Cañas | 3d +2b+logia,la-florida,departamento,arriendo,,470000.0,60,64,3,2,nombre_de_proyecto,https://portalinmobiliario.com/MLC-4212321062-depto-sector-alto-de-la-florida-lo-canas-3d-2blogia-_JM
BAJA,2064054139,Departamento Pasos Metro Mirador,la-florida,departamento,arriendo,,350000.0,33,36,1,1,titulo_corto_tipo_nombre,https://portalinmobiliario.com/MLC-2064054139-departamento-pasos-metro-mirador-_JM
BAJA,4159941808,Cercano A Dos Metros Vicente Valdés Y Vicuña Y Mall Plaza Ve,la-florida,departamento,arriendo,,539000.0,54,50,2,2,nombre_de_proyecto,https://portalinmobiliario.com/MLC-4159941808-cercano-a-dos-metros-vicente-valdes-y-vicuna-y-mall-plaza-ve-_JM
BAJA,4125911050,"Depto 1d+1b En La Florida, Excelente Ubicación",la-florida,departamento,arriendo,9.3,380000.0,2,40,,1,superficies_incoherentes | m2_util_minimo_de_rango,https://portalinmobiliario.com/MLC-4125911050-depto-1d1b-en-la-florida-excelente-ubicacion-_JM
BAJA,4135262720,Departamento Con Estacionamiento.,la-florida,departamento,arriendo,,390000.0,31,35,1,1,titulo_corto_tipo_nombre,https://portalinmobiliario.com/MLC-4135262720-departamento-con-estacionamiento-_JM
BAJA,4135250782,"Dpto 3d + 2b, Vista Despejada + Estacionamiento",la-florida,departamento,arriendo,,620000.0,68,79,3,2,nombre_de_proyecto,https://portalinmobiliario.com/MLC-4135250782-dpto-3d-2b-vista-despejada-estacionamiento-_JM
BAJA,2055370333,Departamento Maria Elena Dueña,la-florida,departamento,arriendo,,580000.0,,62,3,2,titulo_corto_tipo_nombre,https://portalinmobiliario.com/MLC-2055370333-departamento-maria-elena-duena-_JM
BAJA,4152861108,"Departamento Luminoso Con Vista Despejada De 2d, 2b, E Y B",la-florida,departamento,arriendo,,530000.0,65,67,2,2,nombre_de_proyecto,https://portalinmobiliario.com/MLC-4152861108-departamento-luminoso-con-vista-despejada-de-2d-2b-e-y-b-_JM
BAJA,2053529679,Departamento Con Excelente Luz,la-florida,departamento,arriendo,,420000.0,53,53,2,1,titulo_corto_tipo_nombre,https://portalinmobiliario.com/MLC-2053529679-departamento-con-excelente-luz-_JM
BAJA,3960468808,Maravillosa Casa Piso Parquet Ñuñoa,nunoa,casa,venta,17700.0,722952783,170,670,,,nombre_de_proyecto,https://portalinmobiliario.com/MLC-3960468808-maravillosa-casa-piso-parquet-nunoa-_JM
BAJA,2042158175,Casa 5d + 4b En Barrio Patrimonial De Ñuñoa,nunoa,casa,venta,15200.0,620840808,237,541,,4,nombre_de_proyecto,https://portalinmobiliario.com/MLC-2042158175-casa-5d-4b-en-barrio-patrimonial-de-nunoa-_JM
BAJA,1974291811,Jose Manuel Infante,nunoa,casa,venta,12000.0,490137480,226,352,,3,titulo_corto_tipo_nombre,https://portalinmobiliario.com/MLC-1974291811-jose-manuel-infante-_JM
BAJA,4111946582,"Sector Exequiel Fernandez, Ñuñoa",nunoa,casa,venta,7900.0,322673841,154,180,,,titulo_corto_tipo_nombre,https://portalinmobiliario.com/MLC-4111946582-sector-exequiel-fernandez-nunoa-_JM
BAJA,3585454952,Uf 12.100 Casa 4d + 2b + Servicios. Plaza Ñuñoa. Calle Resid,nunoa,casa,venta,12100.0,494221959,156,403,,,nombre_de_proyecto,https://portalinmobiliario.com/MLC-3585454952-uf-12100-casa-4d-2b-servicios-plaza-nunoa-calle-resid-_JM
BAJA,2046361061,Casa 3d Y 3b En Excelente Barrio De Ñuñoa,nunoa,casa,venta,11800.0,481968522,135,360,,,nombre_de_proyecto,https://portalinmobiliario.com/MLC-2046361061-casa-3d-y-3b-en-excelente-barrio-de-nunoa-_JM
BAJA,4130599780,Casa De 2 Pisos Condominio- Ñuñoa,nunoa,casa,venta,5900.0,240984261,63,95,,,nombre_de_proyecto,https://portalinmobiliario.com/MLC-4130599780-casa-de-2-pisos-condominio-nunoa-_JM
BAJA,4155493566,Moderna Casa Tipo Townhouse Exclusivo Condominio,nunoa,casa,venta,8500.0,347180715,98,99,3,3,nombre_de_proyecto,https://portalinmobiliario.com/MLC-4155493566-moderna-casa-tipo-townhouse-exclusivo-condominio-_JM
BAJA,3823459392,Simon Bolivar/a. Varas C_423248,nunoa,casa,venta,7700.0,314504883,161,156,5,,titulo_corto_tipo_nombre,https://portalinmobiliario.com/MLC-3823459392-simon-bolivara-varas-c423248-_JM
BAJA,1845401697,"Estilo, Luminosa Y Hermosa...",nunoa,casa,venta,11375.0,464609486,147,306,6,4,titulo_corto_tipo_nombre,https://portalinmobiliario.com/MLC-1845401697-estilo-luminosa-y-hermosa-_JM
BAJA,1948014255,Barrio Italia 4 Dormitorios 3 Baños,nunoa,casa,venta,13300.0,543235707,141,249,,,nombre_de_proyecto,https://portalinmobiliario.com/MLC-1948014255-barrio-italia-4-dormitorios-3-banos-_JM
BAJA,3750226440,La Giralda/amapolas,nunoa,casa,venta,11490.0,469306637,150,211,,,titulo_corto_tipo_nombre,https://portalinmobiliario.com/MLC-3750226440-la-giraldaamapolas-_JM
BAJA,2053528677,Casa Esquina En Barrio Residencial Consolidado Y Tranquilo,nunoa,casa,venta,4400.0,179717076,72,171,,,nombre_de_proyecto,https://portalinmobiliario.com/MLC-2053528677-casa-esquina-en-barrio-residencial-consolidado-y-tranquilo-_JM
BAJA,4093484806,Sólida Casa De Dos Pisos En Plaza Ñuñoa,nunoa,casa,venta,10772.49,440000000.0,196,176,6,3,nombre_de_proyecto,https://portalinmobiliario.com/MLC-4093484806-solida-casa-de-dos-pisos-en-plaza-nunoa-_JM
BAJA,4139147642,"Casa Bajo Tasación! 3 Dormitorios. Portal Ñuñoa, Autopista.",nunoa,casa,venta,3868.3,158000000.0,65,171,,1,nombre_de_proyecto,https://portalinmobiliario.com/MLC-4139147642-casa-bajo-tasacion-3-dormitorios-portal-nunoa-autopista-_JM
BAJA,3583843302,Casa En Excelente Ubicación Residencial De Ñuñoa.,nunoa,casa,venta,7600.0,310420404,100,296,4,3,nombre_de_proyecto,https://portalinmobiliario.com/MLC-3583843302-casa-en-excelente-ubicacion-residencial-de-nunoa-_JM
BAJA,3763297116,Casa En Condominio Barrio Tranquilo Cerca De Todo,nunoa,casa,venta,7100.05,290000000.0,87,97,,2,nombre_de_proyecto,https://portalinmobiliario.com/MLC-3763297116-casa-en-condominio-barrio-tranquilo-cerca-de-todo-_JM
BAJA,1785495409,Townhouse 3d 2 B + Sala Multifamily | Gran Terraza | Ñuñoa,nunoa,casa,venta,8990.0,367194662,97,128,,2,nombre_de_proyecto,https://portalinmobiliario.com/MLC-1785495409-townhouse-3d-2-b-sala-multifamily-gran-terraza-nunoa-_JM
BAJA,2076410089,"Joya Arquitectónica, Estilo Moderno, Barrio Pucará",nunoa,casa,venta,16300.0,665770077,200,490,,2,nombre_de_proyecto,https://portalinmobiliario.com/MLC-2076410089-joya-arquitectonica-estilo-moderno-barrio-pucara-_JM
BAJA,2074151269,Barrio Suarez Mujica | Bajo Precio De Tasación,nunoa,casa,venta,14300.0,584080497,228,495,3,,nombre_de_proyecto,https://portalinmobiliario.com/MLC-2074151269-barrio-suarez-mujica-bajo-precio-de-tasacion-_JM
BAJA,4230685988,República De Israel,nunoa,casa,venta,16500.0,673939035,407,512,,,titulo_corto_tipo_nombre,https://portalinmobiliario.com/MLC-4230685988-republica-de-israel-_JM
BAJA,4212548820,Sector Montenegro Tobalaba,nunoa,casa,venta,9800.0,400278942,146,123,3,2,titulo_corto_tipo_nombre,https://portalinmobiliario.com/MLC-4212548820-sector-montenegro-tobalaba-_JM
BAJA,2076504309,2 Casas 1 Rol,nunoa,casa,venta,9548.0,389986055,161,253,,,titulo_corto_tipo_nombre,https://portalinmobiliario.com/MLC-2076504309-2-casas-1-rol-_JM
BAJA,4219657342,Casa Aislada Sector Plaza Bremen,nunoa,casa,venta,10500.0,428870295,127,375,,2,nombre_de_proyecto,https://portalinmobiliario.com/MLC-4219657342-casa-aislada-sector-plaza-bremen-_JM
BAJA,2073957719,Dpto Amplio En Un Barrio Consolidado. Venta Ñuñoa,nunoa,casa,venta,7000.0,285913530,116,167,3,2,nombre_de_proyecto,https://portalinmobiliario.com/MLC-2073957719-dpto-amplio-en-un-barrio-consolidado-venta-nunoa-_JM
BAJA,4211492082,Linda Casa Remodelada,nunoa,casa,venta,8400.0,343096236,150,200,,,titulo_corto_tipo_nombre,https://portalinmobiliario.com/MLC-4211492082-linda-casa-remodelada-_JM
BAJA,2072644933,Casa Ñuñoa/ Portal Ñuñoa (113434),nunoa,casa,venta,10000.0,408447900,196,516,,2,nombre_de_proyecto,https://portalinmobiliario.com/MLC-2072644933-casa-nunoa-portal-nunoa-113434-_JM
BAJA,4221737014,En Barrio  Tranquilo  (176497),nunoa,casa,venta,13465.61,550000000.0,191,476,,,nombre_de_proyecto,https://portalinmobiliario.com/MLC-4221737014-en-barrio-tranquilo-176497-_JM
BAJA,2082125431,Venta Casa Ñuñoa,nunoa,casa,venta,12500.0,510559875,189,274,,,titulo_corto_tipo_nombre,https://portalinmobiliario.com/MLC-2082125431-venta-casa-nunoa-_JM
BAJA,4239745880,Casa Destino Equipamiento Oficinas,nunoa,casa,venta,15700.0,641263203,201,201,,3,titulo_corto_tipo_nombre,https://portalinmobiliario.com/MLC-4239745880-casa-destino-equipamiento-oficinas-_JM
BAJA,3990920104,"Venta Townhouse Con Vista A La Cordillera, Ñuñoa",nunoa,casa,venta,11500.0,469715085,90,104,3,2,nombre_de_proyecto,https://portalinmobiliario.com/MLC-3990920104-venta-townhouse-con-vista-a-la-cordillera-nunoa-_JM
BAJA,1949404471,Casa De Tres Pisos/ortúzar.,nunoa,casa,venta,8500.0,347180715,196,243,,,titulo_corto_tipo_nombre,https://portalinmobiliario.com/MLC-1949404471-casa-de-tres-pisosortuzar-_JM
BAJA,3873994702,Gran Terreno / Barrio Clásico Ñuñoa,nunoa,casa,venta,25000.0,1021119750,506,962,,,nombre_de_proyecto,https://portalinmobiliario.com/MLC-3873994702-gran-terreno-barrio-clasico-nunoa-_JM
BAJA,4014332152,Cine Hoyts,nunoa,casa,venta,9500.0,388025505,99,87,3,3,titulo_corto_tipo_nombre,https://portalinmobiliario.com/MLC-4014332152-cine-hoyts-_JM
BAJA,4073490142,Casa De Tres Pisos,nunoa,casa,venta,8700.0,355349673,196,243,,2,titulo_corto_tipo_nombre,https://portalinmobiliario.com/MLC-4073490142-casa-de-tres-pisos-_JM
BAJA,4073490450,Casa Para Remodelar/amplio Patio,nunoa,casa,venta,11300.0,461546127,120,367,2,1,titulo_corto_tipo_nombre,https://portalinmobiliario.com/MLC-4073490450-casa-para-remodelaramplio-patio-_JM
BAJA,3969974678,Casa Vta Barrio Ñuñoa Tradicional,nunoa,casa,venta,18000.0,735206220,450,530,,,nombre_de_proyecto,https://portalinmobiliario.com/MLC-3969974678-casa-vta-barrio-nunoa-tradicional-_JM
BAJA,1574192879,"Casa En Pasaje, Cercana A Plaza Ñuñoa",nunoa,casa,venta,14500.0,592249455,283,423,,2,nombre_de_proyecto,https://portalinmobiliario.com/MLC-1574192879-casa-en-pasaje-cercana-a-plaza-nunoa-_JM
BAJA,1960082665,Espectacular Casa En Ñuñoa.,nunoa,casa,venta,15700.0,641263203,187,187,11,5,titulo_corto_tipo_nombre,https://portalinmobiliario.com/MLC-1960082665-espectacular-casa-en-nunoa-_JM
BAJA,3780889852,"Casa Plaza Ñuñoa, 5 Dorm. 3 Baños, 3 Estac.",nunoa,casa,venta,12090.0,493813511,156,403,,,nombre_de_proyecto,https://portalinmobiliario.com/MLC-3780889852-casa-plaza-nunoa-5-dorm-3-banos-3-estac-_JM
BAJA,3783461996,Venta Salvador,nunoa,casa,venta,15000.0,612671850,299,576,5,,titulo_corto_tipo_nombre,https://portalinmobiliario.com/MLC-3783461996-venta-salvador-_JM
BAJA,1965956693,Amplia Y Clásica Casa Ñuñoína - Plaza Tocornal,nunoa,casa,venta,19450.0,794431166,213,530,,3,nombre_de_proyecto,https://portalinmobiliario.com/MLC-1965956693-amplia-y-clasica-casa-nunoina-plaza-tocornal-_JM
BAJA,3945292644,Gran Casa En Barrio Residencial,nunoa,casa,venta,17900.0,731121741,253,537,,3,nombre_de_proyecto,https://portalinmobiliario.com/MLC-3945292644-gran-casa-en-barrio-residencial-_JM
BAJA,3990920504,"Gran Casa, Plaza Ñuñoa, 11 Dorm. 5 Baños, Ñuñoa",nunoa,casa,venta,14420.44,589000000.0,294,450,,,nombre_de_proyecto,https://portalinmobiliario.com/MLC-3990920504-gran-casa-plaza-nunoa-11-dorm-5-banos-nunoa-_JM
BAJA,3790379892,Terreno Para Desarrollo Inmobiliario,nunoa,casa,venta,16550.0,675981274,142,870,5,2,titulo_corto_tipo_nombre,https://portalinmobiliario.com/MLC-3790379892-terreno-para-desarrollo-inmobiliario-_JM
BAJA,1997605427,Casa Comercial O Habitacional,nunoa,casa,venta,11250.0,459503888,198,438,5,3,titulo_corto_tipo_nombre,https://portalinmobiliario.com/MLC-1997605427-casa-comercial-o-habitacional-_JM
BAJA,4182756764,Confort Y Estilo En Barrio Tranquilo (170303),nunoa,casa,venta,14000.0,571827060,320,450,,,nombre_de_proyecto,https://portalinmobiliario.com/MLC-4182756764-confort-y-estilo-en-barrio-tranquilo-170303-_JM
BAJA,4164896922,Casa Principal Con Casa Interior Parque Juan Xxiii,nunoa,casa,venta,14000.0,571827060,356,445,,,nombre_de_proyecto,https://portalinmobiliario.com/MLC-4164896922-casa-principal-con-casa-interior-parque-juan-xxiii-_JM
BAJA,4146282566,Ó,nunoa,casa,venta,14990.0,612263402,178,321,,,titulo_corto_tipo_nombre,https://portalinmobiliario.com/MLC-4146282566-o-_JM
BAJA,2059586165,Townhouse En Sector Con Mucha Vida De Barrio,nunoa,casa,venta,12000.0,490137480,130,140,,,nombre_de_proyecto,https://portalinmobiliario.com/MLC-2059586165-townhouse-en-sector-con-mucha-vida-de-barrio-_JM
BAJA,2059586855,Pasaje Cerrado En Barrio Suarez Mujica,nunoa,casa,venta,6450.0,263448896,84,98,3,2,nombre_de_proyecto,https://portalinmobiliario.com/MLC-2059586855-pasaje-cerrado-en-barrio-suarez-mujica-_JM
BAJA,4126577008,"Casa En Ñuñoa, 6d, 4b, Cerca De Parque Y Colegios",nunoa,casa,venta,13000.0,530982270,230,430,,4,nombre_de_proyecto,https://portalinmobiliario.com/MLC-4126577008-casa-en-nunoa-6d-4b-cerca-de-parque-y-colegios-_JM
BAJA,1632724007,Amplia Y Cómda Casa En Barrio Residencial,nunoa,casa,venta,19500.0,796473405,274,580,,3,nombre_de_proyecto,https://portalinmobiliario.com/MLC-1632724007-amplia-y-comda-casa-en-barrio-residencial-_JM
BAJA,4112424662,"Ultimo Precio !! Casa Para Remodolar, Mejor Barrio De Ñuñoa!",nunoa,casa,venta,10995.0,449088466,201,450,5,3,nombre_de_proyecto,https://portalinmobiliario.com/MLC-4112424662-ultimo-precio-casa-para-remodolar-mejor-barrio-de-nunoa-_JM
BAJA,4188212962,Casa Con Potencial Residencial Y Comercio Menor Ñuñoa,nunoa,casa,venta,7950.0,324716080,150,300,,2,nombre_de_proyecto,https://portalinmobiliario.com/MLC-4188212962-casa-con-potencial-residencial-y-comercio-menor-nunoa-_JM
BAJA,1975366505,"Hamburgo - Plaza Egaña, Ñuñoa",nunoa,casa,venta,15000.0,612671850,198,378,,,nombre_de_proyecto,https://portalinmobiliario.com/MLC-1975366505-hamburgo-plaza-egana-nunoa-_JM
BAJA,2062112065,"Casona Luis Pereira, Cercano A Parque Botánico Y Campus Uc",nunoa,casa,venta,15500.0,633094245,196,510,,,nombre_de_proyecto,https://portalinmobiliario.com/MLC-2062112065-casona-luis-pereira-cercano-a-parque-botanico-y-campus-uc-_JM
BAJA,4146245020,"Venta Casa Parque Juan Xxiii, Ñuñoa (174077)",nunoa,casa,venta,11350.0,463588366,161,261,,,nombre_de_proyecto,https://portalinmobiliario.com/MLC-4146245020-venta-casa-parque-juan-xxiii-nunoa-174077-_JM
BAJA,4201745412,Simón Bolivar/coventry,nunoa,casa,venta,13900.0,567742581,114,118,,3,titulo_corto_tipo_nombre,https://portalinmobiliario.com/MLC-4201745412-simon-bolivarcoventry-_JM
BAJA,2071209155,"Gran Terreno En Ñuñoa , Ideal Inversionistas Y Constructoras",nunoa,casa,venta,14700.0,600418413,216,561,,,inmobiliaria_en_titulo,https://portalinmobiliario.com/MLC-2071209155-gran-terreno-en-nunoa-ideal-inversionistas-y-constructoras-_JM
BAJA,4170193582,Casa Neoclásica Francesa,nunoa,casa,venta,16000.0,653516640,620,200,,,titulo_corto_tipo_nombre,https://portalinmobiliario.com/MLC-4170193582-casa-neoclasica-francesa-_JM
BAJA,4134309718,Gran Casa En Barrio Tranquilo (80150),nunoa,casa,venta,14000.0,571827060,177,289,,,nombre_de_proyecto,https://portalinmobiliario.com/MLC-4134309718-gran-casa-en-barrio-tranquilo-80150-_JM
BAJA,4188278176,Emilia Téllez / Conventry,nunoa,casa,venta,17250.0,704572628,160,323,,3,titulo_corto_tipo_nombre,https://portalinmobiliario.com/MLC-4188278176-emilia-tellez-conventry-_JM
BAJA,4201733378,Liquidamos Excelente Propiedad Comercial Al Lado Plaza Ñuñoa,nunoa,casa,venta,16162.0,660133496,260,300,3,5,nombre_de_proyecto,https://portalinmobiliario.com/MLC-4201733378-liquidamos-excelente-propiedad-comercial-al-lado-plaza-nunoa-_JM
BAJA,4173922254,Oportunidad Inmobiliaria  En Ñuñoa (169720),nunoa,casa,venta,12454.0,508681015,260,520,,,inmobiliaria_en_titulo,https://portalinmobiliario.com/MLC-4173922254-oportunidad-inmobiliaria-en-nunoa-169720-_JM
BAJA,1925468991,Crescente Errázuriz - Ñuñoa,nunoa,casa,venta,15000.0,612671850,119,340,,,titulo_corto_tipo_nombre,https://portalinmobiliario.com/MLC-1925468991-crescente-errazuriz-nunoa-_JM
BAJA,1941261161,Casa Antigua/fachada Continua,nunoa,casa,venta,9990.0,408039452,156,283,,2,titulo_corto_tipo_nombre,https://portalinmobiliario.com/MLC-1941261161-casa-antiguafachada-continua-_JM
BAJA,3851579354,Casa Estilo Neoclásico Francés,nunoa,casa,venta,16000.0,653516640,240,620,,2,titulo_corto_tipo_nombre,https://portalinmobiliario.com/MLC-3851579354-casa-estilo-neoclasico-frances-_JM
BAJA,3934627608,Linda Casa 3 Pisos 4 Dormitorios En Condominio Ñuñoa,nunoa,casa,venta,5617.0,229425185,111,111,,,nombre_de_proyecto,https://portalinmobiliario.com/MLC-3934627608-linda-casa-3-pisos-4-dormitorios-en-condominio-nunoa-_JM
BAJA,1894512381,Casa 4d+ Servicios/sector Residencial Tranquilo,nunoa,casa,venta,15950.0,651474400,190,512,,,nombre_de_proyecto,https://portalinmobiliario.com/MLC-1894512381-casa-4d-serviciossector-residencial-tranquilo-_JM
BAJA,3675941204,Ñuñoa / Garcia Moreno,nunoa,casa,venta,16560.0,676389722,190,342,,,titulo_corto_tipo_nombre,https://portalinmobiliario.com/MLC-3675941204-nunoa-garcia-moreno-_JM
BAJA,3745591600,Venta De Casa Amplia Con Gran Terreno Barrio Suare...,nunoa,casa,venta,16500.0,673939035,201,498,5,3,nombre_de_proyecto,https://portalinmobiliario.com/MLC-3745591600-venta-de-casa-amplia-con-gran-terreno-barrio-suare-_JM
BAJA,1999196529,"Casa Sólida Y Familiar A Pasos De Parques, Ñuñoa",nunoa,casa,venta,9000.0,367603110,134,204,3,2,nombre_de_proyecto,https://portalinmobiliario.com/MLC-1999196529-casa-solida-y-familiar-a-pasos-de-parques-nunoa-_JM
BAJA,1883352399,Propiedad Con Gran Potencial,nunoa,casa,venta,13400.0,547320186,177,529,5,3,titulo_corto_tipo_nombre,https://portalinmobiliario.com/MLC-1883352399-propiedad-con-gran-potencial-_JM
BAJA,4023532360,Venta Casa Plaza Ñuñoa 403m/156 M. 5 Dorm. Uf12.100,nunoa,casa,venta,12100.0,494221959,156,403,,,nombre_de_proyecto,https://portalinmobiliario.com/MLC-4023532360-venta-casa-plaza-nunoa-403m156-m-5-dorm-uf12100-_JM
BAJA,4201731606,Metro Simon Bolívar,nunoa,casa,venta,7490.0,305927477,85,105,3,2,titulo_corto_tipo_nombre,https://portalinmobiliario.com/MLC-4201731606-metro-simon-bolivar-_JM
BAJA,4021088686,Sector Colegio Calasanz,nunoa,casa,venta,12900.0,526897791,351,200,5,3,titulo_corto_tipo_nombre,https://portalinmobiliario.com/MLC-4021088686-sector-colegio-calasanz-_JM
BAJA,4012901450,Venta Casa Comercial Y Residencial Ñuñoa,nunoa,casa,venta,19500.0,796473405,236,581,4,3,nombre_de_proyecto,https://portalinmobiliario.com/MLC-4012901450-venta-casa-comercial-y-residencial-nunoa-_JM
BAJA,2069469489,Seminario  Metro Irarrazaval,nunoa,casa,venta,9548.34,390000000.0,168,276,,,titulo_corto_tipo_nombre,https://portalinmobiliario.com/MLC-2069469489-seminario-metro-irarrazaval-_JM
BAJA,1990055027,Linda Casa Ñuñoa (8078),nunoa,casa,venta,9800.0,400278942,156,177,,,titulo_corto_tipo_nombre,https://portalinmobiliario.com/MLC-1990055027-linda-casa-nunoa-8078-_JM
BAJA,4006109996,Simon Bolivar/ Hamburgo,nunoa,casa,venta,15450.0,631052006,200,540,,,titulo_corto_tipo_nombre,https://portalinmobiliario.com/MLC-4006109996-simon-bolivar-hamburgo-_JM
BAJA,3738036130,Emilia Tellez/ Montenegro,nunoa,casa,venta,19950.0,814853560,140,636,,2,titulo_corto_tipo_nombre,https://portalinmobiliario.com/MLC-3738036130-emilia-tellez-montenegro-_JM
BAJA,4146270674,"Casa Remodelada En Barrio Pucará, Ñuñoa 490 M 4d/3b",nunoa,casa,venta,14500.0,592249455,150,490,,,nombre_de_proyecto,https://portalinmobiliario.com/MLC-4146270674-casa-remodelada-en-barrio-pucara-nunoa-490-m-4d3b-_JM
BAJA,4134768008,Villa Frei Remodelada,nunoa,casa,venta,7100.0,289998009,120,215,,2,titulo_corto_tipo_nombre,https://portalinmobiliario.com/MLC-4134768008-villa-frei-remodelada-_JM
BAJA,4084964960,Casa Con Gran Terreno 450 M2 En Sector Plaza Egaña,nunoa,casa,venta,13900.0,567742581,151,455,,,nombre_de_proyecto,https://portalinmobiliario.com/MLC-4084964960-casa-con-gran-terreno-450-m2-en-sector-plaza-egana-_JM
BAJA,3729494628,Ñuñoa  Comercial En Irarrazaval / Municipalidad,nunoa,casa,venta,24780.0,1012133896,1,397,,4,m2_util_minimo_de_rango,https://portalinmobiliario.com/MLC-3729494628-nunoa-comercial-en-irarrazaval-municipalidad-_JM
BAJA,3991551236,"Amplia Y Accesible, En Sector Residencial",nunoa,casa,venta,11250.0,459503888,140,200,3,2,nombre_de_proyecto,https://portalinmobiliario.com/MLC-3991551236-amplia-y-accesible-en-sector-residencial-_JM
BAJA,4208899370,Casa En Condominio Cerrado | Metro Orientales | Plaza Egaña,nunoa,casa,venta,5250.0,214435148,69,117,,,nombre_de_proyecto,https://portalinmobiliario.com/MLC-4208899370-casa-en-condominio-cerrado-metro-orientales-plaza-egana-_JM
BAJA,3859374068,"Pque Juan Xxiii, 6d-3b, Barrio Muy Tranquilo",nunoa,casa,venta,8497.0,347058181,184,225,6,3,nombre_de_proyecto,https://portalinmobiliario.com/MLC-3859374068-pque-juan-xxiii-6d-3b-barrio-muy-tranquilo-_JM
BAJA,3914603862,Preciosa Casa Townhouse En Condominio Cerrado,nunoa,casa,venta,9300.0,379856547,100,70,,,nombre_de_proyecto,https://portalinmobiliario.com/MLC-3914603862-preciosa-casa-townhouse-en-condominio-cerrado-_JM
BAJA,1967122805,Casa Remodelada De Dos Pisos Barrio Suárez Mujica,nunoa,casa,venta,8900.0,363518631,167,204,,,nombre_de_proyecto,https://portalinmobiliario.com/MLC-1967122805-casa-remodelada-de-dos-pisos-barrio-suarez-mujica-_JM
BAJA,1949391623,Casa En Barrio Tranquilo 4d/ Para Remodelar,nunoa,casa,venta,8900.0,363518631,113,274,,,nombre_de_proyecto,https://portalinmobiliario.com/MLC-1949391623-casa-en-barrio-tranquilo-4d-para-remodelar-_JM
BAJA,3838189818,"Casa Ñuñoa,sector Residencial, Aislada, Bien Conservada",nunoa,casa,venta,10105.0,412736603,98,293,,2,nombre_de_proyecto,https://portalinmobiliario.com/MLC-3838189818-casa-nunoasector-residencial-aislada-bien-conservada-_JM
BAJA,4047167620,Casa Venta 4 Dorm. Ñuñoa / Plaza Ñuñoa / Metro Chile España,nunoa,casa,venta,8079.37,330000000.0,84,178,,2,nombre_de_proyecto,https://portalinmobiliario.com/MLC-4047167620-casa-venta-4-dorm-nunoa-plaza-nunoa-metro-chile-espana-_JM
BAJA,4093489388,Moderna Casa En Condominio De 3 Pisos Y Patio Priv...,nunoa,casa,venta,9800.0,400278942,90,120,3,3,nombre_de_proyecto,https://portalinmobiliario.com/MLC-4093489388-moderna-casa-en-condominio-de-3-pisos-y-patio-priv-_JM
BAJA,4125900272,(172813),nunoa,casa,venta,9500.0,388025505,92,180,,,titulo_corto_tipo_nombre,https://portalinmobiliario.com/MLC-4125900272-172813-_JM
BAJA,3851567194,Casa Matta Oriente,nunoa,casa,venta,11000.0,449292690,584,341,,10,titulo_corto_tipo_nombre,https://portalinmobiliario.com/MLC-3851567194-casa-matta-oriente-_JM
BAJA,4170193584,Casa En Pasaje Cerrado,nunoa,casa,venta,6450.0,263448896,84,98,,,titulo_corto_tipo_nombre,https://portalinmobiliario.com/MLC-4170193584-casa-en-pasaje-cerrado-_JM
BAJA,3907658130,"Casa Con Potencial, Para Remodelar / Barrio Consolidado",nunoa,casa,venta,12950.0,528940030,177,455,4,,nombre_de_proyecto,https://portalinmobiliario.com/MLC-3907658130-casa-con-potencial-para-remodelar-barrio-consolidado-_JM
BAJA,4061329456,Casa 5d+3b+4 Estac. Plaza Sucre,nunoa,casa,venta,10790.0,440715284,165,10,5,3,nombre_de_proyecto,https://portalinmobiliario.com/MLC-4061329456-casa-5d3b4-estac-plaza-sucre-_JM
BAJA,3872031498,Casa Acogedora En Ñuñoa,nunoa,casa,venta,12025.0,491158600,124,495,,,titulo_corto_tipo_nombre,https://portalinmobiliario.com/MLC-3872031498-casa-acogedora-en-nunoa-_JM
BAJA,4138224430,"Casa Familiar/ Barrio Los Adoquines, Ñuñoa (173639)",nunoa,casa,venta,10300.0,420701337,,,,,nombre_de_proyecto,https://portalinmobiliario.com/MLC-4138224430-casa-familiar-barrio-los-adoquines-nunoa-173639-_JM
BAJA,2049061859,Luminosa En Condominio Cerrado,nunoa,casa,venta,8100.0,330842799,97,97,,,nombre_de_proyecto,https://portalinmobiliario.com/MLC-2049061859-luminosa-en-condominio-cerrado-_JM
BAJA,3585596674,"Bremen, Irarrazaval, Plaza Pedro Montt",nunoa,casa,venta,10990.0,448884242,200,375,,2,nombre_de_proyecto,https://portalinmobiliario.com/MLC-3585596674-bremen-irarrazaval-plaza-pedro-montt-_JM
BAJA,1880053191,"Gran Dúplex En Barrio Suárez Mujica, Ñuñoa",nunoa,casa,venta,9800.0,400278942,101,152,3,2,nombre_de_proyecto,https://portalinmobiliario.com/MLC-1880053191-gran-duplex-en-barrio-suarez-mujica-nunoa-_JM
BAJA,4160032700,Casa Amplia Condominio Cerrado Alto Potencial,nunoa,casa,venta,10990.0,448884242,188,240,,,nombre_de_proyecto,https://portalinmobiliario.com/MLC-4160032700-casa-amplia-condominio-cerrado-alto-potencial-_JM
BAJA,4068109034,Casa Frente A Plaza En Barrio Tranquilo,nunoa,casa,venta,6610.39,270000000.0,67,200,,1,nombre_de_proyecto,https://portalinmobiliario.com/MLC-4068109034-casa-frente-a-plaza-en-barrio-tranquilo-_JM
BAJA,3997440812,Casa Con Gran Potencial En Ñuñoa Residencial,nunoa,casa,venta,9000.0,367603110,194,214,,,nombre_de_proyecto,https://portalinmobiliario.com/MLC-3997440812-casa-con-gran-potencial-en-nunoa-residencial-_JM
BAJA,3946823168,Casa / Plaza Egaña,nunoa,casa,venta,9999.0,408407055,127,375,,2,nombre_de_proyecto,https://portalinmobiliario.com/MLC-3946823168-casa-plaza-egana-_JM
BAJA,4006705378,"Venta Townhouse Con Patio Privado, Ñuñoa",nunoa,casa,venta,8190.0,334518830,100,110,,3,nombre_de_proyecto,https://portalinmobiliario.com/MLC-4006705378-venta-townhouse-con-patio-privado-nunoa-_JM
BAJA,1887876149,Excelente Ubicación (152902),nunoa,casa,venta,8190.0,334518830,118,126,,,titulo_corto_tipo_nombre,https://portalinmobiliario.com/MLC-1887876149-excelente-ubicacion-152902-_JM
BAJA,1889696559,"Vivir En  Residencial, Tranquilo, Seguro Y Conectado Ñuñoa",nunoa,casa,venta,4309.0,176000000.0,171,171,,1,nombre_de_proyecto,https://portalinmobiliario.com/MLC-1889696559-vivir-en-residencial-tranquilo-seguro-y-conectado-nunoa-_JM
BAJA,3994611606,Cazona Ñuñoa - Hermoso Barrio - 1 Cuad.plaza Ñuñoa,nunoa,casa,venta,9107.65,372000000.0,155,380,,2,nombre_de_proyecto,https://portalinmobiliario.com/MLC-3994611606-cazona-nunoa-hermoso-barrio-1-cuadplaza-nunoa-_JM
BAJA,3951871776,Maravillosa Casa En Barrio Elías De La Cruz,nunoa,casa,venta,8900.0,363518631,169,215,,,nombre_de_proyecto,https://portalinmobiliario.com/MLC-3951871776-maravillosa-casa-en-barrio-elias-de-la-cruz-_JM
BAJA,2031472967,"Casa Tipo Loft, Condominio Cerrado Con Piscina",nunoa,casa,venta,10300.0,420701337,100,114,3,3,nombre_de_proyecto,https://portalinmobiliario.com/MLC-2031472967-casa-tipo-loft-condominio-cerrado-con-piscina-_JM
BAJA,2016091119,Casa Chile España.,nunoa,casa,venta,8995.0,367398886,110,220,3,,titulo_corto_tipo_nombre,https://portalinmobiliario.com/MLC-2016091119-casa-chile-espana-_JM
BAJA,4000821170,"En Condominio,  Totalmente Remodelada",nunoa,casa,venta,8700.0,355349673,140,109,5,3,nombre_de_proyecto,https://portalinmobiliario.com/MLC-4000821170-en-condominio-totalmente-remodelada-_JM
BAJA,1958744635,Casa En Condominio / Parque Juan 23,nunoa,casa,venta,7900.0,322673841,90,130,,3,nombre_de_proyecto,https://portalinmobiliario.com/MLC-1958744635-casa-en-condominio-parque-juan-23-_JM
BAJA,4045569040,Casa Los Agustinos,nunoa,casa,venta,7344.88,300000000.0,140,220,,2,titulo_corto_tipo_nombre,https://portalinmobiliario.com/MLC-4045569040-casa-los-agustinos-_JM
BAJA,1986964077,Acogedor Townhouse Barrio Adoquines. Excelente Ubi...,nunoa,casa,venta,8200.0,334927278,110,105,,3,nombre_de_proyecto,https://portalinmobiliario.com/MLC-1986964077-acogedor-townhouse-barrio-adoquines-excelente-ubi-_JM
BAJA,1984840319,"Casa 4d 3b, Parque Juan Xxiii",nunoa,casa,venta,10250.0,418659098,136,210,,,nombre_de_proyecto,https://portalinmobiliario.com/MLC-1984840319-casa-4d-3b-parque-juan-xxiii-_JM
BAJA,4047672254,Casa Condominio Para Remodelar Gran Ubicacion Precio Impacto,nunoa,casa,venta,9600.0,392109984,102,249,,,nombre_de_proyecto,https://portalinmobiliario.com/MLC-4047672254-casa-condominio-para-remodelar-gran-ubicacion-precio-impacto-_JM
BAJA,2027779217,Atractiva Y Sólida Casa En Barrio Tranquilo (173090),nunoa,casa,venta,9800.0,400278942,144,286,,,nombre_de_proyecto,https://portalinmobiliario.com/MLC-2027779217-atractiva-y-solida-casa-en-barrio-tranquilo-173090-_JM
BAJA,4101804848,Sector Barrio Italia,nunoa,casa,venta,11850.0,484010762,300,240,5,3,nombre_de_proyecto,https://portalinmobiliario.com/MLC-4101804848-sector-barrio-italia-_JM
BAJA,4101800128,Cómoda Casa 2 Pisos En Mejor Barrio De Ñuñoa,nunoa,casa,venta,11400.0,465630606,170,300,,,nombre_de_proyecto,https://portalinmobiliario.com/MLC-4101800128-comoda-casa-2-pisos-en-mejor-barrio-de-nunoa-_JM
BAJA,4126584914,Venta Casa Ñuñoa (67494),nunoa,casa,venta,13000.0,530982270,177,329,,,titulo_corto_tipo_nombre,https://portalinmobiliario.com/MLC-4126584914-venta-casa-nunoa-67494-_JM
BAJA,2020556737,Propiedad Remodelada 5d / Plaza Ñuñoa - Simón Bolivar,nunoa,casa,venta,13750.0,561615862,200,341,5,4,nombre_de_proyecto,https://portalinmobiliario.com/MLC-2020556737-propiedad-remodelada-5d-plaza-nunoa-simon-bolivar-_JM
BAJA,3768697360,Casa En Condominio Cerrado A Pasos Del Metro,nunoa,casa,venta,4650.0,189928274,98,98,4,,nombre_de_proyecto,https://portalinmobiliario.com/MLC-3768697360-casa-en-condominio-cerrado-a-pasos-del-metro-_JM
BAJA,1915161713,Metro Villa Frei,nunoa,casa,venta,9500.0,388025505,120,120,,2,titulo_corto_tipo_nombre,https://portalinmobiliario.com/MLC-1915161713-metro-villa-frei-_JM
BAJA,2081719327,Casa Amapolas Ñuñoa,nunoa,casa,venta,10600.0,432954774,127,280,,2,titulo_corto_tipo_nombre,https://portalinmobiliario.com/MLC-2081719327-casa-amapolas-nunoa-_JM
BAJA,4230797190,"Parque Juan Xxiii, Ñuñoa",nunoa,casa,venta,9000.0,367603110,140,170,,,nombre_de_proyecto,https://portalinmobiliario.com/MLC-4230797190-parque-juan-xxiii-nunoa-_JM
BAJA,3914591320,Venta Casa Tipo Townhouse 3d 3b En Ñuñoa,nunoa,casa,venta,8500.0,347180715,93,121,,,nombre_de_proyecto,https://portalinmobiliario.com/MLC-3914591320-venta-casa-tipo-townhouse-3d-3b-en-nunoa-_JM
BAJA,2059421693,Casa Esquina En Ñuñoa,nunoa,casa,venta,21235.0,867339116,347,347,5,3,titulo_corto_tipo_nombre,https://portalinmobiliario.com/MLC-2059421693-casa-esquina-en-nunoa-_JM
BAJA,3955929128,Casa Comercial,nunoa,casa,venta,20000.0,816895800,183,384,4,3,titulo_corto_tipo_nombre,https://portalinmobiliario.com/MLC-3955929128-casa-comercial-_JM
BAJA,2018355541,Venta Casa Estadio Nacional,nunoa,casa,venta,6100.0,249153219,100,100,,3,titulo_corto_tipo_nombre,https://portalinmobiliario.com/MLC-2018355541-venta-casa-estadio-nacional-_JM
BAJA,4202054086,Barrio Residencial Cerrado - Arturo Medina Y Emilia Tellez,nunoa,casa,venta,8324.2,340000000.0,110,206,3,1,nombre_de_proyecto,https://portalinmobiliario.com/MLC-4202054086-barrio-residencial-cerrado-arturo-medina-y-emilia-tellez-_JM
BAJA,3837929594,Venta De Propiedad En El Mejor Barrio De Ñuñoa,nunoa,casa,venta,8201.78,335000000.0,188,188,,,nombre_de_proyecto,https://portalinmobiliario.com/MLC-3837929594-venta-de-propiedad-en-el-mejor-barrio-de-nunoa-_JM
BAJA,3915802160,"Casa 3d/2b Tipo Townhouse, Patio, En Condominio, En Ñuñoa",nunoa,casa,venta,8990.0,367194662,97,178,,,nombre_de_proyecto,https://portalinmobiliario.com/MLC-3915802160-casa-3d2b-tipo-townhouse-patio-en-condominio-en-nunoa-_JM
BAJA,4077952852,Estupenda Casa Remodelada En Barrio Patrimonial De Ñuñoa,nunoa,casa,venta,10650.0,434997014,171,255,,,nombre_de_proyecto,https://portalinmobiliario.com/MLC-4077952852-estupenda-casa-remodelada-en-barrio-patrimonial-de-nunoa-_JM
BAJA,4071292340,Casa Con Uso Comercial,nunoa,casa,venta,11038.0,450844792,180,210,,,titulo_corto_tipo_nombre,https://portalinmobiliario.com/MLC-4071292340-casa-con-uso-comercial-_JM
BAJA,2079446657,Casa Con Excelente Proyección,nunoa,casa,venta,11262.15,460000000.0,140,330,,3,titulo_corto_tipo_nombre,https://portalinmobiliario.com/MLC-2079446657-casa-con-excelente-proyeccion-_JM
BAJA,2046336251,Casa 4d2b 2e Condominio Av. Macul/ Los Alerces Metro Línea 8,nunoa,casa,venta,5753.49,235000000.0,130,150,,,nombre_de_proyecto,https://portalinmobiliario.com/MLC-2046336251-casa-4d2b-2e-condominio-av-macul-los-alerces-metro-linea-8-_JM
BAJA,4151742044,Casa Con Gran Potencial A Pasos De Plaza Ñuñoa,nunoa,casa,venta,21000.0,857740590,179,486,,,nombre_de_proyecto,https://portalinmobiliario.com/MLC-4151742044-casa-con-gran-potencial-a-pasos-de-plaza-nunoa-_JM
BAJA,1994491047,Estilosa Casona En Barrio Tranquilo En Ñuñoa,nunoa,casa,venta,11900.0,486053001,192,435,,,nombre_de_proyecto,https://portalinmobiliario.com/MLC-1994491047-estilosa-casona-en-barrio-tranquilo-en-nunoa-_JM
BAJA,3960457738,Excelente Casa,nunoa,casa,venta,9500.0,388025505,96,266,3,2,titulo_corto_tipo_nombre,https://portalinmobiliario.com/MLC-3960457738-excelente-casa-_JM
BAJA,1973892707,Gran Casa En Sector Residencial,nunoa,casa,venta,12990.0,530573822,267,629,,,nombre_de_proyecto,https://portalinmobiliario.com/MLC-1973892707-gran-casa-en-sector-residencial-_JM
BAJA,3790549950,Gran Casa Inversionistas,nunoa,casa,venta,12853.54,525000000.0,430,690,6,3,titulo_corto_tipo_nombre,https://portalinmobiliario.com/MLC-3790549950-gran-casa-inversionistas-_JM
BAJA,3730887276,Venta Casa En Condominio Cerrado-ñuñoa.,nunoa,casa,venta,6200.0,253237698,111,133,,2,nombre_de_proyecto,https://portalinmobiliario.com/MLC-3730887276-venta-casa-en-condominio-cerrado-nunoa-_JM
BAJA,1896934155,Bonita Y Luminosa Casa,nunoa,casa,venta,11436.0,467101018,198,347,,,titulo_corto_tipo_nombre,https://portalinmobiliario.com/MLC-1896934155-bonita-y-luminosa-casa-_JM
BAJA,4143688418,Atractiva Casa Colonial Plaza Ñuñoa/ Barrio Comercial,nunoa,casa,venta,9800.0,400278942,121,285,,2,nombre_de_proyecto,https://portalinmobiliario.com/MLC-4143688418-atractiva-casa-colonial-plaza-nunoa-barrio-comercial-_JM
BAJA,1942675515,"Casa Con Excelente Terreno , En Residencial Barrio De Ñuñoa",nunoa,casa,venta,7344.88,300000000.0,70,336,,2,nombre_de_proyecto,https://portalinmobiliario.com/MLC-1942675515-casa-con-excelente-terreno-en-residencial-barrio-de-nunoa-_JM
BAJA,3771592184,Linda Casa 5 Habitaciones,nunoa,casa,venta,10894.9,445000000.0,150,300,,,titulo_corto_tipo_nombre,https://portalinmobiliario.com/MLC-3771592184-linda-casa-5-habitaciones-_JM
BAJA,2016100101,Confortable Casa Remodelada,nunoa,casa,venta,6100.0,249153219,100,120,,,titulo_corto_tipo_nombre,https://portalinmobiliario.com/MLC-2016100101-confortable-casa-remodelada-_JM
BAJA,3941851828,Casa Barrio Ñuñoa,nunoa,casa,venta,6855.22,280000000.0,150,150,,1,nombre_de_proyecto,https://portalinmobiliario.com/MLC-3941851828-casa-barrio-nunoa-_JM
BAJA,4031339354,Augusto Villanueva 141 Condominio Residencial Las Palmas,nunoa,casa,venta,10298.0,420619647,160,160,3,2,nombre_de_proyecto,https://portalinmobiliario.com/MLC-4031339354-augusto-villanueva-141-condominio-residencial-las-palmas-_JM
BAJA,3915761344,"Casa Con Amplio Terreno, 4d/2b Excelente Sector Residencial",nunoa,casa,venta,7344.88,300000000.0,75,300,,2,nombre_de_proyecto,https://portalinmobiliario.com/MLC-3915761344-casa-con-amplio-terreno-4d2b-excelente-sector-residencial-_JM
BAJA,1945476253,Pucará / Rosita Renard,nunoa,casa,venta,12900.0,526897791,182,254,,3,titulo_corto_tipo_nombre,https://portalinmobiliario.com/MLC-1945476253-pucara-rosita-renard-_JM
BAJA,1857827577,3dorm+2estac+terraza+colegios+condominio+metro Simon Bolivar,nunoa,casa,venta,7271.43,297000000.0,84,,,,titulo_corto_tipo_nombre,https://portalinmobiliario.com/MLC-1857827577-3dorm2estacterrazacolegioscondominiometro-simon-bolivar-_JM
BAJA,2063354767,"Casa Esquina Barrio Seguro, Cercano Al Metro Ñuñoa",nunoa,casa,venta,9548.34,390000000.0,171,331,,,nombre_de_proyecto,https://portalinmobiliario.com/MLC-2063354767-casa-esquina-barrio-seguro-cercano-al-metro-nunoa-_JM
BAJA,4230686286,Casa 2 Pisos En Condominio Cerrado En Ñuñoa,nunoa,casa,venta,6120.73,250000000.0,110,150,,,nombre_de_proyecto,https://portalinmobiliario.com/MLC-4230686286-casa-2-pisos-en-condominio-cerrado-en-nunoa-_JM
BAJA,4238303704,Acogedora Casa En Tradicional Barrio De Ñuñoa,nunoa,casa,venta,9350.0,381898786,140,320,4,3,nombre_de_proyecto,https://portalinmobiliario.com/MLC-4238303704-acogedora-casa-en-tradicional-barrio-de-nunoa-_JM
BAJA,2068835091,Se Vende Casa 3d 1b En Ñuñoa,nunoa,casa,venta,3427.61,140000000.0,1,145,3,1,m2_util_minimo_de_rango,https://portalinmobiliario.com/MLC-2068835091-se-vende-casa-3d-1b-en-nunoa-_JM
BAJA,4164887656,Maravillosa Casa Con Piscina En Barrio Histórico Vende Dueño,nunoa,casa,venta,11980.0,489320584,160,330,,,nombre_de_proyecto,https://portalinmobiliario.com/MLC-4164887656-maravillosa-casa-con-piscina-en-barrio-historico-vende-dueno-_JM
BAJA,4152877530,Casona Sector Plaza Ñuñoa.,nunoa,casa,venta,34330.87,1402236975.0,250,800,,3,nombre_de_proyecto,https://portalinmobiliario.com/MLC-4152877530-casona-sector-plaza-nunoa-_JM
BAJA,4138230086,Hermosa Y Luminosa Casa En Barrio Tradicional De Ñuñoa,nunoa,casa,venta,7222.46,295000000.0,204,204,4,2,nombre_de_proyecto,https://portalinmobiliario.com/MLC-4138230086-hermosa-y-luminosa-casa-en-barrio-tradicional-de-nunoa-_JM
BAJA,4173014996,Edificio Own,nunoa,departamento,venta,4529.0,184986054,40,,2,2,nombre_de_proyecto,https://portalinmobiliario.com/MLC-4173014996-edificio-own-_JM
BAJA,1823586353,Boheme,nunoa,departamento,venta,2650.0,108238694,31,,1,1,titulo_corto_tipo_nombre,https://portalinmobiliario.com/MLC-1823586353-boheme-_JM
BAJA,1605897455,Edificio Marathón,nunoa,departamento,venta,2396.0,97864117,25,,1,1,nombre_de_proyecto,https://portalinmobiliario.com/MLC-1605897455-edificio-marathon-_JM
BAJA,3012427362,Copper,nunoa,departamento,venta,2499.0,102071130,32,,1,1,titulo_corto_tipo_nombre,https://portalinmobiliario.com/MLC-3012427362-copper-_JM
BAJA,1611485297,Edificio Doménica,nunoa,departamento,venta,5990.0,244660292,58,,2,2,nombre_de_proyecto,https://portalinmobiliario.com/MLC-1611485297-edificio-domenica-_JM
BAJA,1489151235,Parque Jardín,nunoa,departamento,venta,5777.0,235960352,46,,2,1,nombre_de_proyecto,https://portalinmobiliario.com/MLC-1489151235-parque-jardin-_JM
BAJA,1574069543,Campvs 80,nunoa,departamento,venta,4368.0,178410043,30,,1,1,titulo_corto_tipo_nombre,https://portalinmobiliario.com/MLC-1574069543-campvs-80-_JM
BAJA,2997566976,Edificio Quartz,nunoa,departamento,venta,3582.0,146306038,31,,1,1,nombre_de_proyecto,https://portalinmobiliario.com/MLC-2997566976-edificio-quartz-_JM
BAJA,1557833411,Parque De Araya,nunoa,departamento,venta,2730.0,111506277,28,,1,1,nombre_de_proyecto,https://portalinmobiliario.com/MLC-1557833411-parque-de-araya-_JM
BAJA,4068928232,252marathon,nunoa,departamento,venta,3526.0,144018730,36,,1,2,titulo_corto_tipo_nombre,https://portalinmobiliario.com/MLC-4068928232-252marathon-_JM
BAJA,3827801684,Parque Meneses B,nunoa,departamento,venta,2680.0,109464037,36,,1,1,nombre_de_proyecto,https://portalinmobiliario.com/MLC-3827801684-parque-meneses-b-_JM
BAJA,1470458511,Nueva Gales,nunoa,departamento,venta,6490.0,265082687,47,,1,1,titulo_corto_tipo_nombre,https://portalinmobiliario.com/MLC-1470458511-nueva-gales-_JM
BAJA,1522833881,Almagro San Eugenio,nunoa,departamento,venta,2750.0,112323172,25,,0,1,inmobiliaria_en_titulo | titulo_corto_tipo_nombre,https://portalinmobiliario.com/MLC-1522833881-almagro-san-eugenio-_JM
BAJA,1572707373,Irarrázaval Aldunate,nunoa,departamento,venta,3450.0,140914526,26,,1,1,titulo_corto_tipo_nombre,https://portalinmobiliario.com/MLC-1572707373-irarrazaval-aldunate-_JM
BAJA,2869480638,Guillermo Mann 1401,nunoa,departamento,venta,2996.0,122370991,31,,1,1,titulo_corto_tipo_nombre,https://portalinmobiliario.com/MLC-2869480638-guillermo-mann-1401-_JM
BAJA,3348561222,Pedro Rico 5525,nunoa,departamento,venta,4502.0,183883245,37,,1,1,titulo_corto_tipo_nombre,https://portalinmobiliario.com/MLC-3348561222-pedro-rico-5525-_JM
BAJA,4061302910,Edificio Lux,nunoa,departamento,venta,6334.0,258710900,60,,2,2,nombre_de_proyecto,https://portalinmobiliario.com/MLC-4061302910-edificio-lux-_JM
BAJA,1521238381,Andes Ñuñoa,nunoa,departamento,venta,3938.0,160846783,32,,1,1,titulo_corto_tipo_nombre,https://portalinmobiliario.com/MLC-1521238381-andes-nunoa-_JM
BAJA,1524782574,Casa Bustamante,nunoa,departamento,venta,3950.0,161336920,35,,0,1,titulo_corto_tipo_nombre,https://portalinmobiliario.com/MLC-1524782574-casa-bustamante-_JM
BAJA,1938119395,Los Alerces 2222,nunoa,departamento,venta,3502.0,143038455,54,,2,2,titulo_corto_tipo_nombre,https://portalinmobiliario.com/MLC-1938119395-los-alerces-2222-_JM
BAJA,1588224075,Edificio Vintage,nunoa,departamento,venta,2656.0,108483762,31,,1,1,nombre_de_proyecto,https://portalinmobiliario.com/MLC-1588224075-edificio-vintage-_JM
BAJA,1743381741,Isacorp Dublé Almeyda,nunoa,departamento,venta,5086.0,207736602,35,,1,1,inmobiliaria_en_titulo | titulo_corto_tipo_nombre,https://portalinmobiliario.com/MLC-1743381741-isacorp-duble-almeyda-_JM
BAJA,3330536090,Igrow Zañartu,nunoa,departamento,venta,3384.0,138218769,45,,2,1,titulo_corto_tipo_nombre,https://portalinmobiliario.com/MLC-3330536090-igrow-zanartu-_JM
BAJA,1555764489,Edificio Ñuñoa Zañartu,nunoa,departamento,venta,2778.0,113466827,31,,1,1,nombre_de_proyecto,https://portalinmobiliario.com/MLC-1555764489-edificio-nunoa-zanartu-_JM
BAJA,3302940598,Isacorp Castillo Velasco,nunoa,departamento,venta,4513.0,184332537,38,,1,1,inmobiliaria_en_titulo | titulo_corto_tipo_nombre,https://portalinmobiliario.com/MLC-3302940598-isacorp-castillo-velasco-_JM
BAJA,1565766966,Ñuñoa View,nunoa,departamento,venta,2900.0,118449891,34,,1,1,titulo_corto_tipo_nombre,https://portalinmobiliario.com/MLC-1565766966-nunoa-view-_JM
BAJA,1689084047,Zañartu 2680,nunoa,departamento,venta,4200.0,171548118,56,,2,2,titulo_corto_tipo_nombre,https://portalinmobiliario.com/MLC-1689084047-zanartu-2680-_JM
BAJA,529606825,Edificio Faustino,nunoa,departamento,venta,3140.0,128252641,27,,0,1,nombre_de_proyecto,https://portalinmobiliario.com/MLC-529606825-edificio-faustino-_JM
BAJA,1997630625,Edificio Atelier Ñuñoa,nunoa,departamento,venta,3584.0,146387727,34,,1,1,nombre_de_proyecto,https://portalinmobiliario.com/MLC-1997630625-edificio-atelier-nunoa-_JM
BAJA,1978675389,Paseo Walker,nunoa,departamento,venta,3650.0,149083484,38,,1,1,titulo_corto_tipo_nombre,https://portalinmobiliario.com/MLC-1978675389-paseo-walker-_JM
BAJA,1600053334,Edificio Optimus,nunoa,departamento,venta,3081.0,125842798,33,,1,1,nombre_de_proyecto,https://portalinmobiliario.com/MLC-1600053334-edificio-optimus-_JM
BAJA,3557979860,Mirador Irarrazaval,nunoa,departamento,venta,3988.0,162889023,35,,1,1,titulo_corto_tipo_nombre,https://portalinmobiliario.com/MLC-3557979860-mirador-irarrazaval-_JM
BAJA,4084875334,Ñuñoa One,nunoa,departamento,venta,3181.0,129927277,33,,1,1,titulo_corto_tipo_nombre,https://portalinmobiliario.com/MLC-4084875334-nunoa-one-_JM
BAJA,4146248248,Edificio Step,nunoa,departamento,venta,3062.0,125066747,22,,1,1,nombre_de_proyecto,https://portalinmobiliario.com/MLC-4146248248-edificio-step-_JM
BAJA,1413163037,Edificio Santo Toribio,nunoa,departamento,venta,3030.0,123759714,28,,1,1,nombre_de_proyecto,https://portalinmobiliario.com/MLC-1413163037-edificio-santo-toribio-_JM
BAJA,2873495320,Ga2944,nunoa,departamento,venta,4726.0,193032478,34,,1,1,titulo_corto_tipo_nombre,https://portalinmobiliario.com/MLC-2873495320-ga2944-_JM
BAJA,3391717540,Nueva Ñuñoa,nunoa,departamento,venta,2818.0,115100618,31,,1,1,titulo_corto_tipo_nombre,https://portalinmobiliario.com/MLC-3391717540-nueva-nunoa-_JM
BAJA,1378028431,Edificio Pedro Torres,nunoa,departamento,venta,7184.0,293428971,66,,2,2,nombre_de_proyecto,https://portalinmobiliario.com/MLC-1378028431-edificio-pedro-torres-_JM
BAJA,1583336399,Capitán Orella,nunoa,departamento,venta,4540.0,185435347,41,,1,1,titulo_corto_tipo_nombre,https://portalinmobiliario.com/MLC-1583336399-capitan-orella-_JM
BAJA,2824571898,Edificio Pucará,nunoa,departamento,venta,8679.0,354491932,68,,2,2,nombre_de_proyecto,https://portalinmobiliario.com/MLC-2824571898-edificio-pucara-_JM
BAJA,1377864551,Vive Zañartu,nunoa,departamento,venta,4532.0,185108588,55,,2,2,titulo_corto_tipo_nombre,https://portalinmobiliario.com/MLC-1377864551-vive-zanartu-_JM
BAJA,1845314017,Vitro,nunoa,departamento,venta,2580.0,105379558,32,,1,1,titulo_corto_tipo_nombre,https://portalinmobiliario.com/MLC-1845314017-vitro-_JM
BAJA,2950145658,Live,nunoa,departamento,venta,4019.0,164155211,31,,1,1,titulo_corto_tipo_nombre,https://portalinmobiliario.com/MLC-2950145658-live-_JM
BAJA,4139259800,Vista Despejada En Ñuñoa 3d 3b 2 Est 1 Bd,nunoa,departamento,venta,10200.0,416616858,112,130,,,nombre_de_proyecto,https://portalinmobiliario.com/MLC-4139259800-vista-despejada-en-nunoa-3d-3b-2-est-1-bd-_JM
BAJA,4091659846,Depto 1d/1b /estacionamiento Y Bodega/ Metro Plaza Egaña,nunoa,departamento,venta,4150.0,169505878,34,39,,1,nombre_de_proyecto,https://portalinmobiliario.com/MLC-4091659846-depto-1d1b-estacionamiento-y-bodega-metro-plaza-egana-_JM
BAJA,2027948273,Almagro Semi Nuevo Vista Despejada,nunoa,departamento,venta,9900.0,404363421,113,128,3,,inmobiliaria_en_titulo | nombre_de_proyecto,https://portalinmobiliario.com/MLC-2027948273-almagro-semi-nuevo-vista-despejada-_JM
BAJA,4134774800,4d + Sala De Estar En Ñuñoa Residencial,nunoa,departamento,venta,12500.0,510559875,127,14,4,,nombre_de_proyecto,https://portalinmobiliario.com/MLC-4134774800-4d-sala-de-estar-en-nunoa-residencial-_JM
BAJA,4164778880,"Venta Lindo Dpto. 3d/2b Condominio Almagro, Metro Villa Frei",nunoa,departamento,venta,7900.0,322673841,95,102,,2,inmobiliaria_en_titulo | nombre_de_proyecto,https://portalinmobiliario.com/MLC-4164778880-venta-lindo-dpto-3d2b-condominio-almagro-metro-villa-frei-_JM
BAJA,4159926446,2 Dormitorios + Amplio Patio,nunoa,departamento,venta,6990.0,285505082,78,141,,,superficies_incoherentes,https://portalinmobiliario.com/MLC-4159926446-2-dormitorios-amplio-patio-_JM
BAJA,1841330577,Venta Depto.1d 1b Bodega Y Estac.gran Vista Ñuñoa,nunoa,departamento,venta,4480.0,182984659,41,53,,1,nombre_de_proyecto,https://portalinmobiliario.com/MLC-1841330577-venta-depto1d-1b-bodega-y-estacgran-vista-nunoa-_JM
BAJA,4054601168,Vista Despejada | Plaza Ñuñoa | Excelente Estado,nunoa,departamento,venta,6100.0,249153219,71,80,,2,nombre_de_proyecto,https://portalinmobiliario.com/MLC-4054601168-vista-despejada-plaza-nunoa-excelente-estado-_JM
BAJA,2069473763,Depto Moderno 2d/2b Cerca De Plaza Ñuñoa/metro Chile España,nunoa,departamento,venta,5250.0,214435148,70,75,,,nombre_de_proyecto,https://portalinmobiliario.com/MLC-2069473763-depto-moderno-2d2b-cerca-de-plaza-nunoametro-chile-espana-_JM
BAJA,2011931177,Depto 1d1b Con Estac. A Pasos De Metro Plaza Egaña,nunoa,departamento,venta,3700.0,151125723,42,44,,1,nombre_de_proyecto,https://portalinmobiliario.com/MLC-2011931177-depto-1d1b-con-estac-a-pasos-de-metro-plaza-egana-_JM
BAJA,1986428519,Excelente Ubicación Plaza Ñuñoa Posible Novación,nunoa,departamento,venta,6490.0,265082687,85,93,,2,nombre_de_proyecto,https://portalinmobiliario.com/MLC-1986428519-excelente-ubicacion-plaza-nunoa-posible-novacion-_JM
BAJA,4089233156,Depto. Vista Despejada Brown Norte- Cerca Plaza Ñuñoa,nunoa,departamento,venta,4949.0,202140866,64,76,,,nombre_de_proyecto,https://portalinmobiliario.com/MLC-4089233156-depto-vista-despejada-brown-norte-cerca-plaza-nunoa-_JM
BAJA,4211819066,Depto Con Patio/ Barrio Italia/ Providencia/ Jardin/piscina,nunoa,departamento,venta,8900.0,363518631,93,151,,,nombre_de_proyecto,https://portalinmobiliario.com/MLC-4211819066-depto-con-patio-barrio-italia-providencia-jardinpiscina-_JM
BAJA,4211503046,De 2 Dorm/ Vista Despejada/ Sucre/ Ñuñoa,nunoa,departamento,venta,5990.0,244660292,55,60,,2,nombre_de_proyecto,https://portalinmobiliario.com/MLC-4211503046-de-2-dorm-vista-despejada-sucre-nunoa-_JM
BAJA,1923654817,Venta Departamento Con Maravillosa Azotea - Terraz...,nunoa,departamento,venta,9490.0,387617057,71,135,2,2,superficies_incoherentes,https://portalinmobiliario.com/MLC-1923654817-venta-departamento-con-maravillosa-azotea-terraz-_JM
BAJA,2053527787,"Moderno Edificio Del Año 2020, De Solo 7 Pisos.",nunoa,departamento,venta,7490.0,305927477,83,94,,2,nombre_de_proyecto,https://portalinmobiliario.com/MLC-2053527787-moderno-edificio-del-ano-2020-de-solo-7-pisos-_JM
BAJA,4179305742,Amplio Y Luminoso (170082),nunoa,departamento,venta,4490.0,183393107,49,57,,1,titulo_corto_tipo_nombre,https://portalinmobiliario.com/MLC-4179305742-amplio-y-luminoso-170082-_JM
BAJA,2041108347,Departamento Nuevo Con Patio. Sin Comisión!,nunoa,departamento,venta,6610.0,269984062,56,121,,,superficies_incoherentes,https://portalinmobiliario.com/MLC-2041108347-departamento-nuevo-con-patio-sin-comision-_JM
BAJA,2068822211,Vista Despejada - Irarrazaval - Metro Ñuñoa,nunoa,departamento,venta,3450.0,140914526,40,42,,1,nombre_de_proyecto,https://portalinmobiliario.com/MLC-2068822211-vista-despejada-irarrazaval-metro-nunoa-_JM
BAJA,2066610047,"Diseño, Luz Y Vida De Barrio En Ñuñoa",nunoa,departamento,venta,6490.0,265082687,52,60,,2,nombre_de_proyecto,https://portalinmobiliario.com/MLC-2066610047-diseno-luz-y-vida-de-barrio-en-nunoa-_JM
BAJA,4088017388,Departamento Santa Julia 3d&#43;2b&#43;e&#43;b.con Patio.,nunoa,departamento,venta,9200.0,375772068,92,191,,,superficies_incoherentes,https://portalinmobiliario.com/MLC-4088017388-departamento-santa-julia-3d432b43e43bcon-patio-_JM
BAJA,2016686193,Luminoso Departamento 1d/1b Con Vista Despejada,nunoa,departamento,venta,4000.0,163379160,37,40,,1,nombre_de_proyecto,https://portalinmobiliario.com/MLC-2016686193-luminoso-departamento-1d1b-con-vista-despejada-_JM
BAJA,4111942268,Colegio Calasanz,nunoa,departamento,venta,5890.0,240575813,63,66,2,2,titulo_corto_tipo_nombre,https://portalinmobiliario.com/MLC-4111942268-colegio-calasanz-_JM
BAJA,2068823207,Vista Despejada / Diagonal Oriente - Americo Vespucio,nunoa,departamento,venta,4700.0,191970513,60,67,,,nombre_de_proyecto,https://portalinmobiliario.com/MLC-2068823207-vista-despejada-diagonal-oriente-americo-vespucio-_JM
BAJA,3894978842,"Dpto Familiar, Con Azotea Privada Y Vista Panorámica",nunoa,departamento,venta,11600.0,473799564,102,193,3,2,nombre_de_proyecto | superficies_incoherentes,https://portalinmobiliario.com/MLC-3894978842-dpto-familiar-con-azotea-privada-y-vista-panoramica-_JM
BAJA,1961383519,Luminoso Piso Con Cocina Integrada En Edificio Full Equipado,nunoa,departamento,venta,7690.0,314096435,84,89,3,2,nombre_de_proyecto,https://portalinmobiliario.com/MLC-1961383519-luminoso-piso-con-cocina-integrada-en-edificio-full-equipado-_JM
BAJA,2045617221,"Plaza Ñuñoa, 3 Dormitorios, 2 Baños, Bodega, Ñuñoa",nunoa,departamento,venta,4850.0,198097232,77,77,,2,nombre_de_proyecto,https://portalinmobiliario.com/MLC-2045617221-plaza-nunoa-3-dormitorios-2-banos-bodega-nunoa-_JM
BAJA,3767986756,"Departamento 4 Dormitorios, Plaza Egaña - Ñuñoa.",nunoa,departamento,venta,6300.0,257322177,88,98,,2,nombre_de_proyecto,https://portalinmobiliario.com/MLC-3767986756-departamento-4-dormitorios-plaza-egana-nunoa-_JM
BAJA,4146254280,"Espacioso Depto. 3d, 2b, Est. Y Bod., Plaza Egaña",nunoa,departamento,venta,6000.0,245068740,88,92,,2,nombre_de_proyecto,https://portalinmobiliario.com/MLC-4146254280-espacioso-depto-3d-2b-est-y-bod-plaza-egana-_JM
BAJA,1970757993,Depto 2d+2b Con 2 Terrazas En Plaza Sucre,nunoa,departamento,venta,6490.0,265082687,66,76,2,2,nombre_de_proyecto,https://portalinmobiliario.com/MLC-1970757993-depto-2d2b-con-2-terrazas-en-plaza-sucre-_JM
BAJA,3384766032,Cómodo Dpto Frente A Plaza Augusto Dhalmar,nunoa,departamento,venta,5950.0,243026500,70,77,2,2,nombre_de_proyecto,https://portalinmobiliario.com/MLC-3384766032-comodo-dpto-frente-a-plaza-augusto-dhalmar-_JM
BAJA,2016687159,"A Pasos De Barrio Italia, Amplio Y Remodelado",nunoa,departamento,venta,6500.0,265491135,120,120,3,,nombre_de_proyecto,https://portalinmobiliario.com/MLC-2016687159-a-pasos-de-barrio-italia-amplio-y-remodelado-_JM
BAJA,4100172366,Vive Con Amplitud Y Vista Despejada,nunoa,departamento,venta,7500.0,306335925,100,111,4,,nombre_de_proyecto,https://portalinmobiliario.com/MLC-4100172366-vive-con-amplitud-y-vista-despejada-_JM
BAJA,3882895110,Depto. Con Vista Despejada Casi Nuevo - Excelente Ubicación,nunoa,departamento,venta,3890.0,158886233,34,35,,1,nombre_de_proyecto,https://portalinmobiliario.com/MLC-3882895110-depto-con-vista-despejada-casi-nuevo-excelente-ubicacion-_JM
BAJA,2045617657,Sector Plaza Ñuñoa,nunoa,departamento,venta,5000.0,204223950,65,70,2,2,nombre_de_proyecto,https://portalinmobiliario.com/MLC-2045617657-sector-plaza-nunoa-_JM
BAJA,4173016484,Conventry / Arturo Medina,nunoa,departamento,venta,3600.0,147041244,70,70,,1,titulo_corto_tipo_nombre,https://portalinmobiliario.com/MLC-4173016484-conventry-arturo-medina-_JM
BAJA,2655938096,"Departamento 2 Dormitorios, Barrio Italia, Ñuñoa.",nunoa,departamento,venta,5200.0,212392908,78,69,,2,nombre_de_proyecto,https://portalinmobiliario.com/MLC-2655938096-departamento-2-dormitorios-barrio-italia-nunoa-_JM
BAJA,3416486924,Plaza Bremen. Departamento De Tres Dormitorios.,nunoa,departamento,venta,7700.0,314504883,88,98,3,2,nombre_de_proyecto,https://portalinmobiliario.com/MLC-3416486924-plaza-bremen-departamento-de-tres-dormitorios-_JM
BAJA,4100171016,Venta Departamento En Ñuñoa,nunoa,departamento,venta,7390.0,301842998,86,86,3,,titulo_corto_tipo_nombre,https://portalinmobiliario.com/MLC-4100171016-venta-departamento-en-nunoa-_JM
BAJA,4217822068,"Excelente Departamento, Condominio Full Equipado",nunoa,departamento,venta,7700.0,314504883,79,99,,,nombre_de_proyecto,https://portalinmobiliario.com/MLC-4217822068-excelente-departamento-condominio-full-equipado-_JM
BAJA,2050888759,Depto 2d-2b Parque San Eugenio- Metro Ñuble (c/ Estacionam.),nunoa,departamento,venta,4490.0,183393107,61,67,,,nombre_de_proyecto,https://portalinmobiliario.com/MLC-2050888759-depto-2d-2b-parque-san-eugenio-metro-nuble-c-estacionam-_JM
BAJA,1963107597,Depto 2d 2b En Excelente Ubicación A Pasos Metro Plaza Egaña,nunoa,departamento,venta,4700.0,191970513,60,60,,,nombre_de_proyecto,https://portalinmobiliario.com/MLC-1963107597-depto-2d-2b-en-excelente-ubicacion-a-pasos-metro-plaza-egana-_JM
BAJA,4128488572,"Studio Metro Ñuñoa: 2600 Uf, Piso 25. Operando Airbnb",nunoa,departamento,venta,2600.0,106196454,21,23,1,1,m2_util_minimo_de_rango,https://portalinmobiliario.com/MLC-4128488572-studio-metro-nunoa-2600-uf-piso-25-operando-airbnb-_JM
BAJA,4135261472,Departamento Hermoso - Lado Metro - Vista Despejada Oriente,nunoa,departamento,venta,4300.0,175632597,72,76,,,nombre_de_proyecto,https://portalinmobiliario.com/MLC-4135261472-departamento-hermoso-lado-metro-vista-despejada-oriente-_JM
BAJA,4234025002,Venta En Lincoyan Ñuñoa,nunoa,departamento,venta,4500.0,183801555,48,52,2,1,titulo_corto_tipo_nombre,https://portalinmobiliario.com/MLC-4234025002-venta-en-lincoyan-nunoa-_JM
BAJA,4198492886,Departamento En Venta Ñuñoa (175882),nunoa,departamento,venta,7490.0,305927477,75,142,,,superficies_incoherentes,https://portalinmobiliario.com/MLC-4198492886-departamento-en-venta-nunoa-175882-_JM
BAJA,2018305481,*** Metro Plaza Egana - Con Estacionamiento***,nunoa,departamento,venta,3700.0,151125723,46,46,,1,nombre_de_proyecto,https://portalinmobiliario.com/MLC-2018305481--metro-plaza-egana-con-estacionamiento-_JM
BAJA,3613880510,Depto. Hermosa Vista Oriente - 2 Dormitorios - 2 B - 1 Bod,nunoa,departamento,venta,4398.0,179635386,58,62,,,nombre_de_proyecto,https://portalinmobiliario.com/MLC-3613880510-depto-hermosa-vista-oriente-2-dormitorios-2-b-1-bod-_JM
BAJA,3862081092,"Lindo, Iluminado/zona Residencial Bien Conectada/ascensor",nunoa,departamento,venta,4150.0,169505878,60,60,,2,nombre_de_proyecto,https://portalinmobiliario.com/MLC-3862081092-lindo-iluminadozona-residencial-bien-conectadaascensor-_JM
BAJA,1980334017,Ñuñoa Plaza Egaña Venta Depto 2d-amenities De Alto Estándar,nunoa,departamento,venta,5490.0,224237897,59,62,,1,nombre_de_proyecto,https://portalinmobiliario.com/MLC-1980334017-nunoa-plaza-egana-venta-depto-2d-amenities-de-alto-estandar-_JM
BAJA,4203948666,Departamento En Excelente Ubicación,nunoa,departamento,venta,3378.64,138000000.0,36,40,,1,titulo_corto_tipo_nombre,https://portalinmobiliario.com/MLC-4203948666-departamento-en-excelente-ubicacion-_JM
BAJA,2069472241,"Metro Principe De Gales, Vista Despejada  A Plaza Dhalmar.",nunoa,departamento,venta,9900.0,404363421,89,97,,2,nombre_de_proyecto,https://portalinmobiliario.com/MLC-2069472241-metro-principe-de-gales-vista-despejada-a-plaza-dhalmar-_JM
BAJA,2057128919,J.d. Cañas 3d/2b + Servicio O Home Office. Increíble Vista.,nunoa,departamento,venta,6790.0,277336124,103,115,,3,nombre_de_proyecto,https://portalinmobiliario.com/MLC-2057128919-jd-canas-3d2b-servicio-o-home-office-increible-vista-_JM
BAJA,4212314742,Venta Departamento 1dormitorio+1baño+1estacionamiento Ñuñoa,nunoa,departamento,venta,2550.0,104154214,33,36,,1,titulo_corto_tipo_nombre,https://portalinmobiliario.com/MLC-4212314742-venta-departamento-1dormitorio1bano1estacionamiento-nunoa-_JM
BAJA,2079440023,Moderno -  Primer Piso Con Jardín - Plaza Egaña,nunoa,departamento,venta,10990.0,448884242,101,158,,3,nombre_de_proyecto,https://portalinmobiliario.com/MLC-2079440023-moderno-primer-piso-con-jardin-plaza-egana-_JM
BAJA,4222359688,Moderno Condominio - Seminuevo - Mariposa,nunoa,departamento,venta,5490.0,224237897,55,59,,2,nombre_de_proyecto,https://portalinmobiliario.com/MLC-4222359688-moderno-condominio-seminuevo-mariposa-_JM
BAJA,4230798788,Irarrazabal Con Diagonal Oriente,nunoa,departamento,venta,6450.0,263448896,75,87,,2,titulo_corto_tipo_nombre,https://portalinmobiliario.com/MLC-4230798788-irarrazabal-con-diagonal-oriente-_JM
BAJA,4222351086,Espectacular Departamento Moderno A Pasos De Barrio Italia,nunoa,departamento,venta,4500.0,183801555,38,43,,1,nombre_de_proyecto,https://portalinmobiliario.com/MLC-4222351086-espectacular-departamento-moderno-a-pasos-de-barrio-italia-_JM
BAJA,4230680824,Cercano Parque Bustamante/ Metro Bustamante/ Santa Isabel,nunoa,departamento,venta,4850.0,198097232,66,66,,1,nombre_de_proyecto,https://portalinmobiliario.com/MLC-4230680824-cercano-parque-bustamante-metro-bustamante-santa-isabel-_JM
BAJA,2084195999,"Departamentos Nuevos, Con Jardín Privado",nunoa,departamento,venta,7000.0,285913530,56,209,,2,superficies_incoherentes,https://portalinmobiliario.com/MLC-2084195999-departamentos-nuevos-con-jardin-privado-_JM
BAJA,4234126750,"Departamentos Nuevos, Con Jardín Privado",nunoa,departamento,venta,8000.0,326758320,61,110,,2,superficies_incoherentes,https://portalinmobiliario.com/MLC-4234126750-departamentos-nuevos-con-jardin-privado-_JM
BAJA,4234126652,Departamentos Nuevos- Edificio Inteligente- Metro Villa Frei,nunoa,departamento,venta,9180.0,374955172,69,122,,2,nombre_de_proyecto,https://portalinmobiliario.com/MLC-4234126652-departamentos-nuevos-edificio-inteligente-metro-villa-frei-_JM
BAJA,4234031650,Departamentos Nuevos- Edificio Inteligente- Metro Villa Frei,nunoa,departamento,venta,8149.0,332844194,83,89,,2,nombre_de_proyecto,https://portalinmobiliario.com/MLC-4234031650-departamentos-nuevos-edificio-inteligente-metro-villa-frei-_JM
BAJA,2084195869,Departamentos Nuevos- Edificio Inteligente- Metro Villa Frei,nunoa,departamento,venta,10367.0,423437938,82,141,,2,nombre_de_proyecto,https://portalinmobiliario.com/MLC-2084195869-departamentos-nuevos-edificio-inteligente-metro-villa-frei-_JM
BAJA,4234031716,Departamentos Nuevos- Edificio Inteligente- Metro Villa Frei,nunoa,departamento,venta,10246.0,418495718,88,165,,2,nombre_de_proyecto | superficies_incoherentes,https://portalinmobiliario.com/MLC-4234031716-departamentos-nuevos-edificio-inteligente-metro-villa-frei-_JM
BAJA,4225147392,Departamento En Venta De 1 Dorm. En Ñuñoa,nunoa,departamento,venta,6500.0,265491135,45,87,,1,superficies_incoherentes,https://portalinmobiliario.com/MLC-4225147392-departamento-en-venta-de-1-dorm-en-nunoa-_JM
BAJA,4234126696,"Departamentos Nuevos, Con Jardín Privado",nunoa,departamento,venta,5500.0,224646345,42,85,,1,superficies_incoherentes,https://portalinmobiliario.com/MLC-4234126696-departamentos-nuevos-con-jardin-privado-_JM
BAJA,2084195885,Departamentos Nuevos- Edificio Inteligente- Metro Villa Frei,nunoa,departamento,venta,6167.0,251889820,57,78,,2,nombre_de_proyecto,https://portalinmobiliario.com/MLC-2084195885-departamentos-nuevos-edificio-inteligente-metro-villa-frei-_JM
BAJA,4234126618,Departamentos Nuevos- Edificio Inteligente- Metro Villa Frei,nunoa,departamento,venta,4441.0,181391712,41,45,,1,nombre_de_proyecto,https://portalinmobiliario.com/MLC-4234126618-departamentos-nuevos-edificio-inteligente-metro-villa-frei-_JM
BAJA,1868964141,"1d1b Esta Y Bod, Cerca Barrio Italia Ñuñoa, Mons Izaguirre",nunoa,departamento,venta,3750.0,153167962,40,36,,1,nombre_de_proyecto,https://portalinmobiliario.com/MLC-1868964141-1d1b-esta-y-bod-cerca-barrio-italia-nunoa-mons-izaguirre-_JM
BAJA,1858366785,Venta Departamento No 3d Suite 2b 1e 1bd Diego De Almagro -,nunoa,departamento,venta,8700.0,355349673,100,120,,,inmobiliaria_en_titulo,https://portalinmobiliario.com/MLC-1858366785-venta-departamento-no-3d-suite-2b-1e-1bd-diego-de-almagro--_JM
BAJA,3815900844,Estupendo Departamento En Ñuñoa,nunoa,departamento,venta,7300.0,298166967,88,95,,2,titulo_corto_tipo_nombre,https://portalinmobiliario.com/MLC-3815900844-estupendo-departamento-en-nunoa-_JM
BAJA,4021113934,Departamento Con Amplia Vista  De 2d 2b En Ñuñoa,nunoa,departamento,venta,4700.0,191970513,60,66,2,2,nombre_de_proyecto,https://portalinmobiliario.com/MLC-4021113934-departamento-con-amplia-vista-de-2d-2b-en-nunoa-_JM
BAJA,4071293356,Inversión Departamento Arrendado,nunoa,departamento,venta,5300.0,216477387,59,65,,,titulo_corto_tipo_nombre,https://portalinmobiliario.com/MLC-4071293356-inversion-departamento-arrendado-_JM
BAJA,3790372746,23084 - Parque Bustamante/ San Eugenio,nunoa,departamento,venta,3175.0,129682208,41,46,,1,nombre_de_proyecto,https://portalinmobiliario.com/MLC-3790372746-23084-parque-bustamante-san-eugenio-_JM
BAJA,1850214465,J.washington/enrique Richad C_422027,nunoa,departamento,venta,4250.0,173590358,40,43,1,1,titulo_corto_tipo_nombre,https://portalinmobiliario.com/MLC-1850214465-jwashingtonenrique-richad-c422027-_JM
BAJA,3973071946,Moderno Departamento Tipo Mariposa En Barrio Italia | 2d ...,nunoa,departamento,venta,5150.0,210350668,54,66,,2,nombre_de_proyecto,https://portalinmobiliario.com/MLC-3973071946-moderno-departamento-tipo-mariposa-en-barrio-italia-2d--_JM
BAJA,1921739003,Departamento Ñuñoa Suarez Mujica,nunoa,departamento,venta,7000.0,285913530,85,97,3,3,titulo_corto_tipo_nombre,https://portalinmobiliario.com/MLC-1921739003-departamento-nunoa-suarez-mujica-_JM
BAJA,4161005370,3d-2b-1e-1b 96m2t Barrio Residencial Ñuñoa,nunoa,departamento,venta,6990.0,285505082,88,96,3,,nombre_de_proyecto,https://portalinmobiliario.com/MLC-4161005370-3d-2b-1e-1b-96m2t-barrio-residencial-nunoa-_JM
BAJA,2049078035,Amplio 3d Con Terraza Y Áreas Verdes Cerca Barrio Italia,nunoa,departamento,venta,6300.0,257322177,91,100,,,nombre_de_proyecto,https://portalinmobiliario.com/MLC-2049078035-amplio-3d-con-terraza-y-areas-verdes-cerca-barrio-italia-_JM
BAJA,3727351218,"Hermoso Dpto Ñuñoa , En Tranquilo Edificio",nunoa,departamento,venta,4600.0,187886034,50,53,2,2,nombre_de_proyecto,https://portalinmobiliario.com/MLC-3727351218-hermoso-dpto-nunoa-en-tranquilo-edificio-_JM
BAJA,3941830304,Gran Oportunidad: Precio Con Dcto Y Recupera Iva Si Hay Ley,nunoa,departamento,venta,8991.0,367235507,68,145,,2,superficies_incoherentes,https://portalinmobiliario.com/MLC-3941830304-gran-oportunidad-precio-con-dcto-y-recupera-iva-si-hay-ley-_JM
BAJA,2049066285,"Muy Amplio, Edificio 5 Pisos, Plaza Ñuñoa Cercano A Metro",nunoa,departamento,venta,5750.0,234857542,74,84,,2,nombre_de_proyecto,https://portalinmobiliario.com/MLC-2049066285-muy-amplio-edificio-5-pisos-plaza-nunoa-cercano-a-metro-_JM
BAJA,4139258090,Depto 2d Con Patio Y Terraza Privada - Parque Inés De Suarez,nunoa,departamento,venta,8290.0,338603309,67,164,,,nombre_de_proyecto | superficies_incoherentes,https://portalinmobiliario.com/MLC-4139258090-depto-2d-con-patio-y-terraza-privada-parque-ines-de-suarez-_JM
BAJA,1858379871,Venta Departamento O 2d Wi Clóset Suite 2b 1e 1bd Plaza Ñu,nunoa,departamento,venta,6500.0,265491135,67,76,,2,nombre_de_proyecto,https://portalinmobiliario.com/MLC-1858379871-venta-departamento-o-2d-wi-closet-suite-2b-1e-1bd-plaza-nu-_JM
BAJA,4152848846,Amplio Y Comodo Departamento Con Vista Despejada. Metro,nunoa,departamento,venta,5900.0,240984261,80,90,,,nombre_de_proyecto,https://portalinmobiliario.com/MLC-4152848846-amplio-y-comodo-departamento-con-vista-despejada-metro-_JM
BAJA,4130750492,"Céntrico Depto.  En Ñuñoa, Excelente Edificio",nunoa,departamento,venta,3290.0,134379359,34,41,,1,nombre_de_proyecto,https://portalinmobiliario.com/MLC-4130750492-centrico-depto-en-nunoa-excelente-edificio-_JM
BAJA,4116739286,Departamento En Ñuñoa/ Sector Plaza Ñuñoa,nunoa,departamento,venta,7990.0,326349872,104,111,4,3,nombre_de_proyecto,https://portalinmobiliario.com/MLC-4116739286-departamento-en-nunoa-sector-plaza-nunoa-_JM
BAJA,4045080582,Penthouse 2d /2b / Venta Sin Comision Al Comprador,nunoa,departamento,venta,8953.0,365683405,70,134,,2,superficies_incoherentes,https://portalinmobiliario.com/MLC-4045080582-penthouse-2d-2b-venta-sin-comision-al-comprador-_JM
BAJA,3936763702,Venta Departamento En Ñuñoa,nunoa,departamento,venta,4400.0,179717076,59,59,,2,titulo_corto_tipo_nombre,https://portalinmobiliario.com/MLC-3936763702-venta-departamento-en-nunoa-_JM
BAJA,2053126441,"2d/1b En Ñuñoa | Luminoso, Vista Despejada Y Ubicación Pr...",nunoa,departamento,venta,4200.0,171548118,49,49,,1,nombre_de_proyecto,https://portalinmobiliario.com/MLC-2053126441-2d1b-en-nunoa-luminoso-vista-despejada-y-ubicacion-pr-_JM
BAJA,2070820861,Jardin Privado/ 3d / Cercano Metro Villa Frei,nunoa,departamento,venta,10196.0,416453479,87,161,,2,superficies_incoherentes,https://portalinmobiliario.com/MLC-2070820861-jardin-privado-3d-cercano-metro-villa-frei-_JM
BAJA,4201735474,Departamento En Venta En Juan Gómez Millas Ñuñoa,nunoa,departamento,venta,2690.0,109872485,21,21,,1,m2_util_minimo_de_rango,https://portalinmobiliario.com/MLC-4201735474-departamento-en-venta-en-juan-gomez-millas-nunoa-_JM
BAJA,3912288300,"Venta Home Studio Irarrazaval, Ñuñoa",nunoa,departamento,venta,2900.0,118449891,35,36,,1,nombre_de_proyecto,https://portalinmobiliario.com/MLC-3912288300-venta-home-studio-irarrazaval-nunoa-_JM
BAJA,1968305871,Excelente Departamento Constructora Imagina,nunoa,departamento,venta,9400.0,383941026,107,124,,2,inmobiliaria_en_titulo | titulo_corto_tipo_nombre,https://portalinmobiliario.com/MLC-1968305871-excelente-departamento-constructora-imagina-_JM
BAJA,3560571652,Luminoso Departamento Con Vista Norte Y Excelente Ubicación,nunoa,departamento,venta,6900.0,281829051,65,75,,2,nombre_de_proyecto,https://portalinmobiliario.com/MLC-3560571652-luminoso-departamento-con-vista-norte-y-excelente-ubicacion-_JM
BAJA,4162523652,Departamento 506-b,nunoa,departamento,venta,7000.0,285913530,98,106,,,titulo_corto_tipo_nombre,https://portalinmobiliario.com/MLC-4162523652-departamento-506-b-_JM
BAJA,3912287306,Venta Departamento Chile España,nunoa,departamento,venta,6800.0,277744572,76,76,,,titulo_corto_tipo_nombre,https://portalinmobiliario.com/MLC-3912287306-venta-departamento-chile-espana-_JM
BAJA,4196451012,"Preciosa Vista Oriente!! Edificio Equipado, Piscina",nunoa,departamento,venta,2790.0,113956964,33,33,1,1,nombre_de_proyecto,https://portalinmobiliario.com/MLC-4196451012-preciosa-vista-oriente-edificio-equipado-piscina-_JM
BAJA,1939486777,Dpto Nuevo En Manuel Montt,nunoa,departamento,venta,6595.0,269371390,51,118,,1,superficies_incoherentes,https://portalinmobiliario.com/MLC-1939486777-dpto-nuevo-en-manuel-montt-_JM
BAJA,1887510583,Departamento Con Vista Despejada Muy Bien Ubicado En Ñuñoa,nunoa,departamento,venta,3600.0,147041244,37,37,,1,nombre_de_proyecto,https://portalinmobiliario.com/MLC-1887510583-departamento-con-vista-despejada-muy-bien-ubicado-en-nunoa-_JM
BAJA,4164893176,Departamento Tradicional,nunoa,departamento,venta,4162.1,170000000.0,68,75,,2,titulo_corto_tipo_nombre,https://portalinmobiliario.com/MLC-4164893176-departamento-tradicional-_JM
BAJA,4084847772,Estilo Mariposa : Mall Plaza Egaña / Metro Plaza Egaña,nunoa,departamento,venta,5600.0,228730824,59,69,,2,nombre_de_proyecto,https://portalinmobiliario.com/MLC-4084847772-estilo-mariposa-mall-plaza-egana-metro-plaza-egana-_JM
BAJA,1859412945,20230 - Penthouse Con Gran Terraza / Plaza Ñuñoa,nunoa,departamento,venta,9990.0,408039452,77,146,,2,nombre_de_proyecto | superficies_incoherentes,https://portalinmobiliario.com/MLC-1859412945-20230-penthouse-con-gran-terraza-plaza-nunoa-_JM
BAJA,3907657702,Dpto Nuevo En Manuel Montt,nunoa,departamento,venta,6694.0,273415024,58,111,,2,superficies_incoherentes,https://portalinmobiliario.com/MLC-3907657702-dpto-nuevo-en-manuel-montt-_JM
BAJA,3804134064,Departamentos Nuevos- Edificio Inteligente- Metro Villa Frei,nunoa,departamento,venta,10085.0,411919707,77,138,,2,nombre_de_proyecto,https://portalinmobiliario.com/MLC-3804134064-departamentos-nuevos-edificio-inteligente-metro-villa-frei-_JM
BAJA,4174086046,Excelente Inversión: Departamento Plaza Ñuñoa,nunoa,departamento,venta,4600.0,187886034,42,46,,1,nombre_de_proyecto,https://portalinmobiliario.com/MLC-4174086046-excelente-inversion-departamento-plaza-nunoa-_JM
BAJA,4198495648,Departamento Ubicado En Sector Residencial De Ñuñoa 41254,nunoa,departamento,venta,5500.0,224646345,53,60,,2,nombre_de_proyecto,https://portalinmobiliario.com/MLC-4198495648-departamento-ubicado-en-sector-residencial-de-nunoa-41254-_JM
BAJA,4021070776,Metro Monseñor Eyzaguirre,nunoa,departamento,venta,5700.0,232815303,70,75,,2,titulo_corto_tipo_nombre,https://portalinmobiliario.com/MLC-4021070776-metro-monsenor-eyzaguirre-_JM
BAJA,1932774591,"Excepcionales Departamentos, Nuevos Y De Gran Calidad",nunoa,departamento,venta,5086.0,207736602,36,78,,1,superficies_incoherentes,https://portalinmobiliario.com/MLC-1932774591-excepcionales-departamentos-nuevos-y-de-gran-calidad-_JM
BAJA,1990014131,Bonito Departamento En Plaza Ñuñoa,nunoa,departamento,venta,4750.0,194012752,62,67,,,nombre_de_proyecto,https://portalinmobiliario.com/MLC-1990014131-bonito-departamento-en-plaza-nunoa-_JM
BAJA,4225848562,Departamento En Venta En Príncipe De Gales,nunoa,departamento,venta,8324.2,340000000.0,110,206,3,2,superficies_incoherentes,https://portalinmobiliario.com/MLC-4225848562-departamento-en-venta-en-principe-de-gales-_JM
BAJA,2041088323,Estupendo Departamento El Plaza Ñuñoa,nunoa,departamento,venta,6290.0,256913729,80,85,,,nombre_de_proyecto,https://portalinmobiliario.com/MLC-2041088323-estupendo-departamento-el-plaza-nunoa-_JM
BAJA,4164897160,Departamentos 1 Y 2 Dormitorios Plaza Zañartu Ñuñoa,nunoa,departamento,venta,3027.0,123637179,33,40,,1,nombre_de_proyecto,https://portalinmobiliario.com/MLC-4164897160-departamentos-1-y-2-dormitorios-plaza-zanartu-nunoa-_JM
BAJA,2042158139,Departamento 3d A Pasos De Plaza Ñuñoa,nunoa,departamento,venta,6700.0,273660093,82,95,,2,nombre_de_proyecto,https://portalinmobiliario.com/MLC-2042158139-departamento-3d-a-pasos-de-plaza-nunoa-_JM
BAJA,3886612232,"Plaza Eusebio Lillo, Linda Vista, 3d2b +1e1b",nunoa,departamento,venta,7000.0,285913530,80,90,,2,nombre_de_proyecto,https://portalinmobiliario.com/MLC-3886612232-plaza-eusebio-lillo-linda-vista-3d2b-1e1b-_JM
BAJA,3823905848,"Venta Departamento En Ñuñoa, Cond. Parque Irarrázaval",nunoa,departamento,venta,4470.58,182600000.0,79,79,,,nombre_de_proyecto,https://portalinmobiliario.com/MLC-3823905848-venta-departamento-en-nunoa-cond-parque-irarrazaval-_JM
BAJA,3615640256,Depto. Mariposa Barrio Italia 2 Dor 2 Baños Estc. Bod 70 M2,nunoa,departamento,venta,4790.0,195646544,53,60,,,nombre_de_proyecto,https://portalinmobiliario.com/MLC-3615640256-depto-mariposa-barrio-italia-2-dor-2-banos-estc-bod-70-m2-_JM
BAJA,4111970828,Depto 3d2b Vista Despejada. Ñuñoa,nunoa,departamento,venta,5390.0,220153418,75,78,,,nombre_de_proyecto,https://portalinmobiliario.com/MLC-4111970828-depto-3d2b-vista-despejada-nunoa-_JM
BAJA,1960289839,"Departamento Piso 3, Barrio Italia, Buen Edificio",nunoa,departamento,venta,3299.0,134746962,34,41,,1,nombre_de_proyecto,https://portalinmobiliario.com/MLC-1960289839-departamento-piso-3-barrio-italia-buen-edificio-_JM
BAJA,3886612354,"Plaza Eusebio Lillo, Metro Ñuñoa, Vista Despejada 3d2b 1e1b",nunoa,departamento,venta,7000.0,285913530,80,90,,2,nombre_de_proyecto,https://portalinmobiliario.com/MLC-3886612354-plaza-eusebio-lillo-metro-nunoa-vista-despejada-3d2b-1e1b-_JM
BAJA,1948014953,Frente Al Metro Ñuñoa Edificio Imagina,nunoa,departamento,venta,4500.0,183801555,48,52,2,1,nombre_de_proyecto,https://portalinmobiliario.com/MLC-1948014953-frente-al-metro-nunoa-edificio-imagina-_JM
BAJA,3973051812,"Departamento Barrio Italia, Excelente Conectividad",nunoa,departamento,venta,3300.0,134787807,34,41,,1,nombre_de_proyecto,https://portalinmobiliario.com/MLC-3973051812-departamento-barrio-italia-excelente-conectividad-_JM
BAJA,4146263824,"3 Dormitorios, Sector Plaza Ñuñoa",nunoa,departamento,venta,5740.0,234449095,80,80,,2,nombre_de_proyecto,https://portalinmobiliario.com/MLC-4146263824-3-dormitorios-sector-plaza-nunoa-_JM
BAJA,3776241230,1d+1b+1e+1b Vista Despejada A Pasos Del Metro,nunoa,departamento,venta,3590.0,146632796,43,48,1,1,nombre_de_proyecto,https://portalinmobiliario.com/MLC-3776241230-1d1b1e1b-vista-despejada-a-pasos-del-metro-_JM
BAJA,3776480430,¡moderno Depto Con Terraza Y Vista Oriente!,nunoa,departamento,venta,4190.0,171139670,59,70,2,2,nombre_de_proyecto,https://portalinmobiliario.com/MLC-3776480430-moderno-depto-con-terraza-y-vista-oriente-_JM
BAJA,4101737998,Luminoso Dpto Con Estacionamiento,nunoa,departamento,venta,5550.0,226688584,64,67,,2,titulo_corto_tipo_nombre,https://portalinmobiliario.com/MLC-4101737998-luminoso-dpto-con-estacionamiento-_JM
BAJA,3951892500,Nethaus Vende Acogedor Depto. En Lindo Barrio De Ñuñoa,nunoa,departamento,venta,6950.0,283871290,83,89,,,nombre_de_proyecto,https://portalinmobiliario.com/MLC-3951892500-nethaus-vende-acogedor-depto-en-lindo-barrio-de-nunoa-_JM
BAJA,1948014951,Frente A Metro Ñuñoa,nunoa,departamento,venta,6900.0,281829051,74,90,,,titulo_corto_tipo_nombre,https://portalinmobiliario.com/MLC-1948014951-frente-a-metro-nunoa-_JM
BAJA,4182534684,Cerca Plaza Egaña Vista Oriente 1d 1b + Est Y Bod,nunoa,departamento,venta,3850.0,157252442,40,45,,1,nombre_de_proyecto,https://portalinmobiliario.com/MLC-4182534684-cerca-plaza-egana-vista-oriente-1d-1b-est-y-bod-_JM
BAJA,1845575491,2d 2b Con Estacionamiento/ Cercano Barrio Italia,nunoa,departamento,venta,4210.0,171956566,49,53,,2,nombre_de_proyecto,https://portalinmobiliario.com/MLC-1845575491-2d-2b-con-estacionamiento-cercano-barrio-italia-_JM
BAJA,2027790849,Departamento En Barrio Italia. Excelente Ubicación,nunoa,departamento,venta,3280.0,133970911,34,41,,1,nombre_de_proyecto,https://portalinmobiliario.com/MLC-2027790849-departamento-en-barrio-italia-excelente-ubicacion-_JM
BAJA,2068820483,Plaza Egaña / 2d+2 B / Estac,nunoa,departamento,venta,4390.0,179308628,66,74,,2,nombre_de_proyecto,https://portalinmobiliario.com/MLC-2068820483-plaza-egana-2d2-b-estac-_JM
BAJA,2044157603,Metro Monseñor Eyzaguirre,nunoa,departamento,venta,4000.0,163379160,55,55,,,titulo_corto_tipo_nombre,https://portalinmobiliario.com/MLC-2044157603-metro-monsenor-eyzaguirre-_JM
BAJA,1893578727,Venta Departamento 2 Dormitorios Vista Norte,nunoa,departamento,venta,5950.0,243026500,63,71,,2,nombre_de_proyecto,https://portalinmobiliario.com/MLC-1893578727-venta-departamento-2-dormitorios-vista-norte-_JM
BAJA,4089231854,"Depto Con Patio, 2d Y 2b, Est, Parque Pucara",nunoa,departamento,venta,7600.0,310420404,77,137,,,nombre_de_proyecto,https://portalinmobiliario.com/MLC-4089231854-depto-con-patio-2d-y-2b-est-parque-pucara-_JM
BAJA,3847649070,Propidad Con Excelente Ubicacion Barrio Tradicional De Ñuñoa,nunoa,departamento,venta,5500.0,224646345,60,65,,1,nombre_de_proyecto,https://portalinmobiliario.com/MLC-3847649070-propidad-con-excelente-ubicacion-barrio-tradicional-de-nunoa-_JM
BAJA,1939493147,Dpto Nuevo Manuel Montt,nunoa,departamento,venta,5602.0,228812514,53,57,,2,titulo_corto_tipo_nombre,https://portalinmobiliario.com/MLC-1939493147-dpto-nuevo-manuel-montt-_JM
BAJA,4182751370,"Depto. 3d, 2b, 1box, Piso 6, Metro Ñuñoa, Barrio Villaseca",nunoa,departamento,venta,6000.0,245068740,83,83,,2,nombre_de_proyecto,https://portalinmobiliario.com/MLC-4182751370-depto-3d-2b-1box-piso-6-metro-nunoa-barrio-villaseca-_JM
BAJA,1859322235,20231 - Pucará / Plaza Ñuñoa,nunoa,departamento,venta,9136.0,373158001,100,106,,2,nombre_de_proyecto,https://portalinmobiliario.com/MLC-1859322235-20231-pucara-plaza-nunoa-_JM
BAJA,4031343742,Departamento Luminoso Y Comodo,nunoa,departamento,venta,4400.0,179717076,80,80,3,2,titulo_corto_tipo_nombre,https://portalinmobiliario.com/MLC-4031343742-departamento-luminoso-y-comodo-_JM
BAJA,2049062537,"Departamento Nuevo 2 Suites, Barrio Residencial.",nunoa,departamento,venta,5490.0,224237897,72,64,,,nombre_de_proyecto,https://portalinmobiliario.com/MLC-2049062537-departamento-nuevo-2-suites-barrio-residencial-_JM
BAJA,4018715890,Departamento Exelente Ubicaciòn,nunoa,departamento,venta,6800.0,277744572,68,68,2,2,titulo_corto_tipo_nombre,https://portalinmobiliario.com/MLC-4018715890-departamento-exelente-ubicacin-_JM
BAJA,1956498257,"Departamento D3, 2b Parque Botánico",nunoa,departamento,venta,6400.0,261406656,90,90,,,nombre_de_proyecto,https://portalinmobiliario.com/MLC-1956498257-departamento-d3-2b-parque-botanico-_JM
BAJA,1630933641,Venta Departamento Seminuevo 3d2b . Plaza Ñuñoa,nunoa,departamento,venta,7350.0,300209206,89,99,,2,nombre_de_proyecto,https://portalinmobiliario.com/MLC-1630933641-venta-departamento-seminuevo-3d2b-plaza-nunoa-_JM
BAJA,3915738572,Departamento En Barrio Residencial / Ñuñoa,nunoa,departamento,venta,4500.0,183801555,58,60,2,2,nombre_de_proyecto,https://portalinmobiliario.com/MLC-3915738572-departamento-en-barrio-residencial-nunoa-_JM
BAJA,1992043947,"Depto 2d 2b, Sector Plaza Ñuñoa",nunoa,departamento,venta,4890.0,199731023,54,60,2,2,nombre_de_proyecto,https://portalinmobiliario.com/MLC-1992043947-depto-2d-2b-sector-plaza-nunoa-_JM
BAJA,1831564603,Excelente Depto Venta Barrio Tranquilo Ñuñoa 2d2b Estac Bod,nunoa,departamento,venta,6840.0,279378364,71,77,,,nombre_de_proyecto,https://portalinmobiliario.com/MLC-1831564603-excelente-depto-venta-barrio-tranquilo-nunoa-2d2b-estac-bod-_JM
BAJA,4146267584,3d-2b  Plaza Ñuñoa Metro Chile España,nunoa,departamento,venta,6290.0,256913729,77,86,3,,nombre_de_proyecto,https://portalinmobiliario.com/MLC-4146267584-3d-2b-plaza-nunoa-metro-chile-espana-_JM
BAJA,3936796068,"1 Dormitorio, 1 Baño. Pasos Plaza Ñuñoa, Semi Nuevo.",nunoa,departamento,venta,4290.0,175224149,37,42,,1,nombre_de_proyecto,https://portalinmobiliario.com/MLC-3936796068-1-dormitorio-1-bano-pasos-plaza-nunoa-semi-nuevo-_JM
BAJA,3989370466,Ortuzar/irarrazaval/montenegro C_422971,nunoa,departamento,venta,3400.0,138872286,34,41,,1,titulo_corto_tipo_nombre,https://portalinmobiliario.com/MLC-3989370466-ortuzarirarrazavalmontenegro-c422971-_JM
BAJA,4042635026,Pedro Torres / Ñuñoa,nunoa,departamento,venta,7200.0,294082488,66,78,,2,titulo_corto_tipo_nombre,https://portalinmobiliario.com/MLC-4042635026-pedro-torres-nunoa-_JM
BAJA,3783388828,Depto. Cercano A Plaza Ñuñoa,nunoa,departamento,venta,5350.0,218519626,60,64,,,nombre_de_proyecto,https://portalinmobiliario.com/MLC-3783388828-depto-cercano-a-plaza-nunoa-_JM
BAJA,2063377211,"Depto Vintage Ñuñoa, Metro Y Parque A Pasos",nunoa,departamento,venta,2990.0,122125922,59,59,2,,nombre_de_proyecto,https://portalinmobiliario.com/MLC-2063377211-depto-vintage-nunoa-metro-y-parque-a-pasos-_JM
BAJA,1898861505,"Gran Ubicación Dpto A Pasos Plaza Ñuñoa, Metro Chile España.",nunoa,departamento,venta,6450.0,263448896,85,90,,2,nombre_de_proyecto,https://portalinmobiliario.com/MLC-1898861505-gran-ubicacion-dpto-a-pasos-plaza-nunoa-metro-chile-espana-_JM
BAJA,4098158724,García Valenzuela / Bustamante,nunoa,departamento,venta,3050.0,124576610,42,45,2,1,titulo_corto_tipo_nombre,https://portalinmobiliario.com/MLC-4098158724-garcia-valenzuela-bustamante-_JM
BAJA,3994413240,Departamento Con Estacionamiento,nunoa,departamento,venta,5129.0,209492928,72,80,,2,titulo_corto_tipo_nombre,https://portalinmobiliario.com/MLC-3994413240-departamento-con-estacionamiento-_JM
BAJA,3866656648,Moderno Y Cómodo Departamento En Pleno Barrio Italia  Ñuñoa,nunoa,departamento,venta,3500.0,142956765,35,41,,1,nombre_de_proyecto,https://portalinmobiliario.com/MLC-3866656648-moderno-y-comodo-departamento-en-pleno-barrio-italia-nunoa-_JM
BAJA,3727089202,Espectacular Vista Asegurada - Gran Terraza - Estac + Bd,nunoa,departamento,venta,4400.0,179717076,64,72,,2,nombre_de_proyecto,https://portalinmobiliario.com/MLC-3727089202-espectacular-vista-asegurada-gran-terraza-estac-bd-_JM
BAJA,3859196454,Departamento Ñuñoa / Hannover,nunoa,departamento,venta,7800.0,318589362,96,100,3,2,titulo_corto_tipo_nombre,https://portalinmobiliario.com/MLC-3859196454-departamento-nunoa-hannover-_JM
BAJA,3991390082,Venta Depto Barrio Italia Nuñoa,nunoa,departamento,venta,3900.0,159294681,46,46,,2,nombre_de_proyecto,https://portalinmobiliario.com/MLC-3991390082-venta-depto-barrio-italia-nunoa-_JM
BAJA,3823459212,Condell/ Sucre C_756247,nunoa,departamento,venta,4500.0,183801555,55,60,2,2,titulo_corto_tipo_nombre,https://portalinmobiliario.com/MLC-3823459212-condell-sucre-c756247-_JM
BAJA,1870205675,Dos Dormitorios Dos Baños - Cercano Barrio Italia.,nunoa,departamento,venta,4990.0,203815502,60,69,,2,nombre_de_proyecto,https://portalinmobiliario.com/MLC-1870205675-dos-dormitorios-dos-banos-cercano-barrio-italia-_JM
BAJA,3997440350,"Moderno, A Pasos Metro, Sector Residencial",nunoa,departamento,venta,7799.0,318548517,100,110,,3,nombre_de_proyecto,https://portalinmobiliario.com/MLC-3997440350-moderno-a-pasos-metro-sector-residencial-_JM
BAJA,4179309190,Departamento Un Dormitorio Primer Piso Edificio Equipado,nunoa,departamento,venta,3900.0,159294681,40,50,,1,nombre_de_proyecto,https://portalinmobiliario.com/MLC-4179309190-departamento-un-dormitorio-primer-piso-edificio-equipado-_JM
BAJA,1859560937,Departamento En Venta En Plaza Egaña Ñuñoa,nunoa,departamento,venta,12490.0,510151427,122,293,,2,superficies_incoherentes,https://portalinmobiliario.com/MLC-1859560937-departamento-en-venta-en-plaza-egana-nunoa-_JM
BAJA,3873546462,¡¡ Inversionistas ¡¡  Venta Home Studio + Bodega Ñuñoa,nunoa,departamento,venta,1900.0,77605101,25,25,,1,nombre_de_proyecto,https://portalinmobiliario.com/MLC-3873546462--inversionistas-venta-home-studio-bodega-nunoa-_JM
BAJA,3763243366,Francisco De Villagra/ñuñoa,nunoa,departamento,venta,6980.0,285096634,83,90,,,titulo_corto_tipo_nombre,https://portalinmobiliario.com/MLC-3763243366-francisco-de-villagranunoa-_JM
BAJA,1844121945,Irarrazaval- Juan Moya,nunoa,departamento,venta,3182.78,130000000.0,36,36,,1,titulo_corto_tipo_nombre,https://portalinmobiliario.com/MLC-1844121945-irarrazaval-juan-moya-_JM
BAJA,3724871208,Excelente Ubicación,nunoa,departamento,venta,5000.0,204223950,70,72,,,titulo_corto_tipo_nombre,https://portalinmobiliario.com/MLC-3724871208-excelente-ubicacion-_JM
BAJA,3708450358,3d 2b Terrazas 1 Estac 1 Bodega - Metro Ñuñoa | Plaza Sucre,nunoa,departamento,venta,5990.0,244660292,77,84,,,nombre_de_proyecto,https://portalinmobiliario.com/MLC-3708450358-3d-2b-terrazas-1-estac-1-bodega-metro-nunoa-plaza-sucre-_JM
BAJA,3936686546,Venta Depto Nuevo 1d 1b Con Vista Despejada,nunoa,departamento,venta,2400.0,98027496,30,30,,1,nombre_de_proyecto,https://portalinmobiliario.com/MLC-3936686546-venta-depto-nuevo-1d-1b-con-vista-despejada-_JM
BAJA,1921738985,Departamento Ñuñoa/ Hamburgo,nunoa,departamento,venta,6000.0,245068740,64,76,,2,titulo_corto_tipo_nombre,https://portalinmobiliario.com/MLC-1921738985-departamento-nunoa-hamburgo-_JM
BAJA,3717618318,Lindo Loft Sector Plaza Ñuñoa Con Estacionamiento Y Bodega,nunoa,departamento,venta,4500.0,183801555,40,43,,1,nombre_de_proyecto,https://portalinmobiliario.com/MLC-3717618318-lindo-loft-sector-plaza-nunoa-con-estacionamiento-y-bodega-_JM
BAJA,1960293151,"Barrio Italia, Como Nuevo",nunoa,departamento,venta,4050.0,165421400,44,50,,1,nombre_de_proyecto,https://portalinmobiliario.com/MLC-1960293151-barrio-italia-como-nuevo-_JM
BAJA,3614496064,Acogedor Departamento Ubicado En Sector Parque Bustamante,nunoa,departamento,venta,3950.0,161336920,45,48,,2,nombre_de_proyecto,https://portalinmobiliario.com/MLC-3614496064-acogedor-departamento-ubicado-en-sector-parque-bustamante-_JM
BAJA,4105692102,3 Dorm + Home Office,nunoa,departamento,venta,6200.0,253237698,84,91,,2,nombre_de_proyecto,https://portalinmobiliario.com/MLC-4105692102-3-dorm-home-office-_JM
BAJA,3670609584,"A Pasos Metro, Amplio Y Moderno, Vista Despejada",nunoa,departamento,venta,7750.0,316547122,100,110,,3,nombre_de_proyecto,https://portalinmobiliario.com/MLC-3670609584-a-pasos-metro-amplio-y-moderno-vista-despejada-_JM
BAJA,1918910099,Venta Depto 2d2b Patio De 154m Metro Chileespaña Plaza Ñuñoa,nunoa,departamento,venta,5990.0,244660292,58,154,,2,nombre_de_proyecto | superficies_incoherentes,https://portalinmobiliario.com/MLC-1918910099-venta-depto-2d2b-patio-de-154m-metro-chileespana-plaza-nunoa-_JM
BAJA,3763930942,$125.000.000 Departamento Con 2d+1b  En Ñuñoa. Metro Plaza E,nunoa,departamento,venta,3060.37,125000000.0,43,46,,1,nombre_de_proyecto,https://portalinmobiliario.com/MLC-3763930942-125000000-departamento-con-2d1b-en-nunoa-metro-plaza-e-_JM
BAJA,1858370583,"Loft Duplex En Edificio Premiado Bienal Arquitectura, Ñuñoa",nunoa,departamento,venta,4550.0,185843794,45,45,,1,nombre_de_proyecto,https://portalinmobiliario.com/MLC-1858370583-loft-duplex-en-edificio-premiado-bienal-arquitectura-nunoa-_JM
BAJA,1926977105,Edificio Buen Nivel - 5 Pisos- 1 Dormitorio - Oriente,nunoa,departamento,venta,4600.0,187886034,46,55,1,1,nombre_de_proyecto,https://portalinmobiliario.com/MLC-1926977105-edificio-buen-nivel-5-pisos-1-dormitorio-oriente-_JM
BAJA,1963419455,"Dpto.como Nuevo, En Moderno Edificio. 3d/2b/1e1b",nunoa,departamento,venta,5500.0,224646345,70,76,,2,nombre_de_proyecto,https://portalinmobiliario.com/MLC-1963419455-dptocomo-nuevo-en-moderno-edificio-3d2b1e1b-_JM
BAJA,1963407125,Dpto Amplio/ Iluminado/a Pasos De Plaza Gmo Franke 3d/3b/2e,nunoa,departamento,venta,8700.0,355349673,111,117,,,nombre_de_proyecto,https://portalinmobiliario.com/MLC-1963407125-dpto-amplio-iluminadoa-pasos-de-plaza-gmo-franke-3d3b2e-_JM
BAJA,4078115404,Depto En Condominio -metro Grecia -se Reciben Ofertas!!!,nunoa,departamento,venta,2570.71,105000000.0,50,52,,,nombre_de_proyecto,https://portalinmobiliario.com/MLC-4078115404-depto-en-condominio-metro-grecia-se-reciben-ofertas-_JM
BAJA,1925355437,Lyon Con Irarrázaval,nunoa,departamento,venta,5723.0,233754733,110,112,,2,titulo_corto_tipo_nombre,https://portalinmobiliario.com/MLC-1925355437-lyon-con-irarrazaval-_JM
BAJA,4023484286,Av. Irarrazaval / Plaza Ñuñoa / Apto Renta Corta,nunoa,departamento,venta,4070.0,166238295,36,39,,1,nombre_de_proyecto,https://portalinmobiliario.com/MLC-4023484286-av-irarrazaval-plaza-nunoa-apto-renta-corta-_JM
BAJA,1990054233,Depto Ñuñoa En Venta 2d Y 1b Con 118 M² De Jardín Exclusivo,nunoa,departamento,venta,7759.0,316914726,51,182,,1,superficies_incoherentes,https://portalinmobiliario.com/MLC-1990054233-depto-nunoa-en-venta-2d-y-1b-con-118-m-de-jardin-exclusivo-_JM
BAJA,1990054219,Venta En Ñuñoa: Depto Nuevo Tipo Casa Con Jardín Privado.,nunoa,departamento,venta,7875.0,321652721,57,110,,2,superficies_incoherentes,https://portalinmobiliario.com/MLC-1990054219-venta-en-nunoa-depto-nuevo-tipo-casa-con-jardin-privado-_JM
BAJA,2013060015,Departamento Ñuñoa,nunoa,departamento,venta,2950.0,120492130,63,63,3,1,titulo_corto_tipo_nombre,https://portalinmobiliario.com/MLC-2013060015-departamento-nunoa-_JM
BAJA,1984825531,Vento Departamento Estilo Mariposa,nunoa,departamento,venta,6021.0,245926481,53,53,,2,titulo_corto_tipo_nombre,https://portalinmobiliario.com/MLC-1984825531-vento-departamento-estilo-mariposa-_JM
BAJA,4155683530,Departamento Semi Nuevo Nuñoa,nunoa,departamento,venta,3600.0,147041244,33,39,,1,titulo_corto_tipo_nombre,https://portalinmobiliario.com/MLC-4155683530-departamento-semi-nuevo-nunoa-_JM
BAJA,2006066145,95 M² En Barrio Italia | Espacios Que Destacan,nunoa,departamento,venta,6900.0,281829051,90,95,,2,nombre_de_proyecto,https://portalinmobiliario.com/MLC-2006066145-95-m-en-barrio-italia-espacios-que-destacan-_JM
BAJA,4089231550,"Depto Con Azotea Privada, Norte, Vista Despejada",nunoa,departamento,venta,8300.0,339011757,67,100,,,nombre_de_proyecto,https://portalinmobiliario.com/MLC-4089231550-depto-con-azotea-privada-norte-vista-despejada-_JM
BAJA,1983491507,Depto Con Excelentes Espacios,nunoa,departamento,venta,6500.0,265491135,80,90,,2,titulo_corto_tipo_nombre,https://portalinmobiliario.com/MLC-1983491507-depto-con-excelentes-espacios-_JM
BAJA,4118645560,Exclusivo Depto. Emplazado En Un Tranquilo Barrio Ñuñoa,nunoa,departamento,venta,4500.0,183801555,54,56,,2,nombre_de_proyecto,https://portalinmobiliario.com/MLC-4118645560-exclusivo-depto-emplazado-en-un-tranquilo-barrio-nunoa-_JM
BAJA,3912227466,Venta Departamento Emilia Tellez,nunoa,departamento,venta,4200.0,171548118,70,70,,1,titulo_corto_tipo_nombre,https://portalinmobiliario.com/MLC-3912227466-venta-departamento-emilia-tellez-_JM
BAJA,3584619240,Tobalaba C_421813,nunoa,departamento,venta,4400.0,179717076,37,42,1,1,titulo_corto_tipo_nombre,https://portalinmobiliario.com/MLC-3584619240-tobalaba-c421813-_JM
BAJA,1997640401,Departamento Buen Estado Cercano Plaza Egaña 41262,nunoa,departamento,venta,4290.0,175224149,67,72,,2,nombre_de_proyecto,https://portalinmobiliario.com/MLC-1997640401-departamento-buen-estado-cercano-plaza-egana-41262-_JM
BAJA,1927007089,3 Dormitorios + Home Office,nunoa,departamento,venta,6200.0,253237698,84,91,,2,nombre_de_proyecto,https://portalinmobiliario.com/MLC-1927007089-3-dormitorios-home-office-_JM
BAJA,1867719817,Bajo De Precio! Barrio Italia 2d+2b + Est+ Bod,nunoa,departamento,venta,4490.0,183393107,63,66,,,nombre_de_proyecto,https://portalinmobiliario.com/MLC-1867719817-bajo-de-precio-barrio-italia-2d2b-est-bod-_JM
BAJA,3946806984,Venta 2 Dorm Ñuñoa.,nunoa,departamento,venta,3100.0,126618849,47,50,,1,titulo_corto_tipo_nombre,https://portalinmobiliario.com/MLC-3946806984-venta-2-dorm-nunoa-_JM
BAJA,2076507689,En Avenida Ossa!!!,nunoa,departamento,venta,6490.0,265082687,82,90,,2,titulo_corto_tipo_nombre,https://portalinmobiliario.com/MLC-2076507689-en-avenida-ossa-_JM
BAJA,4212552900,En Barrio Parque Gorostiaga,nunoa,departamento,venta,5100.0,208308429,64,70,,2,nombre_de_proyecto,https://portalinmobiliario.com/MLC-4212552900-en-barrio-parque-gorostiaga-_JM
BAJA,2074135659,"Departamento En Pleno Barrio Plaza Ñuñoa, 3d Y 2b",nunoa,departamento,venta,5650.0,230773064,76,81,,2,nombre_de_proyecto,https://portalinmobiliario.com/MLC-2074135659-departamento-en-pleno-barrio-plaza-nunoa-3d-y-2b-_JM
BAJA,2073938415,Vista Despejada. Vista Norte. Metros Ñuñoa Y Chile España,nunoa,departamento,venta,5500.0,224646345,79,82,,2,nombre_de_proyecto,https://portalinmobiliario.com/MLC-2073938415-vista-despejada-vista-norte-metros-nunoa-y-chile-espana-_JM
BAJA,4210799816,Gran Vista / Campus Oriente Uc / 2d-2b,nunoa,departamento,venta,5590.0,228322376,60,85,,2,nombre_de_proyecto,https://portalinmobiliario.com/MLC-4210799816-gran-vista-campus-oriente-uc-2d-2b-_JM
BAJA,4221737386,Loft / Metro Irarrazabal (linea 3 Y 5) / Parque Bustamante,nunoa,departamento,venta,5200.0,212392908,60,64,,2,nombre_de_proyecto,https://portalinmobiliario.com/MLC-4221737386-loft-metro-irarrazabal-linea-3-y-5-parque-bustamante-_JM
BAJA,2079449355,Duplex 64m2 / Metro Irarrázaval / Barrio Italia / Piscina,nunoa,departamento,venta,5200.0,212392908,60,64,,,nombre_de_proyecto,https://portalinmobiliario.com/MLC-2079449355-duplex-64m2-metro-irarrazaval-barrio-italia-piscina-_JM
BAJA,4210799796,Departamento A 2 Cuadras De Providencia Con Vista Despejada,nunoa,departamento,venta,5590.0,228322376,60,85,,2,nombre_de_proyecto,https://portalinmobiliario.com/MLC-4210799796-departamento-a-2-cuadras-de-providencia-con-vista-despejada-_JM
BAJA,4239744884,Departamento Moderno Y Luminoso A Pasos De Plaza E...,nunoa,departamento,venta,9500.0,388025505,100,120,3,2,nombre_de_proyecto,https://portalinmobiliario.com/MLC-4239744884-departamento-moderno-y-luminoso-a-pasos-de-plaza-e-_JM
BAJA,4230664434,"2 D / 2 B + 1 E Y 1 B, Año 2019 Const Almagro (176790)",nunoa,departamento,venta,5290.0,216068939,58,63,,,inmobiliaria_en_titulo,https://portalinmobiliario.com/MLC-4230664434-2-d-2-b-1-e-y-1-b-ano-2019-const-almagro-176790-_JM
BAJA,4218752242,Metro Estación Plaza Egaña // Vista Despejada (171744),nunoa,departamento,venta,6990.0,285505082,123,134,,2,nombre_de_proyecto,https://portalinmobiliario.com/MLC-4218752242-metro-estacion-plaza-egana-vista-despejada-171744-_JM
BAJA,4211819156,Luminoso Departamento / 2 Terrazas/ Plaza Ñuñoa,nunoa,departamento,venta,6990.0,285505082,83,93,,,nombre_de_proyecto,https://portalinmobiliario.com/MLC-4211819156-luminoso-departamento-2-terrazas-plaza-nunoa-_JM
BAJA,4230654416,Departamento Plaza Ñuñoa 2d+2b (172195),nunoa,departamento,venta,5700.0,232815303,70,75,,,nombre_de_proyecto,https://portalinmobiliario.com/MLC-4230654416-departamento-plaza-nunoa-2d2b-172195-_JM
BAJA,4209725250,Depto Venta 3 Dorm 2 Estac Metro Plaza Egaña,nunoa,departamento,venta,6490.0,265082687,78,90,,,nombre_de_proyecto,https://portalinmobiliario.com/MLC-4209725250-depto-venta-3-dorm-2-estac-metro-plaza-egana-_JM
BAJA,4211504282,Depto 2d+2b / Portal Ñuñoa / A Pasos De Futura Línea 7,nunoa,departamento,venta,5199.0,212352063,55,62,,2,nombre_de_proyecto,https://portalinmobiliario.com/MLC-4211504282-depto-2d2b-portal-nunoa-a-pasos-de-futura-linea-7-_JM
BAJA,4230680438,Parque Interior - Barrio Parque Botanico (172241),nunoa,departamento,venta,6300.0,257322177,70,74,,2,nombre_de_proyecto,https://portalinmobiliario.com/MLC-4230680438-parque-interior-barrio-parque-botanico-172241-_JM
BAJA,4211502188,Barrio Italia / E + B / Bajos Ggcc / Inversión,nunoa,departamento,venta,3300.0,134787807,38,42,,1,nombre_de_proyecto,https://portalinmobiliario.com/MLC-4211502188-barrio-italia-e-b-bajos-ggcc-inversion-_JM
BAJA,4230658714,2 Dormitorios 1 Baño Estac Piso 17 Norte Vista Despejada,nunoa,departamento,venta,4290.0,175224149,50,50,,1,nombre_de_proyecto,https://portalinmobiliario.com/MLC-4230658714-2-dormitorios-1-bano-estac-piso-17-norte-vista-despejada-_JM
BAJA,4221737494,"Venta Departamento Ñuñoa, Sector Diego De Almagro",nunoa,departamento,venta,5490.0,224237897,58,58,,2,inmobiliaria_en_titulo,https://portalinmobiliario.com/MLC-4221737494-venta-departamento-nunoa-sector-diego-de-almagro-_JM
BAJA,4219657006,Venta Depto Ñuñoa 1d 1b 1bo 1est Con Patio,nunoa,departamento,venta,3500.0,142956765,37,68,,1,superficies_incoherentes,https://portalinmobiliario.com/MLC-4219657006-venta-depto-nunoa-1d-1b-1bo-1est-con-patio-_JM
BAJA,2079331407,Departamento 2d 2b Con Azotea Privada,nunoa,departamento,venta,9412.0,384431163,71,138,,,superficies_incoherentes,https://portalinmobiliario.com/MLC-2079331407-departamento-2d-2b-con-azotea-privada-_JM
BAJA,4225061002,Vive O Invierte En Uno De Los Proyectos Más Atractivos,nunoa,departamento,venta,3100.0,126618849,3,43,,1,superficies_incoherentes | m2_util_minimo_de_rango,https://portalinmobiliario.com/MLC-4225061002-vive-o-invierte-en-uno-de-los-proyectos-mas-atractivos-_JM
BAJA,4223492500,"Frente Al Mall Plaza Egaña, Ñuñoa",nunoa,departamento,venta,4000.0,163379160,39,46,,2,nombre_de_proyecto,https://portalinmobiliario.com/MLC-4223492500-frente-al-mall-plaza-egana-nunoa-_JM
BAJA,4217835214,"Dpto. 3d/2b Con Patio, Entrega Inmediata / Nuevo",nunoa,departamento,venta,10197.0,416494324,87,161,,2,superficies_incoherentes,https://portalinmobiliario.com/MLC-4217835214-dpto-3d2b-con-patio-entrega-inmediata-nuevo-_JM
BAJA,4211818692,Moderno/ Barrio Tranquilo/ M. Simón Bolivar/ Estr. Solitaria,nunoa,departamento,venta,6100.0,249153219,58,65,,2,nombre_de_proyecto,https://portalinmobiliario.com/MLC-4211818692-moderno-barrio-tranquilo-m-simon-bolivar-estr-solitaria-_JM
BAJA,4217835212,"Dpto.3d/2b Con Patio, Nuevo,  Entrega Inmediata",nunoa,departamento,venta,10247.0,418536563,87,165,,2,superficies_incoherentes,https://portalinmobiliario.com/MLC-4217835212-dpto3d2b-con-patio-nuevo-entrega-inmediata-_JM
BAJA,2087349517,Vendo Departamento Ñuñoa - Massespacios,nunoa,departamento,venta,5263.83,215000000.0,1,1,,2,m2_util_minimo_de_rango,https://portalinmobiliario.com/MLC-2087349517-vendo-departamento-nunoa-massespacios-_JM
BAJA,4239782176,"Para Vivir O Invertir En Ñuñoa, En Un Almagro (172698)",nunoa,departamento,venta,3397.0,138749752,33,35,,1,inmobiliaria_en_titulo,https://portalinmobiliario.com/MLC-4239782176-para-vivir-o-invertir-en-nunoa-en-un-almagro-172698-_JM
BAJA,4210790782,Proyecto Ñuñoa Entrega 2027,nunoa,departamento,venta,4269.0,174366409,29,33,,,titulo_corto_tipo_nombre,https://portalinmobiliario.com/MLC-4210790782-proyecto-nunoa-entrega-2027-_JM
BAJA,4235777846,"Conectividad, Entorno Y Personalidad.",nunoa,departamento,venta,4710.0,192378961,58,67,,2,titulo_corto_tipo_nombre,https://portalinmobiliario.com/MLC-4235777846-conectividad-entorno-y-personalidad-_JM
BAJA,4230660288,Excelente Departamento En Ñuñoa,nunoa,departamento,venta,3900.0,159294681,30,36,,1,titulo_corto_tipo_nombre,https://portalinmobiliario.com/MLC-4230660288-excelente-departamento-en-nunoa-_JM
BAJA,2074092243,Excelente Ubicación Barrio Residencial Metro Cercano,nunoa,departamento,venta,4200.0,171548118,60,60,,2,nombre_de_proyecto,https://portalinmobiliario.com/MLC-2074092243-excelente-ubicacion-barrio-residencial-metro-cercano-_JM
BAJA,2079752365,"A Pasos De Plaza Egaña, Con Estacionamiento Y Bodega",nunoa,departamento,venta,4000.0,163379160,40,46,,1,nombre_de_proyecto,https://portalinmobiliario.com/MLC-2079752365-a-pasos-de-plaza-egana-con-estacionamiento-y-bodega-_JM
BAJA,4217817804,Pedro Torres Condominio A Pasos Parque Botanico,nunoa,departamento,venta,5900.0,240984261,70,70,,,nombre_de_proyecto,https://portalinmobiliario.com/MLC-4217817804-pedro-torres-condominio-a-pasos-parque-botanico-_JM
BAJA,4211492090,"Lindo Depto, Disponibilidad Inmediata",nunoa,departamento,venta,5100.0,208308429,77,82,,,titulo_corto_tipo_nombre,https://portalinmobiliario.com/MLC-4211492090-lindo-depto-disponibilidad-inmediata-_JM
BAJA,4223751160,Dpto A Pasos De La Icónica Plaza Ñuñoa Y Centro Neurálgico,nunoa,departamento,venta,6100.0,249153219,89,89,,,nombre_de_proyecto,https://portalinmobiliario.com/MLC-4223751160-dpto-a-pasos-de-la-iconica-plaza-nunoa-y-centro-neuralgico-_JM
BAJA,2084520901,Gran Terraza Continua/estac&bodega/cercanía Portal Ñuñoa,nunoa,departamento,venta,4500.0,183801555,60,68,,2,nombre_de_proyecto,https://portalinmobiliario.com/MLC-2084520901-gran-terraza-continuaestacbodegacercania-portal-nunoa-_JM
BAJA,4213158012,Hermosa Vista Panorámica (74337),nunoa,departamento,venta,4550.0,185843794,52,58,,,nombre_de_proyecto,https://portalinmobiliario.com/MLC-4213158012-hermosa-vista-panoramica-74337-_JM
BAJA,2072646517,San Eugenio (orientación Norte),nunoa,departamento,venta,3200.0,130703328,33,33,,1,titulo_corto_tipo_nombre,https://portalinmobiliario.com/MLC-2072646517-san-eugenio-orientacion-norte-_JM
BAJA,4234292312,Excelente Ubicación (176879),nunoa,departamento,venta,5000.0,204223950,82,86,,,titulo_corto_tipo_nombre,https://portalinmobiliario.com/MLC-4234292312-excelente-ubicacion-176879-_JM
BAJA,4229150182,"Departamento Venta Ñuñoa 2d 2b 1e 1b, Barrio Los Talaveras",nunoa,departamento,venta,6100.0,249153219,72,82,,2,nombre_de_proyecto,https://portalinmobiliario.com/MLC-4229150182-departamento-venta-nunoa-2d-2b-1e-1b-barrio-los-talaveras-_JM
BAJA,2079670621,Precio Bajo Mercado (162860),nunoa,departamento,venta,2900.0,118449891,42,44,,,titulo_corto_tipo_nombre,https://portalinmobiliario.com/MLC-2079670621-precio-bajo-mercado-162860-_JM
BAJA,2072646535,Nuncio Laghi (pishttps://www.gardellapropiedades.cl/creao 6),nunoa,departamento,venta,5950.0,243026500,69,82,,,titulo_corto_tipo_nombre,https://portalinmobiliario.com/MLC-2072646535-nuncio-laghi-pishttpswwwgardellapropiedadesclcreao-6-_JM
BAJA,4211492056,Matta Oriente (piso 9),nunoa,departamento,venta,4900.0,200139471,61,64,,2,titulo_corto_tipo_nombre,https://portalinmobiliario.com/MLC-4211492056-matta-oriente-piso-9-_JM
BAJA,2072646539,Zañartu (piso 5),nunoa,departamento,venta,5100.0,208308429,70,72,,,titulo_corto_tipo_nombre,https://portalinmobiliario.com/MLC-2072646539-zanartu-piso-5-_JM
BAJA,4211492064,Los Alerces (piso 12),nunoa,departamento,venta,4500.0,183801555,64,68,,,titulo_corto_tipo_nombre,https://portalinmobiliario.com/MLC-4211492064-los-alerces-piso-12-_JM
BAJA,4212347450,Venta Moderno Depto Mariposa En Plaza Egaña 2d+2b  Estaci...,nunoa,departamento,venta,6080.0,248336323,64,64,,2,nombre_de_proyecto,https://portalinmobiliario.com/MLC-4212347450-venta-moderno-depto-mariposa-en-plaza-egana-2d2b-estaci-_JM
BAJA,4211492186,Zañartu (piso 11),nunoa,departamento,venta,3550.0,144999004,49,51,,,titulo_corto_tipo_nombre,https://portalinmobiliario.com/MLC-4211492186-zanartu-piso-11-_JM
BAJA,4218351496,Boulevard Plaza Ñuñoa (171799),nunoa,departamento,venta,4499.0,183760710,40,43,,1,nombre_de_proyecto,https://portalinmobiliario.com/MLC-4218351496-boulevard-plaza-nunoa-171799-_JM
BAJA,4210791110,Rengo,nunoa,departamento,venta,5900.0,240984261,66,76,,,titulo_corto_tipo_nombre,https://portalinmobiliario.com/MLC-4210791110-rengo-_JM
BAJA,4210790934,Tucapel (orientación Norte),nunoa,departamento,venta,3390.0,138463838,34,36,,1,titulo_corto_tipo_nombre,https://portalinmobiliario.com/MLC-4210790934-tucapel-orientacion-norte-_JM
BAJA,2084519289,Moderno/funcional/acogedor/conectividad,nunoa,departamento,venta,3399.0,138831441,36,37,,1,titulo_corto_tipo_nombre,https://portalinmobiliario.com/MLC-2084519289-modernofuncionalacogedorconectividad-_JM
BAJA,2072646485,Zañartu (piso 7),nunoa,departamento,venta,3690.0,150717275,52,52,,,titulo_corto_tipo_nombre,https://portalinmobiliario.com/MLC-2072646485-zanartu-piso-7-_JM
BAJA,4211492202,Francisco De Villagra,nunoa,departamento,venta,4690.0,191562065,54,60,,,titulo_corto_tipo_nombre,https://portalinmobiliario.com/MLC-4211492202-francisco-de-villagra-_JM
BAJA,2072646589,San Eugenio,nunoa,departamento,venta,5386.24,220000000.0,75,82,,,titulo_corto_tipo_nombre,https://portalinmobiliario.com/MLC-2072646589-san-eugenio-_JM
BAJA,4210790918,San Eugenio (piso 4),nunoa,departamento,venta,4500.0,183801555,67,87,,2,titulo_corto_tipo_nombre,https://portalinmobiliario.com/MLC-4210790918-san-eugenio-piso-4-_JM
BAJA,2072646451,Mujica (metro Irarrazaval),nunoa,departamento,venta,4400.0,179717076,53,53,,1,titulo_corto_tipo_nombre,https://portalinmobiliario.com/MLC-2072646451-mujica-metro-irarrazaval-_JM
BAJA,2084506903,"Departamento 3d-2b Estacionamiento Y Bodega, Plaza Ñuñoa.",nunoa,departamento,venta,4790.0,195646544,80,83,,2,nombre_de_proyecto,https://portalinmobiliario.com/MLC-2084506903-departamento-3d-2b-estacionamiento-y-bodega-plaza-nunoa-_JM
BAJA,4229752488,Homestudio Estacionamiento Y Bodega| Av. Irarrazaval 1989,nunoa,departamento,venta,3000.0,122534370,26,26,,,nombre_de_proyecto,https://portalinmobiliario.com/MLC-4229752488-homestudio-estacionamiento-y-bodega-av-irarrazaval-1989-_JM
BAJA,4219667058,Departamento Metro Irarrázabal,nunoa,departamento,venta,7900.0,322673841,130,135,,3,titulo_corto_tipo_nombre,https://portalinmobiliario.com/MLC-4219667058-departamento-metro-irarrazabal-_JM
BAJA,2082159043,Venta Departamento Ñuñoa,nunoa,departamento,venta,7999.0,326717475,104,111,,,titulo_corto_tipo_nombre,https://portalinmobiliario.com/MLC-2082159043-venta-departamento-nunoa-_JM
BAJA,4235673886,Ideal Inversionistas Dpto Arrendado A Pasos De Plaza Ñuñoa,nunoa,departamento,venta,4284.51,175000000.0,78,78,,,nombre_de_proyecto,https://portalinmobiliario.com/MLC-4235673886-ideal-inversionistas-dpto-arrendado-a-pasos-de-plaza-nunoa-_JM
BAJA,2072646511,Ottawa (2 Estacionamientos),nunoa,departamento,venta,8470.0,345955371,100,100,,,titulo_corto_tipo_nombre,https://portalinmobiliario.com/MLC-2072646511-ottawa-2-estacionamientos-_JM
BAJA,4230656828,"Ñuñoa, Luminoso Dpto 1d Plaza Egaña",nunoa,departamento,venta,3790.0,154801754,37,42,,1,nombre_de_proyecto,https://portalinmobiliario.com/MLC-4230656828-nunoa-luminoso-dpto-1d-plaza-egana-_JM
BAJA,4225152462,"Sucre, Condell, Nuevo",nunoa,departamento,venta,4400.0,179717076,47,52,,1,titulo_corto_tipo_nombre,https://portalinmobiliario.com/MLC-4225152462-sucre-condell-nuevo-_JM
BAJA,4235778052,Living Comedor (146649),nunoa,departamento,venta,3351.0,136870891,625,650,,2,titulo_corto_tipo_nombre,https://portalinmobiliario.com/MLC-4235778052-living-comedor-146649-_JM
BAJA,4210790948,Til Til (piso 4),nunoa,departamento,venta,3700.0,151125723,45,51,,1,titulo_corto_tipo_nombre,https://portalinmobiliario.com/MLC-4210790948-til-til-piso-4-_JM
BAJA,2081791159,"Irarrazaval, Bremen",nunoa,departamento,venta,4350.0,177674836,50,55,,1,titulo_corto_tipo_nombre,https://portalinmobiliario.com/MLC-2081791159-irarrazaval-bremen-_JM
BAJA,4241423878,Moderno Departamento Calle Itata,nunoa,departamento,venta,7000.0,285913530,90,82,,2,titulo_corto_tipo_nombre,https://portalinmobiliario.com/MLC-4241423878-moderno-departamento-calle-itata-_JM
BAJA,4210816772,All Ñuñoa Ii  (174157),nunoa,departamento,venta,3365.0,137442718,34,38,,1,titulo_corto_tipo_nombre,https://portalinmobiliario.com/MLC-4210816772-all-nunoa-ii-174157-_JM
BAJA,4210801528,Moderno Dpto En Ñuñoa!,nunoa,departamento,venta,4599.0,187845189,58,62,2,2,titulo_corto_tipo_nombre,https://portalinmobiliario.com/MLC-4210801528-moderno-dpto-en-nunoa-_JM
BAJA,4219656794,Comuna De Ñuñoa (125178),nunoa,departamento,venta,4710.0,192378961,58,67,,2,titulo_corto_tipo_nombre,https://portalinmobiliario.com/MLC-4219656794-comuna-de-nunoa-125178-_JM
BAJA,2076838523,Linda Vista Amplia Terraza 1d 1b 1es 1bod Barrio Italia,nunoa,departamento,venta,3490.0,142548317,35,45,,1,nombre_de_proyecto,https://portalinmobiliario.com/MLC-2076838523-linda-vista-amplia-terraza-1d-1b-1es-1bod-barrio-italia-_JM
BAJA,2076506839,Departamento En Ñuñoa,nunoa,departamento,venta,4039.0,164972107,41,,2,2,titulo_corto_tipo_nombre,https://portalinmobiliario.com/MLC-2076506839-departamento-en-nunoa-_JM
BAJA,2076506799,Departamento En Ñuñoa,nunoa,departamento,venta,7206.0,294327557,74,,2,2,titulo_corto_tipo_nombre,https://portalinmobiliario.com/MLC-2076506799-departamento-en-nunoa-_JM
BAJA,1960083921,Venta De Departamento Con Vista Despejada En Ñuñoa...,nunoa,departamento,venta,3135.0,128048417,45,54,2,1,nombre_de_proyecto,https://portalinmobiliario.com/MLC-1960083921-venta-de-departamento-con-vista-despejada-en-nunoa-_JM
BAJA,3873583654,"Studio Metro Ñuñoa, 2600uf, Piso 25, Amoblado",nunoa,departamento,venta,2600.0,106196454,21,23,1,1,m2_util_minimo_de_rango,https://portalinmobiliario.com/MLC-3873583654-studio-metro-nunoa-2600uf-piso-25-amoblado-_JM
BAJA,3919835424,Cómodo Departamento En Moderno Edificio (79418),nunoa,departamento,venta,5600.0,228730824,67,72,,2,nombre_de_proyecto,https://portalinmobiliario.com/MLC-3919835424-comodo-departamento-en-moderno-edificio-79418-_JM
BAJA,1914805583,Depto. Pza. Egaña 3d - 2b Vista Oriente,nunoa,departamento,venta,6800.0,277744572,75,81,,,nombre_de_proyecto,https://portalinmobiliario.com/MLC-1914805583-depto-pza-egana-3d-2b-vista-oriente-_JM
BAJA,3969970678,01. Francisco Villagra/ Plaza Egaña - 2dorm Modelo Mariposa,nunoa,departamento,venta,4850.0,198097232,54,60,,2,nombre_de_proyecto,https://portalinmobiliario.com/MLC-3969970678-01-francisco-villagra-plaza-egana-2dorm-modelo-mariposa-_JM
BAJA,1975366657,Ñuñoa - Estadio Nacional - Vista Despejada 3 Dormitorios,nunoa,departamento,venta,4300.0,175632597,72,76,,2,nombre_de_proyecto,https://portalinmobiliario.com/MLC-1975366657-nunoa-estadio-nacional-vista-despejada-3-dormitorios-_JM
BAJA,4146263904,Oportunidad Home-office Ñuñoa - Oportunidad Recupera El Iva,nunoa,departamento,venta,6590.0,269167166,74,148,,2,superficies_incoherentes,https://portalinmobiliario.com/MLC-4146263904-oportunidad-home-office-nunoa-oportunidad-recupera-el-iva-_JM
BAJA,3498013370,"Departamento 2 Dormitorios, Cercano Barrio Italia, Ñuñoa",nunoa,departamento,venta,6400.0,261406656,57,65,,2,nombre_de_proyecto,https://portalinmobiliario.com/MLC-3498013370-departamento-2-dormitorios-cercano-barrio-italia-nunoa-_JM
BAJA,1997636425,Hermoso Departamento Remodelado En Sector Residencial,nunoa,departamento,venta,4400.0,179717076,62,62,,,nombre_de_proyecto,https://portalinmobiliario.com/MLC-1997636425-hermoso-departamento-remodelado-en-sector-residencial-_JM
BAJA,1858476875,Amplio Depto Seminuevo 1d 1b. Plaza Egaña,nunoa,departamento,venta,3700.0,151125723,38,46,,1,nombre_de_proyecto,https://portalinmobiliario.com/MLC-1858476875-amplio-depto-seminuevo-1d-1b-plaza-egana-_JM
BAJA,3994607012,"Venta Departamento Con Vista A La Cordillera, Ñuño...",nunoa,departamento,venta,7980.0,325941424,85,87,3,2,nombre_de_proyecto,https://portalinmobiliario.com/MLC-3994607012-venta-departamento-con-vista-a-la-cordillera-nuno-_JM
BAJA,4045550092,Departamento Américo Vespucio,nunoa,departamento,venta,2800.0,114365412,70,70,3,1,titulo_corto_tipo_nombre,https://portalinmobiliario.com/MLC-4045550092-departamento-americo-vespucio-_JM
BAJA,4073477450,Depto. 2d 2b Con Patio - Parque Botánico,nunoa,departamento,venta,7600.0,310420404,77,91,,,nombre_de_proyecto,https://portalinmobiliario.com/MLC-4073477450-depto-2d-2b-con-patio-parque-botanico-_JM
BAJA,4155695422,Bello Departamento Con Hermosa Vista (2d / 2b),nunoa,departamento,venta,5990.0,244660292,62,78,,2,nombre_de_proyecto,https://portalinmobiliario.com/MLC-4155695422-bello-departamento-con-hermosa-vista-2d-2b-_JM
BAJA,1939504409,Amplio Depto. 2 Dormitorios / Vista Despejada,nunoa,departamento,venta,5500.0,224646345,65,69,,,nombre_de_proyecto,https://portalinmobiliario.com/MLC-1939504409-amplio-depto-2-dormitorios-vista-despejada-_JM
BAJA,1965968989,Depto. Nuevo 1d / Inmobiliaria Almagro.,nunoa,departamento,venta,3175.0,129682208,40,45,,1,inmobiliaria_en_titulo,https://portalinmobiliario.com/MLC-1965968989-depto-nuevo-1d-inmobiliaria-almagro-_JM
BAJA,3794365204,Inversión Inteligente: Casa Con Alto Potencial,nunoa,departamento,venta,6800.0,277744572,71,71,2,2,nombre_de_proyecto,https://portalinmobiliario.com/MLC-3794365204-inversion-inteligente-casa-con-alto-potencial-_JM
BAJA,1971494391,Venta Monseñor Eyzaguirre- Ñuñoa,nunoa,departamento,venta,6980.0,285096634,84,96,,,titulo_corto_tipo_nombre,https://portalinmobiliario.com/MLC-1971494391-venta-monsenor-eyzaguirre-nunoa-_JM
BAJA,3879992488,Irarrázabal Metro Villa Frei,nunoa,departamento,venta,3480.0,142139869,33,44,,1,titulo_corto_tipo_nombre,https://portalinmobiliario.com/MLC-3879992488-irarrazabal-metro-villa-frei-_JM
BAJA,1973917667,Lindo Y Moderno - Fantástico Condominio - 2d+2b+2est+bd,nunoa,departamento,venta,7390.0,301842998,73,79,,2,nombre_de_proyecto,https://portalinmobiliario.com/MLC-1973917667-lindo-y-moderno-fantastico-condominio-2d2b2estbd-_JM
BAJA,1968280899,Departamento En Ñuñoa,nunoa,departamento,venta,4371.0,178532577,60,62,,2,titulo_corto_tipo_nombre,https://portalinmobiliario.com/MLC-1968280899-departamento-en-nunoa-_JM
BAJA,3848286408,Espectacular. Sin Comisión,nunoa,departamento,venta,6000.0,245068740,42,53,2,2,titulo_corto_tipo_nombre,https://portalinmobiliario.com/MLC-3848286408-espectacular-sin-comision-_JM
BAJA,1960083049,Hermoso Departamento Con Vista Despejada En Ñuñoa.,nunoa,departamento,venta,5828.0,238043436,54,66,2,2,nombre_de_proyecto,https://portalinmobiliario.com/MLC-1960083049-hermoso-departamento-con-vista-despejada-en-nunoa-_JM
BAJA,1627626905,Dpto.1d Vista Despejada / Plaza Zañartu,nunoa,departamento,venta,2700.0,110280933,36,38,,1,nombre_de_proyecto,https://portalinmobiliario.com/MLC-1627626905-dpto1d-vista-despejada-plaza-zanartu-_JM
BAJA,3897425894,Amplio Departamento Un Dormitorio Plaza Egaña,nunoa,departamento,venta,4150.0,169505878,47,51,,1,nombre_de_proyecto,https://portalinmobiliario.com/MLC-3897425894-amplio-departamento-un-dormitorio-plaza-egana-_JM
BAJA,3848159036,Espectacular. Gran Terraza!,nunoa,departamento,venta,5983.0,244374379,35,78,1,1,titulo_corto_tipo_nombre | superficies_incoherentes,https://portalinmobiliario.com/MLC-3848159036-espectacular-gran-terraza-_JM
BAJA,3730142778,"Venta Departamento Mariposa, Ñuñoa",nunoa,departamento,venta,6000.0,245068740,55,62,,2,titulo_corto_tipo_nombre,https://portalinmobiliario.com/MLC-3730142778-venta-departamento-mariposa-nunoa-_JM
BAJA,4012896642,"Dpto Con Gran Patio, Quincho Y Subterraneo Multiuso",nunoa,departamento,venta,12490.0,510151427,122,237,,2,superficies_incoherentes,https://portalinmobiliario.com/MLC-4012896642-dpto-con-gran-patio-quincho-y-subterraneo-multiuso-_JM
BAJA,4097812314,Buena Distribución Y Vista Despejada,nunoa,departamento,venta,6950.0,283871290,85,91,3,2,nombre_de_proyecto,https://portalinmobiliario.com/MLC-4097812314-buena-distribucion-y-vista-despejada-_JM
BAJA,4169138678,"Excelente Barrio, Vista Despejada, Con Estac (175045)",nunoa,departamento,venta,4999.0,204183105,52,61,,,nombre_de_proyecto,https://portalinmobiliario.com/MLC-4169138678-excelente-barrio-vista-despejada-con-estac-175045-_JM
BAJA,4198196666,Plaza Ñuñoa; Dpto-3d-2bc-e-bodega.,nunoa,departamento,venta,6000.0,245068740,78,86,3,2,nombre_de_proyecto,https://portalinmobiliario.com/MLC-4198196666-plaza-nunoa-dpto-3d-2bc-e-bodega-_JM
BAJA,2062074745,Condominio Parque Aproveche Solo 1% Honorarios Corretaje,nunoa,departamento,venta,6950.0,283871290,140,140,,,nombre_de_proyecto,https://portalinmobiliario.com/MLC-2062074745-condominio-parque-aproveche-solo-1-honorarios-corretaje-_JM
BAJA,3991402458,"Brown Norte, Como Nuevo",nunoa,departamento,venta,4500.0,183801555,60,64,,2,titulo_corto_tipo_nombre,https://portalinmobiliario.com/MLC-3991402458-brown-norte-como-nuevo-_JM
BAJA,4101804390,Barrio Italia 3d+2b Con 2 Estacionamientos,nunoa,departamento,venta,6000.0,245068740,74,78,3,2,nombre_de_proyecto,https://portalinmobiliario.com/MLC-4101804390-barrio-italia-3d2b-con-2-estacionamientos-_JM
BAJA,1960134595,"Venta Departamento Con Vista Despejada En Zañartu,...",nunoa,departamento,venta,3762.0,153658100,59,64,,2,nombre_de_proyecto,https://portalinmobiliario.com/MLC-1960134595-venta-departamento-con-vista-despejada-en-zanartu-_JM
BAJA,4042627450,"Estupendo Depto Vista Despejada, A Pasos Metro M. Eyzaguirre",nunoa,departamento,venta,7000.0,285913530,85,93,,2,nombre_de_proyecto,https://portalinmobiliario.com/MLC-4042627450-estupendo-depto-vista-despejada-a-pasos-metro-m-eyzaguirre-_JM
BAJA,1941284161,Seminuevo Con Estacionamiento!!!,nunoa,departamento,venta,3350.0,136830046,34,36,,1,titulo_corto_tipo_nombre,https://portalinmobiliario.com/MLC-1941284161-seminuevo-con-estacionamiento-_JM
BAJA,2042148807,Vendo Amplio Departamento 2 Dor 2 Baños Con Patio 161 Mts2,nunoa,departamento,venta,9500.0,388025505,66,241,,,superficies_incoherentes,https://portalinmobiliario.com/MLC-2042148807-vendo-amplio-departamento-2-dor-2-banos-con-patio-161-mts2-_JM
BAJA,3941824616,Proyecto Edificio Own,nunoa,departamento,venta,5576.0,227750549,40,40,2,2,nombre_de_proyecto,https://portalinmobiliario.com/MLC-3941824616-proyecto-edificio-own-_JM
BAJA,4014332800,Moderno Departamento Con Patio Privado,nunoa,departamento,venta,12150.0,496264198,85,168,,,superficies_incoherentes,https://portalinmobiliario.com/MLC-4014332800-moderno-departamento-con-patio-privado-_JM
BAJA,2064055709,Duplex Barrio Italia / 3d-  3b / 87 Mts2,nunoa,departamento,venta,4990.0,203815502,87,87,,,nombre_de_proyecto,https://portalinmobiliario.com/MLC-2064055709-duplex-barrio-italia-3d-3b-87-mts2-_JM
BAJA,3608504284,Depto. 1 Dormitorio Barrio Italia-metro,nunoa,departamento,venta,3600.0,147041244,41,43,1,1,nombre_de_proyecto,https://portalinmobiliario.com/MLC-3608504284-depto-1-dormitorio-barrio-italia-metro-_JM
BAJA,2048428567,"Departamento Con La Mejor Vista En Ñuñoa, Orientacio Norte",nunoa,departamento,venta,4300.0,175632597,38,45,,1,nombre_de_proyecto,https://portalinmobiliario.com/MLC-2048428567-departamento-con-la-mejor-vista-en-nunoa-orientacio-norte-_JM
BAJA,2053122433,Vida Familiar Y Amplitud Junto A Plaza Ñuñoa,nunoa,departamento,venta,8000.0,326758320,90,105,3,2,nombre_de_proyecto,https://portalinmobiliario.com/MLC-2053122433-vida-familiar-y-amplitud-junto-a-plaza-nunoa-_JM
BAJA,1967413735,"Casi Nuevo Dpto Linda Vista ,2d Excelente Ubicacion  Ñuñoa",nunoa,departamento,venta,4990.0,203815502,61,67,,2,nombre_de_proyecto,https://portalinmobiliario.com/MLC-1967413735-casi-nuevo-dpto-linda-vista-2d-excelente-ubicacion-nunoa-_JM
BAJA,1960134591,"Venta Departamento Vista Despejada. Zañartu, Ñuñoa...",nunoa,departamento,venta,3828.0,156353856,59,67,,2,nombre_de_proyecto,https://portalinmobiliario.com/MLC-1960134591-venta-departamento-vista-despejada-zanartu-nunoa-_JM
BAJA,4155624132,Venta 3dorm-2bañ-1est-1bdg Vista Privilegiada Norte Sur Y Po,nunoa,departamento,venta,5800.0,236899782,89,89,,,nombre_de_proyecto,https://portalinmobiliario.com/MLC-4155624132-venta-3dorm-2ban-1est-1bdg-vista-privilegiada-norte-sur-y-po-_JM
BAJA,2027353947,2d+2b+bodega | Plaza Ñuñoa Y Metro Chile España,nunoa,departamento,venta,6120.73,250000000.0,67,78,,,nombre_de_proyecto,https://portalinmobiliario.com/MLC-2027353947-2d2bbodega-plaza-nunoa-y-metro-chile-espana-_JM
BAJA,4155488788,Mas Ñuñoa Imposible!!,nunoa,departamento,venta,5700.0,232815303,65,71,2,2,titulo_corto_tipo_nombre,https://portalinmobiliario.com/MLC-4155488788-mas-nunoa-imposible-_JM
BAJA,4201706342,Dr Johou - P,nunoa,departamento,venta,4200.0,171548118,62,66,,2,titulo_corto_tipo_nombre,https://portalinmobiliario.com/MLC-4201706342-dr-johou-p-_JM
BAJA,1920372829,Metro Ñuble,nunoa,departamento,venta,3390.0,138463838,34,34,,1,titulo_corto_tipo_nombre,https://portalinmobiliario.com/MLC-1920372829-metro-nuble-_JM
BAJA,4042076462,Dúplex Con Terraza Privada A Pasos De Plaza Ñuñoa,nunoa,departamento,venta,7900.0,322673841,64,102,,,nombre_de_proyecto,https://portalinmobiliario.com/MLC-4042076462-duplex-con-terraza-privada-a-pasos-de-plaza-nunoa-_JM
BAJA,4108767224,Departamento Remodelado 3d/2b En Ñuñoa Con Vista Despejada,nunoa,departamento,venta,6650.0,271617854,94,104,,2,nombre_de_proyecto,https://portalinmobiliario.com/MLC-4108767224-departamento-remodelado-3d2b-en-nunoa-con-vista-despejada-_JM
BAJA,4146272258,Cerca Del Metro (104550),nunoa,departamento,venta,8100.0,330842799,95,107,,2,titulo_corto_tipo_nombre,https://portalinmobiliario.com/MLC-4146272258-cerca-del-metro-104550-_JM
BAJA,4012877234,Precio Insuperable Con Jardín Sin Comisión,nunoa,departamento,venta,6596.0,269412235,51,182,2,1,superficies_incoherentes,https://portalinmobiliario.com/MLC-4012877234-precio-insuperable-con-jardin-sin-comision-_JM
BAJA,2053104291,Departamento 3d 2b Vista Despejada A Pasos Metro Ñuñoa,nunoa,departamento,venta,6500.0,265491135,80,90,,2,nombre_de_proyecto,https://portalinmobiliario.com/MLC-2053104291-departamento-3d-2b-vista-despejada-a-pasos-metro-nunoa-_JM
BAJA,2039823375,"Ñuñoa Premium,  Amoblado Y Vista Piso 15",nunoa,departamento,venta,7400.0,302251446,77,90,3,2,nombre_de_proyecto,https://portalinmobiliario.com/MLC-2039823375-nunoa-premium-amoblado-y-vista-piso-15-_JM
BAJA,4134828640,Tranquilo Y Conectado,nunoa,departamento,venta,5890.0,240575813,68,76,2,2,titulo_corto_tipo_nombre,https://portalinmobiliario.com/MLC-4134828640-tranquilo-y-conectado-_JM
BAJA,4045557386,1d +1b | Mujica| Barrio Italia | Metro Irarrazaval,nunoa,departamento,venta,3296.0,134624428,35,37,,1,nombre_de_proyecto,https://portalinmobiliario.com/MLC-4045557386-1d-1b-mujica-barrio-italia-metro-irarrazaval-_JM
BAJA,2069469335,Depto Venta 2d Inmobiliaria Almagro Plaza Egaña,nunoa,departamento,venta,5500.0,224646345,73,80,,,inmobiliaria_en_titulo | nombre_de_proyecto,https://portalinmobiliario.com/MLC-2069469335-depto-venta-2d-inmobiliaria-almagro-plaza-egana-_JM
BAJA,1918876093,Plaza Ñuñoa / Metro Chile España,nunoa,departamento,venta,4995.0,204019726,60,65,,2,nombre_de_proyecto,https://portalinmobiliario.com/MLC-1918876093-plaza-nunoa-metro-chile-espana-_JM
BAJA,4198498092,"Departamento Ñuñoa Metro, 2 Dormitorios Metro Plaza Egaña",nunoa,departamento,venta,4750.0,194012752,42,56,,1,nombre_de_proyecto,https://portalinmobiliario.com/MLC-4198498092-departamento-nunoa-metro-2-dormitorios-metro-plaza-egana-_JM
BAJA,4198325710,Venta Departamento Plaza Ñuñoa Con Estacionamiento,nunoa,departamento,venta,8499.0,347139870,89,100,,3,nombre_de_proyecto,https://portalinmobiliario.com/MLC-4198325710-venta-departamento-plaza-nunoa-con-estacionamiento-_JM
BAJA,1996332701,Av Irarrazaval/ Lo Encalada,nunoa,departamento,venta,3800.0,155210202,49,54,,2,titulo_corto_tipo_nombre,https://portalinmobiliario.com/MLC-1996332701-av-irarrazaval-lo-encalada-_JM
BAJA,4201711856,Depto Venta 4 Dorm 2estc Opc Amoblado Inmb Almagro,nunoa,departamento,venta,9075.0,370666469,113,125,,,inmobiliaria_en_titulo,https://portalinmobiliario.com/MLC-4201711856-depto-venta-4-dorm-2estc-opc-amoblado-inmb-almagro-_JM
BAJA,4089194348,1 Dormitorio Con Amplio Patio / Estacionamiento Y Bodega,nunoa,departamento,venta,5500.0,224646345,57,107,,1,superficies_incoherentes,https://portalinmobiliario.com/MLC-4089194348-1-dormitorio-con-amplio-patio-estacionamiento-y-bodega-_JM
BAJA,2066613667,"La Calidad De Almagro, En El Corazón De Ñuñoa (175840)",nunoa,departamento,venta,7900.0,322673841,94,103,,,inmobiliaria_en_titulo,https://portalinmobiliario.com/MLC-2066613667-la-calidad-de-almagro-en-el-corazon-de-nunoa-175840-_JM
BAJA,4182785414,"Departamento Venta 140 M2, 3 Dor+sala Tv+2 Estac+bode. Ñuñoa",nunoa,departamento,venta,11990.0,489729032,15,140,,,superficies_incoherentes | m2_util_minimo_de_rango,https://portalinmobiliario.com/MLC-4182785414-departamento-venta-140-m2-3-dorsala-tv2-estacbode-nunoa-_JM
BAJA,4101800216,Departamento En Venta De 2 Dorm. En Ñuñoa,nunoa,departamento,venta,9990.0,408039452,70,161,,,superficies_incoherentes,https://portalinmobiliario.com/MLC-4101800216-departamento-en-venta-de-2-dorm-en-nunoa-_JM
BAJA,4206499390,Depto Venta 3d2b 2021 Metro Plaza Egaña,nunoa,departamento,venta,5990.0,244660292,64,72,,,nombre_de_proyecto,https://portalinmobiliario.com/MLC-4206499390-depto-venta-3d2b-2021-metro-plaza-egana-_JM
BAJA,4077911954,Venta Depto. 2d 1b Ñuñoa Edificio Que Es Un Hotel 5 Estrella,nunoa,departamento,venta,4200.0,171548118,42,44,,1,nombre_de_proyecto,https://portalinmobiliario.com/MLC-4077911954-venta-depto-2d-1b-nunoa-edificio-que-es-un-hotel-5-estrella-_JM
BAJA,2039819223,2d+2b Con Estacionamiento | Vista Despejada,nunoa,departamento,venta,4590.0,187477586,54,65,,,nombre_de_proyecto,https://portalinmobiliario.com/MLC-2039819223-2d2b-con-estacionamiento-vista-despejada-_JM
BAJA,4198500370,Departamento Ñuñoa Metro Plaza Egaña Con  Estac Y Bodega,nunoa,departamento,venta,4250.0,173590358,35,41,,1,nombre_de_proyecto,https://portalinmobiliario.com/MLC-4198500370-departamento-nunoa-metro-plaza-egana-con-estac-y-bodega-_JM
BAJA,4161000840,Moderno Depto Con Vista Panorámica (169013),nunoa,departamento,venta,10500.0,428870295,106,127,,,nombre_de_proyecto,https://portalinmobiliario.com/MLC-4161000840-moderno-depto-con-vista-panoramica-169013-_JM
BAJA,4188419240,Diagonal Oriente/ Micalvi (71930),nunoa,departamento,venta,7450.0,304293686,95,102,,,titulo_corto_tipo_nombre,https://portalinmobiliario.com/MLC-4188419240-diagonal-oriente-micalvi-71930-_JM
BAJA,4202056252,Moderno Y Acogedor Con  Vista Al   Oriente  (173778),nunoa,departamento,venta,3550.02,145000000.0,35,38,,1,nombre_de_proyecto,https://portalinmobiliario.com/MLC-4202056252-moderno-y-acogedor-con-vista-al-oriente-173778-_JM
BAJA,4151735956,Inversion Moderno Mall Plaza Egaña (168500),nunoa,departamento,venta,5900.0,240984261,60,68,,,nombre_de_proyecto,https://portalinmobiliario.com/MLC-4151735956-inversion-moderno-mall-plaza-egana-168500-_JM
BAJA,4020444332,Espectacular Depto Ñuñoa 2dor+2baños. Edificio Full Equipado,nunoa,departamento,venta,3650.0,149083484,56,60,,,nombre_de_proyecto,https://portalinmobiliario.com/MLC-4020444332-espectacular-depto-nunoa-2dor2banos-edificio-full-equipado-_JM
BAJA,2071198777,Moderno Departamento Con Terraza Y Vista Urbana En...,nunoa,departamento,venta,3690.0,150717275,36,46,1,1,nombre_de_proyecto,https://portalinmobiliario.com/MLC-2071198777-moderno-departamento-con-terraza-y-vista-urbana-en-_JM
BAJA,2005990915,Venta Acogedor Departamento Con Vista Despejada Ju...,nunoa,departamento,venta,4400.0,179717076,48,50,1,1,nombre_de_proyecto,https://portalinmobiliario.com/MLC-2005990915-venta-acogedor-departamento-con-vista-despejada-ju-_JM
BAJA,2071209951,Departamentos Y Townhouses En Ñuñoa Desde Uf5699,nunoa,departamento,venta,5699.0,232774458,69,69,,,nombre_de_proyecto,https://portalinmobiliario.com/MLC-2071209951-departamentos-y-townhouses-en-nunoa-desde-uf5699-_JM
BAJA,4093494602,Increíble Departamento En Venta En Ñuñoa. ¡¡con Su...,nunoa,departamento,venta,9990.0,408039452,71,161,,3,superficies_incoherentes,https://portalinmobiliario.com/MLC-4093494602-increible-departamento-en-venta-en-nunoa-con-su-_JM
BAJA,4198196414,Venta Departamento Estadio Nacional,nunoa,departamento,venta,7850.0,320631602,81,92,,2,titulo_corto_tipo_nombre,https://portalinmobiliario.com/MLC-4198196414-venta-departamento-estadio-nacional-_JM
BAJA,1858812131,Ñuñoa/ Eduardo Castillo Velasco,nunoa,departamento,venta,4979.0,203366209,38,12,,1,titulo_corto_tipo_nombre,https://portalinmobiliario.com/MLC-1858812131-nunoa-eduardo-castillo-velasco-_JM
BAJA,2068828615,Plaza Ñuñoa! Tasa Del 2.4% Remodelado! Novacion Bancaria,nunoa,departamento,venta,6450.0,263448896,70,78,,,nombre_de_proyecto,https://portalinmobiliario.com/MLC-2068828615-plaza-nunoa-tasa-del-24-remodelado-novacion-bancaria-_JM
BAJA,1966109413,Venta De Maravilloso Departamento Con Azotea Priva...,nunoa,departamento,venta,10085.0,411919707,76,138,3,2,superficies_incoherentes,https://portalinmobiliario.com/MLC-1966109413-venta-de-maravilloso-departamento-con-azotea-priva-_JM
BAJA,2070936281,Departamento 3d2b En Ñuñoa Vista Despejada 110 M2,nunoa,departamento,venta,6290.0,256913729,89,110,,2,nombre_de_proyecto,https://portalinmobiliario.com/MLC-2070936281-departamento-3d2b-en-nunoa-vista-despejada-110-m2-_JM
BAJA,2039843501,Moderno Departamento En Ñuñoa,nunoa,departamento,venta,12500.0,510559875,113,125,,,titulo_corto_tipo_nombre,https://portalinmobiliario.com/MLC-2039843501-moderno-departamento-en-nunoa-_JM
BAJA,4045528938,Inversión En Renta Corta  Barrio Italia,nunoa,departamento,venta,3297.0,134665273,38,42,,,nombre_de_proyecto,https://portalinmobiliario.com/MLC-4045528938-inversion-en-renta-corta-barrio-italia-_JM
BAJA,4191870236,Barrio Italia / Jardin (164436),nunoa,departamento,venta,5500.0,224646345,58,83,,1,nombre_de_proyecto,https://portalinmobiliario.com/MLC-4191870236-barrio-italia-jardin-164436-_JM
BAJA,4173819408,Simon Bolivar/holanda/3dorm2bañ/estc.bod.pisc (77813),nunoa,departamento,venta,6500.0,265491135,85,89,,,titulo_corto_tipo_nombre,https://portalinmobiliario.com/MLC-4173819408-simon-bolivarholanda3dorm2banestcbodpisc-77813-_JM
BAJA,4174086838,Vista Despejada Oriente 2d Tipo Mariposa / Metro Irarrázaval,nunoa,departamento,venta,5410.0,220970314,54,64,,2,nombre_de_proyecto,https://portalinmobiliario.com/MLC-4174086838-vista-despejada-oriente-2d-tipo-mariposa-metro-irarrazaval-_JM
BAJA,2068816107,Tasa Del 2.4% Plaza Ñuñoa! Novacion Bancaria,nunoa,departamento,venta,6490.0,265082687,70,78,,,nombre_de_proyecto,https://portalinmobiliario.com/MLC-2068816107-tasa-del-24-plaza-nunoa-novacion-bancaria-_JM
BAJA,3842801452,Echeñique Eliecer Parada,nunoa,departamento,venta,8000.0,326758320,72,82,2,2,titulo_corto_tipo_nombre,https://portalinmobiliario.com/MLC-3842801452-echenique-eliecer-parada-_JM
BAJA,4182529486,Luminoso Y Amplio Con Vista Panorámica (175458),nunoa,departamento,venta,6700.0,273660093,82,97,,,nombre_de_proyecto,https://portalinmobiliario.com/MLC-4182529486-luminoso-y-amplio-con-vista-panoramica-175458-_JM
BAJA,4201732400,Vista Despejada - Frente Plaza Zañartu,nunoa,departamento,venta,3890.0,158886233,52,55,,2,nombre_de_proyecto,https://portalinmobiliario.com/MLC-4201732400-vista-despejada-frente-plaza-zanartu-_JM
BAJA,4209022052,Depto Venta 2 Dorm 2020 Plaza Ñuñoa,nunoa,departamento,venta,4050.0,165421400,53,56,,,nombre_de_proyecto,https://portalinmobiliario.com/MLC-4209022052-depto-venta-2-dorm-2020-plaza-nunoa-_JM
BAJA,2062111017,Depto En Moderno Edificio Sector Estadio Nacional En Ñuñoa,nunoa,departamento,venta,2650.0,108238694,33,37,,1,nombre_de_proyecto,https://portalinmobiliario.com/MLC-2062111017-depto-en-moderno-edificio-sector-estadio-nacional-en-nunoa-_JM
BAJA,2057127401,02- Amplio Despejada Vista Oriente 2dormitorios 2 Baños,nunoa,departamento,venta,6600.0,269575614,67,74,,2,nombre_de_proyecto,https://portalinmobiliario.com/MLC-2057127401-02-amplio-despejada-vista-oriente-2dormitorios-2-banos-_JM
BAJA,4111946634,Departamento 1d Vista Despejada Norte / Metro Irarrázaval,nunoa,departamento,venta,4200.0,171548118,40,44,,1,nombre_de_proyecto,https://portalinmobiliario.com/MLC-4111946634-departamento-1d-vista-despejada-norte-metro-irarrazaval-_JM
BAJA,2059582023,Depto 1d Con Estac. Vista Norte / Metro Irarrázaval,nunoa,departamento,venta,4200.0,171548118,40,44,,1,nombre_de_proyecto,https://portalinmobiliario.com/MLC-2059582023-depto-1d-con-estac-vista-norte-metro-irarrazaval-_JM
BAJA,3959107368,Departamento En Venta De 2 Dorm. En Ñuñoa,nunoa,departamento,venta,8468.0,345873682,63,119,,2,superficies_incoherentes,https://portalinmobiliario.com/MLC-3959107368-departamento-en-venta-de-2-dorm-en-nunoa-_JM
BAJA,2039853323,Vista Panorámica - Barrio Italia - Metro  Irarrázaval,nunoa,departamento,venta,3790.0,154801754,36,47,,1,nombre_de_proyecto,https://portalinmobiliario.com/MLC-2039853323-vista-panoramica-barrio-italia-metro-irarrazaval-_JM
BAJA,2039827691,1 Dormitorio (2 Ambientes) - Plaza Zañartu,nunoa,departamento,venta,2800.0,114365412,33,39,,1,nombre_de_proyecto,https://portalinmobiliario.com/MLC-2039827691-1-dormitorio-2-ambientes-plaza-zanartu-_JM
BAJA,2039834501,"Departamento Con Vista Despejada, Plaza Ñuñoa",nunoa,departamento,venta,5900.0,240984261,82,82,,2,nombre_de_proyecto,https://portalinmobiliario.com/MLC-2039834501-departamento-con-vista-despejada-plaza-nunoa-_JM
BAJA,4164771802,Moderno Departamento 1d/patio Y Cowork.,nunoa,departamento,venta,6236.0,254708110,46,87,,1,superficies_incoherentes,https://portalinmobiliario.com/MLC-4164771802-moderno-departamento-1dpatio-y-cowork-_JM
BAJA,2069551461,Venta Departamento En Ñuñoa,nunoa,departamento,venta,2450.0,100069736,31,33,,1,titulo_corto_tipo_nombre,https://portalinmobiliario.com/MLC-2069551461-venta-departamento-en-nunoa-_JM
BAJA,4164837796,Departamento En Venta De 2 Dorm. En Ñuñoa,nunoa,departamento,venta,6230.0,254463042,56,120,,2,superficies_incoherentes,https://portalinmobiliario.com/MLC-4164837796-departamento-en-venta-de-2-dorm-en-nunoa-_JM
BAJA,4164772528,"Departamento En Ñuñoa, Vista Privilegiada",nunoa,departamento,venta,6500.0,265491135,80,100,,2,nombre_de_proyecto,https://portalinmobiliario.com/MLC-4164772528-departamento-en-nunoa-vista-privilegiada-_JM
BAJA,4198495146,"Departamento En Irarrázaval, Ñuñoa",nunoa,departamento,venta,3550.02,145000000.0,40,40,,1,titulo_corto_tipo_nombre,https://portalinmobiliario.com/MLC-4198495146-departamento-en-irarrazaval-nunoa-_JM
BAJA,4201732460,Vista Despejada - Depto 1d 1b - Metro Estadio Nacional,nunoa,departamento,venta,2695.0,110076709,36,40,,1,nombre_de_proyecto,https://portalinmobiliario.com/MLC-4201732460-vista-despejada-depto-1d-1b-metro-estadio-nacional-_JM
BAJA,1945097119,"Echeñique / Hamburgo, Norte, Con Terraza 50m2 + Azotea 59m2",nunoa,departamento,venta,12900.0,526897791,136,249,,,superficies_incoherentes,https://portalinmobiliario.com/MLC-1945097119-echenique-hamburgo-norte-con-terraza-50m2-azotea-59m2-_JM
BAJA,4170354836,Vista Despejada Depto Estilo Mariposa / Los Alerces,nunoa,departamento,venta,4500.0,183801555,49,56,,2,nombre_de_proyecto,https://portalinmobiliario.com/MLC-4170354836-vista-despejada-depto-estilo-mariposa-los-alerces-_JM
BAJA,4170352146,Excelente Dpto. Con Azotea-metro Simón Bolívar,nunoa,departamento,venta,6208.0,253564456,39,85,,1,superficies_incoherentes,https://portalinmobiliario.com/MLC-4170352146-excelente-dpto-con-azotea-metro-simon-bolivar-_JM
BAJA,4201706978,Vista Despejada - 3 Cuadras Metro Ñuñoa,nunoa,departamento,venta,3890.0,158886233,34,35,,1,nombre_de_proyecto,https://portalinmobiliario.com/MLC-4201706978-vista-despejada-3-cuadras-metro-nunoa-_JM
BAJA,2011947537,Metro Irarrázaval / Seminario,nunoa,departamento,venta,4490.0,183393107,50,54,,2,titulo_corto_tipo_nombre,https://portalinmobiliario.com/MLC-2011947537-metro-irarrazaval-seminario-_JM
BAJA,1906702913,3d + 2 B | Diagonal Oriente | Metro Plaza Egaña |ñuñoa,nunoa,departamento,venta,6300.0,257322177,90,96,,2,nombre_de_proyecto,https://portalinmobiliario.com/MLC-1906702913-3d-2-b-diagonal-oriente-metro-plaza-egana-nunoa-_JM
BAJA,2009494541,Metro Irarrázaval,nunoa,departamento,venta,3300.0,134787807,33,36,1,1,titulo_corto_tipo_nombre,https://portalinmobiliario.com/MLC-2009494541-metro-irarrazaval-_JM
BAJA,2071205119,Venta Dpto 2d2b A 2 Cuadras Parque Botánico Ñuñoa,nunoa,departamento,venta,6840.0,279378364,71,74,,2,nombre_de_proyecto,https://portalinmobiliario.com/MLC-2071205119-venta-dpto-2d2b-a-2-cuadras-parque-botanico-nunoa-_JM
BAJA,4201715846,Metr Ñuñoa (73073),nunoa,departamento,venta,8983.0,366908749,72,82,,2,titulo_corto_tipo_nombre,https://portalinmobiliario.com/MLC-4201715846-metr-nunoa-73073-_JM
BAJA,4201746990,Departamento Primer Piso Para Inversion,nunoa,departamento,venta,4700.0,191970513,49,94,,2,superficies_incoherentes,https://portalinmobiliario.com/MLC-4201746990-departamento-primer-piso-para-inversion-_JM
BAJA,4155695778,Ricardo Lyon. Ñuñoa,nunoa,departamento,venta,8260.0,337377965,97,112,,,titulo_corto_tipo_nombre,https://portalinmobiliario.com/MLC-4155695778-ricardo-lyon-nunoa-_JM
BAJA,4201741662,Metro Ñuñoa (73071),nunoa,departamento,venta,8519.0,347956766,66,77,,2,titulo_corto_tipo_nombre,https://portalinmobiliario.com/MLC-4201741662-metro-nunoa-73071-_JM
BAJA,4198493122,Metro Ñuñoa (72708),nunoa,departamento,venta,11386.0,465058779,94,102,,2,titulo_corto_tipo_nombre,https://portalinmobiliario.com/MLC-4198493122-metro-nunoa-72708-_JM
BAJA,2071198785,Metro Ñuñia. (73469),nunoa,departamento,venta,10457.0,427113969,86,94,,2,titulo_corto_tipo_nombre,https://portalinmobiliario.com/MLC-2071198785-metro-nunia-73469-_JM
BAJA,2076413497,"Amplia Y Accesible, En Sector Residencial",nunoa,casa,arriendo,41.62,1700000.0,140,200,3,2,nombre_de_proyecto,https://portalinmobiliario.com/MLC-2076413497-amplia-y-accesible-en-sector-residencial-_JM
BAJA,2079755587,Casa Metro Los Orientales,nunoa,casa,arriendo,30.6,1250000.0,120,250,,2,titulo_corto_tipo_nombre,https://portalinmobiliario.com/MLC-2079755587-casa-metro-los-orientales-_JM
BAJA,2059585851,"Amplia Y Cómoda Casa, A Pasos Barrio Italia Y Metro Monseñor",nunoa,casa,arriendo,48.97,2000000.0,152,424,,2,nombre_de_proyecto,https://portalinmobiliario.com/MLC-2059585851-amplia-y-comoda-casa-a-pasos-barrio-italia-y-metro-monsenor-_JM
BAJA,4159980296,Casa Metro Monseñor Eyzaguirre,nunoa,casa,arriendo,48.0,1960550,152,424,,2,titulo_corto_tipo_nombre,https://portalinmobiliario.com/MLC-4159980296-casa-metro-monsenor-eyzaguirre-_JM
BAJA,4211817480,Casa Teniente Copton,nunoa,casa,arriendo,69.0,2818291,275,360,,,titulo_corto_tipo_nombre,https://portalinmobiliario.com/MLC-4211817480-casa-teniente-copton-_JM
BAJA,4126581300,Espectacular Casa En Ñuñoa,nunoa,casa,arriendo,122.41,5000000.0,480,1200,,,titulo_corto_tipo_nombre,https://portalinmobiliario.com/MLC-4126581300-espectacular-casa-en-nunoa-_JM
BAJA,2044094435,Espectacular Casa En Ñuñoa,nunoa,casa,arriendo,67.33,2750000.0,285,720,,3,titulo_corto_tipo_nombre,https://portalinmobiliario.com/MLC-2044094435-espectacular-casa-en-nunoa-_JM
BAJA,4093493900,Casa Con Patente Comercial Barrio Italia,nunoa,casa,arriendo,73.45,3000000.0,250,300,5,4,nombre_de_proyecto,https://portalinmobiliario.com/MLC-4093493900-casa-con-patente-comercial-barrio-italia-_JM
BAJA,4151687932,Gran Casona -  Barrio Italia,nunoa,casa,arriendo,41.62,1700000.0,300,357,,,nombre_de_proyecto,https://portalinmobiliario.com/MLC-4151687932-gran-casona-barrio-italia-_JM
BAJA,4170361958,Gran Casa  En Exclusivo Barrio Hernando De Aguirre 5 Dorm.,nunoa,casa,arriendo,42.85,1750000.0,185,350,,,nombre_de_proyecto,https://portalinmobiliario.com/MLC-4170361958-gran-casa-en-exclusivo-barrio-hernando-de-aguirre-5-dorm-_JM
BAJA,2041111415,"Casa Estilo Ley Pereira,remodelada",nunoa,casa,arriendo,40.0,1633792,95,150,,,titulo_corto_tipo_nombre,https://portalinmobiliario.com/MLC-2041111415-casa-estilo-ley-pereiraremodelada-_JM
BAJA,4111971120,Ubicada Corazón Comercial Ñuñoa,nunoa,casa,arriendo,40.4,1650000.0,145,240,,2,titulo_corto_tipo_nombre,https://portalinmobiliario.com/MLC-4111971120-ubicada-corazon-comercial-nunoa-_JM
BAJA,4084968464,Casa Familiar En Condominio Con Acceso Controlado 24/7,nunoa,casa,arriendo,30.0,1225344,93,120,,,nombre_de_proyecto,https://portalinmobiliario.com/MLC-4084968464-casa-familiar-en-condominio-con-acceso-controlado-247-_JM
BAJA,4102138680,Holanda / Simón Bolívar,nunoa,casa,arriendo,31.83,1300000.0,110,145,,3,titulo_corto_tipo_nombre,https://portalinmobiliario.com/MLC-4102138680-holanda-simon-bolivar-_JM
BAJA,4128487746,Gran Propiedad Comercial.,nunoa,casa,arriendo,165.0,6739390,330,910,,,titulo_corto_tipo_nombre,https://portalinmobiliario.com/MLC-4128487746-gran-propiedad-comercial-_JM
BAJA,1557822997,Vista Parque,nunoa,departamento,arriendo,9.87,403000.0,31,33,1,1,nombre_de_proyecto,https://portalinmobiliario.com/MLC-1557822997-vista-parque-_JM
BAJA,3455337072,Guillermo Mann,nunoa,departamento,arriendo,9.82,401000.0,32,35,1,1,titulo_corto_tipo_nombre,https://portalinmobiliario.com/MLC-3455337072-guillermo-mann-_JM
BAJA,1487403349,Exequiel Fernández 2000,nunoa,departamento,arriendo,10.48,428000.0,33,33,1,1,titulo_corto_tipo_nombre,https://portalinmobiliario.com/MLC-1487403349-exequiel-fernandez-2000-_JM
BAJA,2670026272,Zañartu Capital,nunoa,departamento,arriendo,10.11,413000.0,31,36,1,1,titulo_corto_tipo_nombre,https://portalinmobiliario.com/MLC-2670026272-zanartu-capital-_JM
BAJA,2077994314,Insitu Irarrázaval,nunoa,departamento,arriendo,13.51,551936.0,23,28,0,1,titulo_corto_tipo_nombre,https://portalinmobiliario.com/MLC-2077994314-insitu-irarrazaval-_JM
BAJA,4213385692,Moderno En Inmejorable Ubicación,nunoa,departamento,arriendo,19.59,800000.0,66,72,,2,titulo_corto_tipo_nombre,https://portalinmobiliario.com/MLC-4213385692-moderno-en-inmejorable-ubicacion-_JM
BAJA,4161006844,"Luminoso, A Pasos De Barrio Italia",nunoa,departamento,arriendo,17.14,700000.0,52,59,2,1,nombre_de_proyecto,https://portalinmobiliario.com/MLC-4161006844-luminoso-a-pasos-de-barrio-italia-_JM
BAJA,2074075425,"Metro Irarrazabal, 1d1b, Santiago",nunoa,departamento,arriendo,9.79,400000.0,36,38,,1,titulo_corto_tipo_nombre,https://portalinmobiliario.com/MLC-2074075425-metro-irarrazabal-1d1b-santiago-_JM
BAJA,2037563453,Edificio Av. Vicuña Mackenna Vista Surponiente Piso 7,nunoa,departamento,arriendo,18.36,750000.0,54,58,2,2,nombre_de_proyecto,https://portalinmobiliario.com/MLC-2037563453-edificio-av-vicuna-mackenna-vista-surponiente-piso-7-_JM
BAJA,2053546311,Sucre Departamento Arriendo - Estudio. Excelente Ubicación,nunoa,departamento,arriendo,10.41,425000.0,20,20,1,1,m2_util_minimo_de_rango,https://portalinmobiliario.com/MLC-2053546311-sucre-departamento-arriendo-estudio-excelente-ubicacion-_JM
BAJA,2037563245,Edificio Suecia (1 Est. 1 Bod.) Vista Sur Piso 5,nunoa,departamento,arriendo,26.93,1100000.0,57,62,2,2,nombre_de_proyecto,https://portalinmobiliario.com/MLC-2037563245-edificio-suecia-1-est-1-bod-vista-sur-piso-5-_JM
BAJA,4142591416,Edificio Zañartu Vista Poniente Piso 2,nunoa,departamento,arriendo,11.51,470000.0,48,51,2,2,nombre_de_proyecto,https://portalinmobiliario.com/MLC-4142591416-edificio-zanartu-vista-poniente-piso-2-_JM
BAJA,4118658574,"1d1b Edificio Seminario, Cerca Del Metro Irarrazabal",nunoa,departamento,arriendo,11.51,470000.0,31,33,1,1,nombre_de_proyecto,https://portalinmobiliario.com/MLC-4118658574-1d1b-edificio-seminario-cerca-del-metro-irarrazabal-_JM
BAJA,2037487911,Edificio Francisco Meneses (1 Est. 1 Bod.) Vista Sur Piso 1,nunoa,departamento,arriendo,11.51,470000.0,38,43,1,1,nombre_de_proyecto,https://portalinmobiliario.com/MLC-2037487911-edificio-francisco-meneses-1-est-1-bod-vista-sur-piso-1-_JM
BAJA,2037593207,Edificio Av. Rodrigo De Araya Vista Sur Piso 5,nunoa,departamento,arriendo,13.71,560000.0,49,54,2,2,nombre_de_proyecto,https://portalinmobiliario.com/MLC-2037593207-edificio-av-rodrigo-de-araya-vista-sur-piso-5-_JM
BAJA,2037487367,Edificio Zañartu Vista Norte Piso 2,nunoa,departamento,arriendo,9.06,370000.0,27,34,0,1,nombre_de_proyecto,https://portalinmobiliario.com/MLC-2037487367-edificio-zanartu-vista-norte-piso-2-_JM
BAJA,2037606165,Edificio Zañartu Vista Norte Piso 2,nunoa,departamento,arriendo,8.94,365000.0,27,34,0,1,nombre_de_proyecto,https://portalinmobiliario.com/MLC-2037606165-edificio-zanartu-vista-norte-piso-2-_JM
BAJA,2037606347,Edificio Francisco De Paula Vista Norte Piso 7,nunoa,departamento,arriendo,13.22,540000.0,48,52,2,2,nombre_de_proyecto,https://portalinmobiliario.com/MLC-2037606347-edificio-francisco-de-paula-vista-norte-piso-7-_JM
BAJA,2037562989,Edificio Francisco De Paula Vista Sur Piso 8,nunoa,departamento,arriendo,12.24,500000.0,48,52,2,2,nombre_de_proyecto,https://portalinmobiliario.com/MLC-2037562989-edificio-francisco-de-paula-vista-sur-piso-8-_JM
BAJA,2037606763,Edificio Zañartu Vista Sur Piso 2,nunoa,departamento,arriendo,12.0,490000.0,58,60,2,2,nombre_de_proyecto,https://portalinmobiliario.com/MLC-2037606763-edificio-zanartu-vista-sur-piso-2-_JM
BAJA,4241424894,Se Arrienda Lindo Depto Home Studio 1d+1b+1bodega Ñuñoa,nunoa,departamento,arriendo,9.18,375000.0,20,20,,1,m2_util_minimo_de_rango,https://portalinmobiliario.com/MLC-4241424894-se-arrienda-lindo-depto-home-studio-1d1b1bodega-nunoa-_JM
BAJA,4191864980,Metro Estadio Nacional Depto. Mariposa Con  Bodega Vista Nor,nunoa,departamento,arriendo,14.2,580000.0,52,55,2,2,nombre_de_proyecto,https://portalinmobiliario.com/MLC-4191864980-metro-estadio-nacional-depto-mariposa-con-bodega-vista-nor-_JM
BAJA,4037185590,Lindo Y Agradable Departamento,nunoa,departamento,arriendo,13.17,538000.0,42,49,,1,titulo_corto_tipo_nombre,https://portalinmobiliario.com/MLC-4037185590-lindo-y-agradable-departamento-_JM
BAJA,4174090934,"Excelente Departamento, Ñuñoa, Conectividad",nunoa,departamento,arriendo,10.28,420000.0,34,38,,1,titulo_corto_tipo_nombre,https://portalinmobiliario.com/MLC-4174090934-excelente-departamento-nunoa-conectividad-_JM
BAJA,2041078411,Habitacion Ñuñoa.indpendiente.wc Privado.seguridad Absoluta.,nunoa,departamento,arriendo,7.1,290000.0,12,12,1,1,titulo_corto_tipo_nombre | m2_util_minimo_de_rango,https://portalinmobiliario.com/MLC-2041078411-habitacion-nunoaindpendientewc-privadoseguridad-absoluta-_JM
BAJA,4234127002,Home - Studio  | Piso 20 | Ggcc $41.000 | Metro Ñuble,nunoa,departamento,arriendo,7.96,325000.0,25,25,1,1,nombre_de_proyecto,https://portalinmobiliario.com/MLC-4234127002-home-studio-piso-20-ggcc-41000-metro-nuble-_JM
BAJA,2076883179,Depto Amoblado Mall Plaza Egaña - Valor Incluye Ggcc,nunoa,departamento,arriendo,24.48,1000000.0,65,65,1,1,nombre_de_proyecto,https://portalinmobiliario.com/MLC-2076883179-depto-amoblado-mall-plaza-egana-valor-incluye-ggcc-_JM
BAJA,4179310948,"Excelente, Cómodo, Amplio 2d-1b Barrio Italia.",nunoa,departamento,arriendo,4750.0,194012752,60,60,,1,nombre_de_proyecto,https://portalinmobiliario.com/MLC-4179310948-excelente-comodo-amplio-2d-1b-barrio-italia-_JM
BAJA,4230655836,Metro Monseñor Eyzaguirre,nunoa,departamento,arriendo,17.87,730000.0,64,67,,2,titulo_corto_tipo_nombre,https://portalinmobiliario.com/MLC-4230655836-metro-monsenor-eyzaguirre-_JM
BAJA,2084447271,Cómodo Depto Recién Remodelado,nunoa,departamento,arriendo,23.26,950000.0,78,82,,2,titulo_corto_tipo_nombre,https://portalinmobiliario.com/MLC-2084447271-comodo-depto-recien-remodelado-_JM
BAJA,4229316526,Home Studio | Piso 20 | Bodega | Ggcc $41.000 | Metro Ñuble,nunoa,departamento,arriendo,8.23,336000.0,25,25,1,1,nombre_de_proyecto,https://portalinmobiliario.com/MLC-4229316526-home-studio-piso-20-bodega-ggcc-41000-metro-nuble-_JM
BAJA,4176384386,"Año 2022, Vista Despejada. Metro R. De Araya. San Joaquin.",nunoa,departamento,arriendo,11.63,475000.0,35,40,,1,nombre_de_proyecto,https://portalinmobiliario.com/MLC-4176384386-ano-2022-vista-despejada-metro-r-de-araya-san-joaquin-_JM
BAJA,4219659656,Espectacular Departamento Moderno A Pasos De Barrio Italia,nunoa,departamento,arriendo,14.69,600000.0,38,43,,1,nombre_de_proyecto,https://portalinmobiliario.com/MLC-4219659656-espectacular-departamento-moderno-a-pasos-de-barrio-italia-_JM
BAJA,2004377081,Plaza Ñuñoa C_423803,nunoa,departamento,arriendo,33.05,1350000.0,91,110,3,3,nombre_de_proyecto,https://portalinmobiliario.com/MLC-2004377081-plaza-nunoa-c423803-_JM
BAJA,4223659776,Cómodo Departamento En Barrio Residencial De Ñuñoa,nunoa,departamento,arriendo,13.47,550000.0,51,61,,2,nombre_de_proyecto,https://portalinmobiliario.com/MLC-4223659776-comodo-departamento-en-barrio-residencial-de-nunoa-_JM
BAJA,4238306526,Excelente Depto 1d - 1b Estacionamiento,nunoa,departamento,arriendo,13.47,550000.0,3,50,,1,superficies_incoherentes | m2_util_minimo_de_rango,https://portalinmobiliario.com/MLC-4238306526-excelente-depto-1d-1b-estacionamiento-_JM
BAJA,2079122523,Metro Plaza Egaña. Cercano Mall Plaza Egaña. Amoblado Cod507,nunoa,departamento,arriendo,30.6,1250000.0,99,110,,,nombre_de_proyecto,https://portalinmobiliario.com/MLC-2079122523-metro-plaza-egana-cercano-mall-plaza-egana-amoblado-cod507-_JM
BAJA,2046348477,Moderno Departamento 1dorm,nunoa,departamento,arriendo,10.0,408448,36,41,,1,titulo_corto_tipo_nombre,https://portalinmobiliario.com/MLC-2046348477-moderno-departamento-1dorm-_JM
BAJA,2046348625,Departamento Nuevo En Vespucio A Pasos De Mall Plaza Egaña,nunoa,departamento,arriendo,14.69,600000.0,39,43,,1,nombre_de_proyecto,https://portalinmobiliario.com/MLC-2046348625-departamento-nuevo-en-vespucio-a-pasos-de-mall-plaza-egana-_JM
BAJA,4223648896,Metro  Chile España,nunoa,departamento,arriendo,13.0,530982,37,41,,1,titulo_corto_tipo_nombre,https://portalinmobiliario.com/MLC-4223648896-metro-chile-espana-_JM
BAJA,2037765907,Depto 1d/1b | A Pasos Metro Y Barrio Italia/ Estacionamiento,nunoa,departamento,arriendo,14.44,590000.0,38,40,,1,nombre_de_proyecto,https://portalinmobiliario.com/MLC-2037765907-depto-1d1b-a-pasos-metro-y-barrio-italia-estacionamiento-_JM
BAJA,4179341762,"Dúplex Con Quincho Y Parrila, Metro Plaza Egaña",nunoa,departamento,arriendo,23.0,939430,65,101,,,nombre_de_proyecto,https://portalinmobiliario.com/MLC-4179341762-duplex-con-quincho-y-parrila-metro-plaza-egana-_JM
BAJA,2066614051,Vista Despejada Depto 1d + Est. +bod. _ Rodrigo De Araya L05,nunoa,departamento,arriendo,10.53,430000.0,40,40,,1,nombre_de_proyecto,https://portalinmobiliario.com/MLC-2066614051-vista-despejada-depto-1d-est-bod-rodrigo-de-araya-l05-_JM
BAJA,4063921226,Moderno Studio Almagro | A Pasos Del Metro Piscina En Azotea,nunoa,departamento,arriendo,10.0,408448,25,25,,1,inmobiliaria_en_titulo,https://portalinmobiliario.com/MLC-4063921226-moderno-studio-almagro-a-pasos-del-metro-piscina-en-azotea-_JM
BAJA,2044099487,"Depto 1d En Suite A Pasos Del Barrio Italia, Piso 10",nunoa,departamento,arriendo,13.47,550000.0,30,30,,1,nombre_de_proyecto,https://portalinmobiliario.com/MLC-2044099487-depto-1d-en-suite-a-pasos-del-barrio-italia-piso-10-_JM
BAJA,2042168119,A Pasos De Metro Ñuble Y Frente Al Parque Dpto 2 Dormitorios,nunoa,departamento,arriendo,12.73,520000.0,60,60,,,nombre_de_proyecto,https://portalinmobiliario.com/MLC-2042168119-a-pasos-de-metro-nuble-y-frente-al-parque-dpto-2-dormitorios-_JM
BAJA,2049091721,"Hermosa Vista A La Cordillera En Todo El Depto, 3d Y 2b, Est",nunoa,departamento,arriendo,21.79,890000.0,72,82,,,nombre_de_proyecto,https://portalinmobiliario.com/MLC-2049091721-hermosa-vista-a-la-cordillera-en-todo-el-depto-3d-y-2b-est-_JM
BAJA,4112341556,Amoblado Estupendo Metro Ñuñoa,nunoa,departamento,arriendo,14.2,580000.0,45,50,,1,titulo_corto_tipo_nombre,https://portalinmobiliario.com/MLC-4112341556-amoblado-estupendo-metro-nunoa-_JM
BAJA,3927243094,Departamento En Arriendo Tipo Estudio En Ñuñoa Con Bodega,nunoa,departamento,arriendo,8.0,326758,21,23,,1,m2_util_minimo_de_rango,https://portalinmobiliario.com/MLC-3927243094-departamento-en-arriendo-tipo-estudio-en-nunoa-con-bodega-_JM
BAJA,4225846330,Espectacular Departamento Amoblado Cerca De Plaza Ñuñoa,nunoa,departamento,arriendo,27.0,1102809,80,80,,1,nombre_de_proyecto,https://portalinmobiliario.com/MLC-4225846330-espectacular-departamento-amoblado-cerca-de-plaza-nunoa-_JM
BAJA,4225849646,Espectacular Depto Con Vista Despejada Al Oriente 1d+1b+1e+1,nunoa,departamento,arriendo,14.57,595000.0,36,44,,1,nombre_de_proyecto,https://portalinmobiliario.com/MLC-4225849646-espectacular-depto-con-vista-despejada-al-oriente-1d1b1e1-_JM
BAJA,2087351737,880.000 Dpto Amoblado 2d1b Plaza Ñuñoa Estac Y Bodega Ñuñoa,nunoa,departamento,arriendo,21.54,880000.0,47,51,,,nombre_de_proyecto,https://portalinmobiliario.com/MLC-2087351737-880000-dpto-amoblado-2d1b-plaza-nunoa-estac-y-bodega-nunoa-_JM
BAJA,2087345261,Vista Despejada Norte Nuevo Guillermo Mann (166004),nunoa,departamento,arriendo,10.53,430000.0,34,38,,,nombre_de_proyecto,https://portalinmobiliario.com/MLC-2087345261-vista-despejada-norte-nuevo-guillermo-mann-166004-_JM
BAJA,4235154542,1 (172310),nunoa,departamento,arriendo,14.69,600000.0,40,42,,1,titulo_corto_tipo_nombre,https://portalinmobiliario.com/MLC-4235154542-1-172310-_JM
BAJA,4230797738,. (176773),nunoa,departamento,arriendo,15.91,650000.0,40,45,,1,titulo_corto_tipo_nombre,https://portalinmobiliario.com/MLC-4230797738--176773-_JM
BAJA,4223756406,"Depto Amplio, Moderno, Con Estacionamiento, Edificio Step",nunoa,departamento,arriendo,13.71,560000.0,38,38,,1,nombre_de_proyecto,https://portalinmobiliario.com/MLC-4223756406-depto-amplio-moderno-con-estacionamiento-edificio-step-_JM
BAJA,3893374382,Excelente Vista - Barrio Italia,nunoa,departamento,arriendo,15.18,620000.0,50,50,,1,nombre_de_proyecto,https://portalinmobiliario.com/MLC-3893374382-excelente-vista-barrio-italia-_JM
BAJA,2005999529,Home Estudio. Ñuñoa. Barrio Zañartu. Calle Los Avellanos,nunoa,departamento,arriendo,9.21,376000.0,28,31,,1,nombre_de_proyecto,https://portalinmobiliario.com/MLC-2005999529-home-estudio-nunoa-barrio-zanartu-calle-los-avellanos-_JM
BAJA,2045838309,Moderno Departamento Con Vista Privilegiada En Ñuñ...,nunoa,departamento,arriendo,14.0,571827,52,52,2,1,nombre_de_proyecto,https://portalinmobiliario.com/MLC-2045838309-moderno-departamento-con-vista-privilegiada-en-nun-_JM
BAJA,4160978906,Acogedor Departamento.cbg,nunoa,departamento,arriendo,15.91,650000.0,40,40,,1,titulo_corto_tipo_nombre,https://portalinmobiliario.com/MLC-4160978906-acogedor-departamentocbg-_JM
BAJA,4201744206,Av Campo De Deportes,nunoa,departamento,arriendo,15.91,650000.0,30,35,1,1,titulo_corto_tipo_nombre,https://portalinmobiliario.com/MLC-4201744206-av-campo-de-deportes-_JM
BAJA,2048420877,Amplio Y Acogedor (169262),nunoa,departamento,arriendo,14.69,600000.0,50,50,,,titulo_corto_tipo_nombre,https://portalinmobiliario.com/MLC-2048420877-amplio-y-acogedor-169262-_JM
BAJA,2018362803,Excelente Depto 1 Dormitorio,nunoa,departamento,arriendo,9.3,380000.0,36,40,,1,titulo_corto_tipo_nombre,https://portalinmobiliario.com/MLC-2018362803-excelente-depto-1-dormitorio-_JM
BAJA,4188417984,Metro Rodrigo De Araya,nunoa,departamento,arriendo,13.47,550000.0,45,48,,,titulo_corto_tipo_nombre,https://portalinmobiliario.com/MLC-4188417984-metro-rodrigo-de-araya-_JM
BAJA,2053531803,Acogedor Departamento  (175081),nunoa,departamento,arriendo,15.18,620000.0,45,50,,1,titulo_corto_tipo_nombre,https://portalinmobiliario.com/MLC-2053531803-acogedor-departamento-175081-_JM
BAJA,2082075701,"Departamento  1d1b Plaza Zañartu, Ñuñoa",nunoa,departamento,arriendo,9.79,400000.0,33,39,,1,nombre_de_proyecto,https://portalinmobiliario.com/MLC-2082075701-departamento-1d1b-plaza-zanartu-nunoa-_JM
BAJA,2087352929,Acogedor Depto. Sector Residencial  De Ñuñoa,nunoa,departamento,arriendo,15.79,645000.0,46,53,,1,nombre_de_proyecto,https://portalinmobiliario.com/MLC-2087352929-acogedor-depto-sector-residencial-de-nunoa-_JM
BAJA,2059583979,. (175480),nunoa,departamento,arriendo,16.65,680000.0,45,50,,1,titulo_corto_tipo_nombre,https://portalinmobiliario.com/MLC-2059583979--175480-_JM
BAJA,4155691408,Barrio Italia 2d Amoblado,nunoa,departamento,arriendo,28.79,1176000.0,75,96,,2,nombre_de_proyecto,https://portalinmobiliario.com/MLC-4155691408-barrio-italia-2d-amoblado-_JM
BAJA,2048418039,Metro Estadio Nacional,nunoa,departamento,arriendo,12.24,500000.0,35,40,,1,titulo_corto_tipo_nombre,https://portalinmobiliario.com/MLC-2048418039-metro-estadio-nacional-_JM
BAJA,2048417121,Metro Ñuñoa A Pasos,nunoa,departamento,arriendo,15.91,650000.0,55,55,,1,titulo_corto_tipo_nombre,https://portalinmobiliario.com/MLC-2048417121-metro-nunoa-a-pasos-_JM
BAJA,4225060116,Nuevo - Vista Despejada,nunoa,departamento,arriendo,8.81,360000.0,35,35,,1,nombre_de_proyecto,https://portalinmobiliario.com/MLC-4225060116-nuevo-vista-despejada-_JM
BAJA,4225057186,Tranquila Vida De Barrio (172014),nunoa,departamento,arriendo,15.18,620000.0,55,58,,,nombre_de_proyecto,https://portalinmobiliario.com/MLC-4225057186-tranquila-vida-de-barrio-172014-_JM
BAJA,2081855057,Terraza Continua/estac&metro Chile España/excelente,nunoa,departamento,arriendo,14.2,580000.0,35,39,,1,titulo_corto_tipo_nombre,https://portalinmobiliario.com/MLC-2081855057-terraza-continuaestacmetro-chile-espanaexcelente-_JM
BAJA,4213157228,Metro Ñuñoa,nunoa,departamento,arriendo,13.0,530982,39,44,,2,titulo_corto_tipo_nombre,https://portalinmobiliario.com/MLC-4213157228-metro-nunoa-_JM
BAJA,2053552171,Dpto 1d 1b 34/37 Mt2 Barrio Italia/ Metro Irarrázaval Piso 1,nunoa,departamento,arriendo,12.73,520000.0,35,37,,1,nombre_de_proyecto,https://portalinmobiliario.com/MLC-2053552171-dpto-1d-1b-3437-mt2-barrio-italia-metro-irarrazaval-piso-1-_JM
BAJA,2051544431,Vista Panorámica (169350),nunoa,departamento,arriendo,14.69,600000.0,42,47,,2,nombre_de_proyecto,https://portalinmobiliario.com/MLC-2051544431-vista-panoramica-169350-_JM
BAJA,4191176560,Departamento Sector Residencial  (175713),nunoa,departamento,arriendo,15.91,650000.0,50,55,,1,nombre_de_proyecto,https://portalinmobiliario.com/MLC-4191176560-departamento-sector-residencial-175713-_JM
BAJA,2063374935,Amoblado 1 Dor//1 Baño / Barrio Italia,nunoa,departamento,arriendo,11.0,449293,30,30,1,,nombre_de_proyecto,https://portalinmobiliario.com/MLC-2063374935-amoblado-1-dor1-bano-barrio-italia-_JM
BAJA,4155489964,Departamento 1d + 1b | A Pasos De Mall Plaza Egaña,nunoa,departamento,arriendo,15.91,650000.0,36,40,0,0,nombre_de_proyecto,https://portalinmobiliario.com/MLC-4155489964-departamento-1d-1b-a-pasos-de-mall-plaza-egana-_JM
BAJA,4188418464,1 (170331),nunoa,departamento,arriendo,13.96,570000.0,40,43,,1,titulo_corto_tipo_nombre,https://portalinmobiliario.com/MLC-4188418464-1-170331-_JM
BAJA,2079764733,Linda Vista A Una Cuadra De Irarrázaval (171979),nunoa,departamento,arriendo,13.71,560000.0,40,44,,1,nombre_de_proyecto,https://portalinmobiliario.com/MLC-2079764733-linda-vista-a-una-cuadra-de-irarrazaval-171979-_JM
BAJA,4234263058,Av. Irarrázaval / Bremen,nunoa,departamento,arriendo,14.2,580000.0,65,65,,1,titulo_corto_tipo_nombre,https://portalinmobiliario.com/MLC-4234263058-av-irarrazaval-bremen-_JM
BAJA,2076886919,Metro Ñuñoa,nunoa,departamento,arriendo,13.47,550000.0,45,45,,,titulo_corto_tipo_nombre,https://portalinmobiliario.com/MLC-2076886919-metro-nunoa-_JM
BAJA,2028679069,Ñuñoa- Departamento En Arriendo (166958),nunoa,departamento,arriendo,20.81,850000.0,1,1,,2,m2_util_minimo_de_rango,https://portalinmobiliario.com/MLC-2028679069-nunoa-departamento-en-arriendo-166958-_JM
BAJA,4089147428,"Año 2026, 2d+2b+e. Plaza Egaña",nunoa,departamento,arriendo,31.83,1300000.0,90,90,2,,nombre_de_proyecto,https://portalinmobiliario.com/MLC-4089147428-ano-2026-2d2be-plaza-egana-_JM
BAJA,4201744896,Edificio Campoamor - Plaza Ñuñoa,nunoa,departamento,arriendo,16.4,670000.0,40,42,1,1,nombre_de_proyecto,https://portalinmobiliario.com/MLC-4201744896-edificio-campoamor-plaza-nunoa-_JM
BAJA,4201730688,Departamento En Zañartu 980,nunoa,departamento,arriendo,12.0,490000.0,55,55,2,2,titulo_corto_tipo_nombre,https://portalinmobiliario.com/MLC-4201730688-departamento-en-zanartu-980-_JM
BAJA,4159912578,"Amplio Departamento, Vista Norte (174642)",nunoa,departamento,arriendo,26.0,1061965,66,144,,2,nombre_de_proyecto | superficies_incoherentes,https://portalinmobiliario.com/MLC-4159912578-amplio-departamento-vista-norte-174642-_JM
BAJA,2076421363,"Excelente Depto.2d-2b-1e-1b, Plaza Ñuñoa, Metro Chile España",nunoa,departamento,arriendo,20.81,850000.0,66,70,,,nombre_de_proyecto,https://portalinmobiliario.com/MLC-2076421363-excelente-depto2d-2b-1e-1b-plaza-nunoa-metro-chile-espana-_JM
BAJA,2082072471,Metro Monseñor Eyzaguirre,nunoa,departamento,arriendo,13.22,540000.0,40,45,1,1,titulo_corto_tipo_nombre,https://portalinmobiliario.com/MLC-2082072471-metro-monsenor-eyzaguirre-_JM
BAJA,2084522155,"Piso 20, Vista Norte. Estacionamiento Y Bodega.",nunoa,departamento,arriendo,12.24,500000.0,38,40,,1,nombre_de_proyecto,https://portalinmobiliario.com/MLC-2084522155-piso-20-vista-norte-estacionamiento-y-bodega-_JM
BAJA,2042159915,"Amplio Depto 2d2b Semi Equipado, Sector Residencial De Ñuñoa",nunoa,departamento,arriendo,18.36,750000.0,70,74,,2,nombre_de_proyecto,https://portalinmobiliario.com/MLC-2042159915-amplio-depto-2d2b-semi-equipado-sector-residencial-de-nunoa-_JM
BAJA,4198333304,1d + Estac. Y Bodega | Vista Despejada (175891),nunoa,departamento,arriendo,14.57,595000.0,37,39,,1,nombre_de_proyecto,https://portalinmobiliario.com/MLC-4198333304-1d-estac-y-bodega-vista-despejada-175891-_JM
BAJA,4173012874,Amplio Departamento Muy Iluminado,nunoa,departamento,arriendo,23.99,980000.0,65,74,,2,titulo_corto_tipo_nombre,https://portalinmobiliario.com/MLC-4173012874-amplio-departamento-muy-iluminado-_JM
BAJA,4164838908,Bello Departamento  (174982),nunoa,departamento,arriendo,13.47,550000.0,45,50,,1,titulo_corto_tipo_nombre,https://portalinmobiliario.com/MLC-4164838908-bello-departamento-174982-_JM
BAJA,4089145786,Departamento 2d1b + Estacionamiento| Vista Panorámica,nunoa,departamento,arriendo,11.02,450000.0,46,48,,1,nombre_de_proyecto,https://portalinmobiliario.com/MLC-4089145786-departamento-2d1b-estacionamiento-vista-panoramica-_JM
BAJA,4179308624,Zañartu - Con Estacionamiento,nunoa,departamento,arriendo,11.02,450000.0,41,45,,1,titulo_corto_tipo_nombre,https://portalinmobiliario.com/MLC-4179308624-zanartu-con-estacionamiento-_JM
BAJA,2082073337,"Barrio Italia, Sector Residencial, Conectividad (176722)",nunoa,departamento,arriendo,16.65,680000.0,50,54,,2,nombre_de_proyecto,https://portalinmobiliario.com/MLC-2082073337-barrio-italia-sector-residencial-conectividad-176722-_JM
BAJA,4213163350,Departamento A Pasos De Metro Irarrázaval Y Barrio Italia,nunoa,departamento,arriendo,12.24,500000.0,38,42,,,nombre_de_proyecto,https://portalinmobiliario.com/MLC-4213163350-departamento-a-pasos-de-metro-irarrazaval-y-barrio-italia-_JM
BAJA,4218352440,Edificio En El Corazón De Ñuñoa,nunoa,departamento,arriendo,10.43,426000.0,45,48,,1,nombre_de_proyecto,https://portalinmobiliario.com/MLC-4218352440-edificio-en-el-corazon-de-nunoa-_JM
BAJA,2074130781,Metro Ñuñoa,nunoa,departamento,arriendo,15.91,650000.0,50,55,,,titulo_corto_tipo_nombre,https://portalinmobiliario.com/MLC-2074130781-metro-nunoa-_JM
BAJA,4218747480,Metro Chile España,nunoa,departamento,arriendo,17.87,730000.0,50,55,,,titulo_corto_tipo_nombre,https://portalinmobiliario.com/MLC-4218747480-metro-chile-espana-_JM
BAJA,2086449947,Edificio Coventry Simón Bolivar,nunoa,departamento,arriendo,13.96,570000.0,55,55,,1,nombre_de_proyecto,https://portalinmobiliario.com/MLC-2086449947-edificio-coventry-simon-bolivar-_JM
BAJA,4219656568,Excelente Conectividad (171738),nunoa,departamento,arriendo,15.0,612672,60,63,,2,titulo_corto_tipo_nombre,https://portalinmobiliario.com/MLC-4219656568-excelente-conectividad-171738-_JM
BAJA,4213163014,Deptos 1 Y 2 Dormitorios Plaza Ñuñoa A Pasos Del Metro.,nunoa,departamento,arriendo,13.34,545000.0,34,37,,1,nombre_de_proyecto,https://portalinmobiliario.com/MLC-4213163014-deptos-1-y-2-dormitorios-plaza-nunoa-a-pasos-del-metro-_JM
BAJA,4170201554,Portal Ñuñoa / Piso 2 / Est. Y Bod. / Disp. Inmediata,nunoa,departamento,arriendo,15.91,650000.0,58,60,,2,nombre_de_proyecto,https://portalinmobiliario.com/MLC-4170201554-portal-nunoa-piso-2-est-y-bod-disp-inmediata-_JM
BAJA,2053105679,Excelente Jorge Washington - Plaza Ñuñoa,nunoa,departamento,arriendo,13.96,570000.0,40,45,,1,nombre_de_proyecto,https://portalinmobiliario.com/MLC-2053105679-excelente-jorge-washington-plaza-nunoa-_JM
BAJA,4146273134,Parque Juan Xxiii - Metro Villa Frei - Metro Chile España,nunoa,departamento,arriendo,28.16,1150000.0,85,100,,1,nombre_de_proyecto,https://portalinmobiliario.com/MLC-4146273134-parque-juan-xxiii-metro-villa-frei-metro-chile-espana-_JM
BAJA,2027947083,"Depto 1d1b. Barrio Zañartu, Calle Los Avellanos. Ñuñoa",nunoa,departamento,arriendo,11.46,468000.0,38,40,,1,nombre_de_proyecto,https://portalinmobiliario.com/MLC-2027947083-depto-1d1b-barrio-zanartu-calle-los-avellanos-nunoa-_JM
BAJA,2072642805,"Depto Un Dormitorio, Ñuñoa",nunoa,departamento,arriendo,10.77,440000.0,30,30,,1,titulo_corto_tipo_nombre,https://portalinmobiliario.com/MLC-2072642805-depto-un-dormitorio-nunoa-_JM
BAJA,2073914001,Vive En Ñuñoa,nunoa,departamento,arriendo,11.02,450000.0,33,40,,1,titulo_corto_tipo_nombre,https://portalinmobiliario.com/MLC-2073914001-vive-en-nunoa-_JM
BAJA,4234292370,Ñuñoa 1 Dormitorio (91452),nunoa,departamento,arriendo,13.22,540000.0,45,50,,1,titulo_corto_tipo_nombre,https://portalinmobiliario.com/MLC-4234292370-nunoa-1-dormitorio-91452-_JM
BAJA,2011912631,Departamento 2 Dormitorios 2 Baños  Barrio Italia Amoblado,nunoa,departamento,arriendo,16.89,690000.0,57,61,,,nombre_de_proyecto,https://portalinmobiliario.com/MLC-2011912631-departamento-2-dormitorios-2-banos-barrio-italia-amoblado-_JM
BAJA,4186961584,Excelente Opción En Barrio Italia (85841),nunoa,departamento,arriendo,18.36,750000.0,60,66,,2,nombre_de_proyecto,https://portalinmobiliario.com/MLC-4186961584-excelente-opcion-en-barrio-italia-85841-_JM
BAJA,2027948213,Homestudio Amoblado Lado De Megavisión,nunoa,departamento,arriendo,9.79,400000.0,30,30,,1,nombre_de_proyecto,https://portalinmobiliario.com/MLC-2027948213-homestudio-amoblado-lado-de-megavision-_JM
BAJA,2076414425,Av. Irarrazaval - Metro Plaza Egaña,nunoa,departamento,arriendo,15.18,620000.0,40,43,,1,nombre_de_proyecto,https://portalinmobiliario.com/MLC-2076414425-av-irarrazaval-metro-plaza-egana-_JM
BAJA,2061525593,Departamento A Pasos De Metro Plaza Egaña,nunoa,departamento,arriendo,18.36,750000.0,58,65,2,,nombre_de_proyecto,https://portalinmobiliario.com/MLC-2061525593-departamento-a-pasos-de-metro-plaza-egana-_JM
BAJA,4233325742,Departamento 2d+2b | Vista Despejada | Ñuñoa,nunoa,departamento,arriendo,20.32,830000.0,72,87,,2,nombre_de_proyecto,https://portalinmobiliario.com/MLC-4233325742-departamento-2d2b-vista-despejada-nunoa-_JM
BAJA,2081789285,A Pasos Plaza Ñuñoa/ Estacionamiento,nunoa,departamento,arriendo,15.18,620000.0,58,60,,1,nombre_de_proyecto,https://portalinmobiliario.com/MLC-2081789285-a-pasos-plaza-nunoa-estacionamiento-_JM
BAJA,4223648196,"Los Alerces, Ñuñoa",nunoa,departamento,arriendo,10.53,430000.0,50,50,,,titulo_corto_tipo_nombre,https://portalinmobiliario.com/MLC-4223648196-los-alerces-nunoa-_JM
BAJA,4085080170,Cómodo Depto. 2d/2b A Pasos Del Metro Plaza Egaña.,nunoa,departamento,arriendo,19.59,800000.0,44,53,,2,nombre_de_proyecto,https://portalinmobiliario.com/MLC-4085080170-comodo-depto-2d2b-a-pasos-del-metro-plaza-egana-_JM
BAJA,4155684236,Departamento 1d + 1b | A Pasos De Mall Plaza Egaña,nunoa,departamento,arriendo,13.47,550000.0,36,40,0,0,nombre_de_proyecto,https://portalinmobiliario.com/MLC-4155684236-departamento-1d-1b-a-pasos-de-mall-plaza-egana-_JM
BAJA,4179285786,(175407),nunoa,departamento,arriendo,13.83,565000.0,46,49,,1,titulo_corto_tipo_nombre,https://portalinmobiliario.com/MLC-4179285786-175407-_JM
BAJA,2059581591,Mujica/metro Yrrarazaval/sta Isabel/bustamante/2 Dor/2b/1est,nunoa,departamento,arriendo,13.47,550000.0,48,52,2,2,titulo_corto_tipo_nombre,https://portalinmobiliario.com/MLC-2059581591-mujicametro-yrrarazavalsta-isabelbustamante2-dor2b1est-_JM
BAJA,2037755273,Dpto Pasos Plaza Ñuñoa 1d/1b Con Estacionamiento Y Bodega,nunoa,departamento,arriendo,11.02,450000.0,30,32,,1,nombre_de_proyecto,https://portalinmobiliario.com/MLC-2037755273-dpto-pasos-plaza-nunoa-1d1b-con-estacionamiento-y-bodega-_JM
BAJA,4143691268,Cómodo Departamento Barrio Espectacular,nunoa,departamento,arriendo,17.14,700000.0,47,57,,1,nombre_de_proyecto,https://portalinmobiliario.com/MLC-4143691268-comodo-departamento-barrio-espectacular-_JM
BAJA,4161007308,Metro Irarrazaval / Ñuñoa,nunoa,departamento,arriendo,18.61,760000.0,68,78,,2,titulo_corto_tipo_nombre,https://portalinmobiliario.com/MLC-4161007308-metro-irarrazaval-nunoa-_JM
BAJA,2048418369,Metro Ñuñoa,nunoa,departamento,arriendo,13.47,550000.0,35,38,,1,titulo_corto_tipo_nombre,https://portalinmobiliario.com/MLC-2048418369-metro-nunoa-_JM
BAJA,4218748784,Metro Estadio Nacional,nunoa,departamento,arriendo,8.57,350000.0,31,35,,1,titulo_corto_tipo_nombre,https://portalinmobiliario.com/MLC-4218748784-metro-estadio-nacional-_JM
BAJA,4182509720,Metro Ñuble A La Puerta Vista Panorámica Con Estacionamiento,nunoa,departamento,arriendo,13.96,570000.0,45,45,,,nombre_de_proyecto,https://portalinmobiliario.com/MLC-4182509720-metro-nuble-a-la-puerta-vista-panoramica-con-estacionamiento-_JM
BAJA,4179338260,"Plaza Ñuñoa, Brown Sur, Irarrazaval, Metro 1d 1b",nunoa,departamento,arriendo,12.24,500000.0,45,45,,1,nombre_de_proyecto,https://portalinmobiliario.com/MLC-4179338260-plaza-nunoa-brown-sur-irarrazaval-metro-1d-1b-_JM
BAJA,4151740880,"Entrega Inmediata, Excelente Conectividad.",nunoa,departamento,arriendo,11.75,480000.0,40,40,,1,titulo_corto_tipo_nombre,https://portalinmobiliario.com/MLC-4151740880-entrega-inmediata-excelente-conectividad-_JM
BAJA,2020106507,Depto Nuevo A Estrenar En Edificio Step.,nunoa,departamento,arriendo,15.91,650000.0,35,35,1,1,nombre_de_proyecto,https://portalinmobiliario.com/MLC-2020106507-depto-nuevo-a-estrenar-en-edificio-step-_JM
BAJA,4093509434,"Gran Depto C/patio 2d+2b+2estac.+bod. Parque Botánico, Ñuñoa",nunoa,departamento,arriendo,28.0,1143654,104,104,,,nombre_de_proyecto,https://portalinmobiliario.com/MLC-4093509434-gran-depto-cpatio-2d2b2estacbod-parque-botanico-nunoa-_JM
BAJA,2027787203,Plaza Ñuñoa - Metro Chile España,nunoa,departamento,arriendo,24.48,1000000.0,69,69,,,nombre_de_proyecto,https://portalinmobiliario.com/MLC-2027787203-plaza-nunoa-metro-chile-espana-_JM
BAJA,2034887235,"Más Ñuñoa, Imposible.",nunoa,departamento,arriendo,19.59,800000.0,65,72,,2,titulo_corto_tipo_nombre,https://portalinmobiliario.com/MLC-2034887235-mas-nunoa-imposible-_JM
BAJA,2061589679,"Metro Irarrazabal 1d1b, Ñuñoa",nunoa,departamento,arriendo,11.87,485000.0,33,35,,1,titulo_corto_tipo_nombre,https://portalinmobiliario.com/MLC-2061589679-metro-irarrazabal-1d1b-nunoa-_JM
BAJA,4087787032,Departamento En Arriendo Tipo Estudio / 50% Dcto / Ñuñoa,nunoa,departamento,arriendo,8.57,350000.0,20,20,,1,m2_util_minimo_de_rango,https://portalinmobiliario.com/MLC-4087787032-departamento-en-arriendo-tipo-estudio-50-dcto-nunoa-_JM
BAJA,2039837695,"Quirihue, Duble Almeyda",nunoa,departamento,arriendo,23.99,980000.0,83,90,,2,titulo_corto_tipo_nombre,https://portalinmobiliario.com/MLC-2039837695-quirihue-duble-almeyda-_JM
BAJA,2034878947,Moderno - Vista Despejada,nunoa,departamento,arriendo,11.87,485000.0,47,47,,,nombre_de_proyecto,https://portalinmobiliario.com/MLC-2034878947-moderno-vista-despejada-_JM
BAJA,4132774386,Departamento 1 Dor/1baño // Barrio Italia,nunoa,departamento,arriendo,9.0,367603,30,30,1,,nombre_de_proyecto,https://portalinmobiliario.com/MLC-4132774386-departamento-1-dor1bano-barrio-italia-_JM
BAJA,4212348726,Metro Principe De Gales,nunoa,departamento,arriendo,12.85,525000.0,50,50,1,1,titulo_corto_tipo_nombre,https://portalinmobiliario.com/MLC-4212348726-metro-principe-de-gales-_JM
BAJA,4093511136,Hermoso Y Amplio Departamento,nunoa,departamento,arriendo,24.48,1000000.0,124,129,,,titulo_corto_tipo_nombre,https://portalinmobiliario.com/MLC-4093511136-hermoso-y-amplio-departamento-_JM
BAJA,4170351512,"Vista Norte, Estudio + Terraza, Metro Chile España",nunoa,departamento,arriendo,9.79,400000.0,24,24,,1,nombre_de_proyecto,https://portalinmobiliario.com/MLC-4170351512-vista-norte-estudio-terraza-metro-chile-espana-_JM
BAJA,2061516589,Departamento 1d1b Con Est Y Bodega. Metro Plaza Egaña,nunoa,departamento,arriendo,13.71,560000.0,36,40,1,1,nombre_de_proyecto,https://portalinmobiliario.com/MLC-2061516589-departamento-1d1b-con-est-y-bodega-metro-plaza-egana-_JM
BAJA,2076415041,Metro Plaza Egaña (85579),nunoa,departamento,arriendo,11.51,470000.0,33,33,,1,nombre_de_proyecto,https://portalinmobiliario.com/MLC-2076415041-metro-plaza-egana-85579-_JM
BAJA,4098190982,"Estudio En Barrio Italia , Como Nuevo , Semi Equipado",nunoa,departamento,arriendo,9.65,394000.0,29,29,,1,nombre_de_proyecto,https://portalinmobiliario.com/MLC-4098190982-estudio-en-barrio-italia-como-nuevo-semi-equipado-_JM
BAJA,2030447337,Un Dormitorio Plaza Ñuñoa,nunoa,departamento,arriendo,13.22,540000.0,38,40,,,nombre_de_proyecto,https://portalinmobiliario.com/MLC-2030447337-un-dormitorio-plaza-nunoa-_JM
BAJA,4086071566,Pedro Torres (164510),nunoa,departamento,arriendo,20.81,850000.0,76,80,,,titulo_corto_tipo_nombre,https://portalinmobiliario.com/MLC-4086071566-pedro-torres-164510-_JM
BAJA,4097144004,Arriendo Depto.estudio Irarrázaval Metro Monseñor Eyzaguirre,nunoa,departamento,arriendo,11.02,450000.0,19,22,,1,m2_util_minimo_de_rango,https://portalinmobiliario.com/MLC-4097144004-arriendo-deptoestudio-irarrazaval-metro-monsenor-eyzaguirre-_JM
BAJA,2028679063,Lindo Home Studio Ñuñoa (166980),nunoa,departamento,arriendo,11.75,480000.0,35,35,,1,nombre_de_proyecto,https://portalinmobiliario.com/MLC-2028679063-lindo-home-studio-nunoa-166980-_JM
BAJA,4159951178,Barrio Italia / Tegualda,nunoa,departamento,arriendo,16.4,670000.0,44,50,2,1,nombre_de_proyecto,https://portalinmobiliario.com/MLC-4159951178-barrio-italia-tegualda-_JM
BAJA,4210791926,Departamento Remodelado Barrio Italia Orientación Norte,nunoa,departamento,arriendo,24.24,990000.0,85,90,,2,nombre_de_proyecto,https://portalinmobiliario.com/MLC-4210791926-departamento-remodelado-barrio-italia-orientacion-norte-_JM
BAJA,4162504482,Metro Villa Frei,nunoa,departamento,arriendo,12.24,500000.0,38,38,,1,titulo_corto_tipo_nombre,https://portalinmobiliario.com/MLC-4162504482-metro-villa-frei-_JM
BAJA,4096140788,"Hermosa Vista Despejada, A 8min Metro Villa Frey.",nunoa,departamento,arriendo,12.0,490137,37,40,1,1,nombre_de_proyecto,https://portalinmobiliario.com/MLC-4096140788-hermosa-vista-despejada-a-8min-metro-villa-frey-_JM
BAJA,2048414205,1 D + 1b | 1 Estac+ 1 Bod | Metro Chile España | Plaza Ñuñoa,nunoa,departamento,arriendo,14.2,580000.0,40,45,,1,nombre_de_proyecto,https://portalinmobiliario.com/MLC-2048414205-1-d-1b-1-estac-1-bod-metro-chile-espana-plaza-nunoa-_JM
BAJA,4098301030,Barrio Italia 2d2b Terraza Y Adicional 20% Dcto Por 3 Meses,nunoa,departamento,arriendo,15.67,640000.0,50,54,2,2,nombre_de_proyecto,https://portalinmobiliario.com/MLC-4098301030-barrio-italia-2d2b-terraza-y-adicional-20-dcto-por-3-meses-_JM
BAJA,4073477216,"1 Dorm., Est Y Bod. Tobalaba/d De Almagro. Metro Bilbao",nunoa,departamento,arriendo,17.0,694361,40,48,,1,inmobiliaria_en_titulo,https://portalinmobiliario.com/MLC-4073477216-1-dorm-est-y-bod-tobalabad-de-almagro-metro-bilbao-_JM
BAJA,4162505698,Estudio,nunoa,departamento,arriendo,13.96,570000.0,45,50,,1,titulo_corto_tipo_nombre,https://portalinmobiliario.com/MLC-4162505698-estudio-_JM
BAJA,2062150099,Amplio 3d 3b | 103 M2 | 2 Estac Barrio Los Adoquines,nunoa,departamento,arriendo,30.0,1225344,96,103,,,nombre_de_proyecto,https://portalinmobiliario.com/MLC-2062150099-amplio-3d-3b-103-m2-2-estac-barrio-los-adoquines-_JM
BAJA,4188275448,"Amplio, En Inmejorable Ubicación",nunoa,departamento,arriendo,22.03,900000.0,80,85,,2,titulo_corto_tipo_nombre,https://portalinmobiliario.com/MLC-4188275448-amplio-en-inmejorable-ubicacion-_JM
BAJA,2053522493,"Moderno Depto, Vista Norte, Frente Mall Plaza Egaña (dam)",nunoa,departamento,arriendo,17.63,720000.0,58,63,,,nombre_de_proyecto,https://portalinmobiliario.com/MLC-2053522493-moderno-depto-vista-norte-frente-mall-plaza-egana-dam-_JM
BAJA,2044195009,Francisco De Villagra / Av Irarrazaval / Metro Plaza Egaña,nunoa,departamento,arriendo,12.0,490000.0,35,35,,1,nombre_de_proyecto,https://portalinmobiliario.com/MLC-2044195009-francisco-de-villagra-av-irarrazaval-metro-plaza-egana-_JM
BAJA,4187139702,(175635),nunoa,departamento,arriendo,14.69,600000.0,62,71,,,titulo_corto_tipo_nombre,https://portalinmobiliario.com/MLC-4187139702-175635-_JM
BAJA,4096138262,"Hernán Cortés, Edificio Full Equipado | 2d+2b+estac Y Bodega",nunoa,departamento,arriendo,17.0,694361,60,65,,2,nombre_de_proyecto,https://portalinmobiliario.com/MLC-4096138262-hernan-cortes-edificio-full-equipado-2d2bestac-y-bodega-_JM
BAJA,4212313928,Edificio Guillermo Mann (1 Bod.) Vista Poniente Piso 2,nunoa,departamento,arriendo,13.51,552000.0,53,56,2,2,nombre_de_proyecto,https://portalinmobiliario.com/MLC-4212313928-edificio-guillermo-mann-1-bod-vista-poniente-piso-2-_JM
BAJA,4229154640,Edificio Zañartu Capital Vista Norte Piso 10,nunoa,departamento,arriendo,12.88,526000.0,45,51,2,1,nombre_de_proyecto,https://portalinmobiliario.com/MLC-4229154640-edificio-zanartu-capital-vista-norte-piso-10-_JM
BAJA,4218345230,Edificio Guillermo Mann (1 Bod.) Vista Poniente Piso 5,nunoa,departamento,arriendo,13.61,556000.0,54,57,2,2,nombre_de_proyecto,https://portalinmobiliario.com/MLC-4218345230-edificio-guillermo-mann-1-bod-vista-poniente-piso-5-_JM
BAJA,4234024544,Edificio Zañartu Capital Vista Oriente Piso 1,nunoa,departamento,arriendo,10.53,430000.0,31,60,1,1,nombre_de_proyecto | superficies_incoherentes,https://portalinmobiliario.com/MLC-4234024544-edificio-zanartu-capital-vista-oriente-piso-1-_JM
BAJA,2082158463,Edificio Zañartu Capital Vista Norte Piso 8,nunoa,departamento,arriendo,10.28,420000.0,31,34,1,1,nombre_de_proyecto,https://portalinmobiliario.com/MLC-2082158463-edificio-zanartu-capital-vista-norte-piso-8-_JM
BAJA,2082068997,Edificio Guillermo Mann (1 Bod.) Vista Sur Piso 15,nunoa,departamento,arriendo,13.73,561000.0,54,58,2,2,nombre_de_proyecto,https://portalinmobiliario.com/MLC-2082068997-edificio-guillermo-mann-1-bod-vista-sur-piso-15-_JM
BAJA,4234530270,Edificio Guillermo Mann (1 Bod.) Vista Sur Piso 8,nunoa,departamento,arriendo,13.71,560000.0,53,57,2,2,nombre_de_proyecto,https://portalinmobiliario.com/MLC-4234530270-edificio-guillermo-mann-1-bod-vista-sur-piso-8-_JM
BAJA,2074129831,Edificio Guillermo Mann Vista Sur Piso 26,nunoa,departamento,arriendo,13.69,559000.0,54,58,2,2,nombre_de_proyecto,https://portalinmobiliario.com/MLC-2074129831-edificio-guillermo-mann-vista-sur-piso-26-_JM
BAJA,2079672679,Edificio Av. Rodrigo De Araya (1 Est.) Vista Sur Piso 13,nunoa,departamento,arriendo,10.53,430000.0,35,41,1,1,nombre_de_proyecto,https://portalinmobiliario.com/MLC-2079672679-edificio-av-rodrigo-de-araya-1-est-vista-sur-piso-13-_JM
BAJA,2074130755,Dpto 2 Dormitorios Pasos De Jumbo Ñuñoa Mall Plaza Egaña!!,nunoa,departamento,arriendo,18.36,750000.0,65,70,,,nombre_de_proyecto,https://portalinmobiliario.com/MLC-2074130755-dpto-2-dormitorios-pasos-de-jumbo-nunoa-mall-plaza-egana-_JM
BAJA,2084200721,Hermoso Dpto. De 1 Dorm. En Suite / Barrio Italia,nunoa,departamento,arriendo,14.2,580000.0,44,52,,1,nombre_de_proyecto,https://portalinmobiliario.com/MLC-2084200721-hermoso-dpto-de-1-dorm-en-suite-barrio-italia-_JM
BAJA,2045616807,Edificio San Eugenio (1 Est. 1 Bod.) Vista Norponiente Piso,nunoa,departamento,arriendo,11.02,450000.0,28,29,1,1,nombre_de_proyecto,https://portalinmobiliario.com/MLC-2045616807-edificio-san-eugenio-1-est-1-bod-vista-norponiente-piso-_JM
BAJA,2037561745,Edificio Exequiel Fernandez Vista Sur Piso 4,nunoa,departamento,arriendo,14.52,593000.0,52,56,2,2,nombre_de_proyecto,https://portalinmobiliario.com/MLC-2037561745-edificio-exequiel-fernandez-vista-sur-piso-4-_JM
BAJA,2037563573,Edificio Av. Rodrigo De Araya Vista Oriente Piso 5,nunoa,departamento,arriendo,9.79,400000.0,31,35,1,1,nombre_de_proyecto,https://portalinmobiliario.com/MLC-2037563573-edificio-av-rodrigo-de-araya-vista-oriente-piso-5-_JM
BAJA,4198498688,Departamento Fernández Concha,nunoa,departamento,arriendo,11.75,480000.0,47,47,1,1,titulo_corto_tipo_nombre,https://portalinmobiliario.com/MLC-4198498688-departamento-fernandez-concha-_JM
BAJA,2037562371,Edificio Av. Rodrigo De Araya (1 Bod.) Vista Poniente Piso,nunoa,departamento,arriendo,9.79,400000.0,35,40,1,1,nombre_de_proyecto,https://portalinmobiliario.com/MLC-2037562371-edificio-av-rodrigo-de-araya-1-bod-vista-poniente-piso-_JM
BAJA,2037562987,Edificio Guillermo Mann (1 Bod.) Vista Poniente Piso 25,nunoa,departamento,arriendo,13.39,547000.0,54,57,2,2,nombre_de_proyecto,https://portalinmobiliario.com/MLC-2037562987-edificio-guillermo-mann-1-bod-vista-poniente-piso-25-_JM
BAJA,4143481400,Edificio Zañartu Capital Vista Norte Piso 5,nunoa,departamento,arriendo,13.69,559000.0,56,60,2,2,nombre_de_proyecto,https://portalinmobiliario.com/MLC-4143481400-edificio-zanartu-capital-vista-norte-piso-5-_JM
BAJA,2037606333,Edificio Guillermo Mann Vista Poniente Piso 9,nunoa,departamento,arriendo,13.47,550000.0,50,53,2,2,nombre_de_proyecto,https://portalinmobiliario.com/MLC-2037606333-edificio-guillermo-mann-vista-poniente-piso-9-_JM
BAJA,4191175946,Edificio Guillermo Mann Vista Norte Piso 2,nunoa,departamento,arriendo,9.43,385000.0,35,35,1,1,nombre_de_proyecto,https://portalinmobiliario.com/MLC-4191175946-edificio-guillermo-mann-vista-norte-piso-2-_JM
BAJA,2039844775,Edificio Zañartu Capital Vista Sur Piso 8,nunoa,departamento,arriendo,13.44,549000.0,47,55,2,2,nombre_de_proyecto,https://portalinmobiliario.com/MLC-2039844775-edificio-zanartu-capital-vista-sur-piso-8-_JM
BAJA,2037562257,Edificio Vista Parque Vista Norte Piso 13,nunoa,departamento,arriendo,10.14,414000.0,30,33,1,1,nombre_de_proyecto,https://portalinmobiliario.com/MLC-2037562257-edificio-vista-parque-vista-norte-piso-13-_JM
BAJA,2037486853,Edificio Vista Parque Vista Sur Piso 6,nunoa,departamento,arriendo,9.96,407000.0,30,33,1,1,nombre_de_proyecto,https://portalinmobiliario.com/MLC-2037486853-edificio-vista-parque-vista-sur-piso-6-_JM
BAJA,4151741662,Edificio Guillermo Mann Vista Norte Piso 17,nunoa,departamento,arriendo,9.92,405000.0,32,35,1,1,nombre_de_proyecto,https://portalinmobiliario.com/MLC-4151741662-edificio-guillermo-mann-vista-norte-piso-17-_JM
BAJA,2037487867,Edificio Guillermo Mann Vista Poniente Piso 5,nunoa,departamento,arriendo,11.75,480000.0,36,38,2,1,nombre_de_proyecto,https://portalinmobiliario.com/MLC-2037487867-edificio-guillermo-mann-vista-poniente-piso-5-_JM
BAJA,2037562979,Edificio Guillermo Mann Vista Norte Piso 19,nunoa,departamento,arriendo,9.96,407000.0,32,35,1,1,nombre_de_proyecto,https://portalinmobiliario.com/MLC-2037562979-edificio-guillermo-mann-vista-norte-piso-19-_JM
BAJA,2037562247,Edificio Vista Parque Vista Poniente Piso 3,nunoa,departamento,arriendo,10.04,410000.0,31,35,1,1,nombre_de_proyecto,https://portalinmobiliario.com/MLC-2037562247-edificio-vista-parque-vista-poniente-piso-3-_JM
BAJA,2037606337,Edificio Guillermo Mann (1 Bod.) Vista Poniente Piso 16,nunoa,departamento,arriendo,13.69,559000.0,54,57,2,2,nombre_de_proyecto,https://portalinmobiliario.com/MLC-2037606337-edificio-guillermo-mann-1-bod-vista-poniente-piso-16-_JM
BAJA,2037562971,Edificio Guillermo Mann Vista Sur Piso 15,nunoa,departamento,arriendo,10.01,409000.0,32,35,1,1,nombre_de_proyecto,https://portalinmobiliario.com/MLC-2037562971-edificio-guillermo-mann-vista-sur-piso-15-_JM
BAJA,2037606307,Edificio Guillermo Mann Vista Norte Piso 2,nunoa,departamento,arriendo,9.87,403000.0,32,35,1,1,nombre_de_proyecto,https://portalinmobiliario.com/MLC-2037606307-edificio-guillermo-mann-vista-norte-piso-2-_JM
BAJA,2037562253,Edificio Vista Parque Vista Poniente Piso 9,nunoa,departamento,arriendo,10.28,420000.0,32,35,1,1,nombre_de_proyecto,https://portalinmobiliario.com/MLC-2037562253-edificio-vista-parque-vista-poniente-piso-9-_JM
BAJA,2037593803,Edificio Guillermo Mann (1 Bod.) Vista Poniente Piso 15,nunoa,departamento,arriendo,13.51,552000.0,50,53,2,2,nombre_de_proyecto,https://portalinmobiliario.com/MLC-2037593803-edificio-guillermo-mann-1-bod-vista-poniente-piso-15-_JM
BAJA,2037486851,Edificio Vista Parque Vista Sur Piso 5,nunoa,departamento,arriendo,9.94,406000.0,30,33,1,1,nombre_de_proyecto,https://portalinmobiliario.com/MLC-2037486851-edificio-vista-parque-vista-sur-piso-5-_JM
BAJA,2037487541,Edificio Guillermo Mann (1 Bod.) Vista Poniente Piso 10,nunoa,departamento,arriendo,13.64,557000.0,54,57,2,2,nombre_de_proyecto,https://portalinmobiliario.com/MLC-2037487541-edificio-guillermo-mann-1-bod-vista-poniente-piso-10-_JM
BAJA,2037562949,Edificio Guillermo Mann Vista Poniente Piso 7,nunoa,departamento,arriendo,13.61,556000.0,54,57,2,2,nombre_de_proyecto,https://portalinmobiliario.com/MLC-2037562949-edificio-guillermo-mann-vista-poniente-piso-7-_JM
BAJA,2037561777,Edificio Av. Rodrigo De Araya Vista Poniente Piso 16,nunoa,departamento,arriendo,10.65,435000.0,40,45,1,1,nombre_de_proyecto,https://portalinmobiliario.com/MLC-2037561777-edificio-av-rodrigo-de-araya-vista-poniente-piso-16-_JM
BAJA,2037562931,Edificio Guillermo Mann (1 Bod.) Vista Poniente Piso 2,nunoa,departamento,arriendo,13.42,548000.0,49,52,2,2,nombre_de_proyecto,https://portalinmobiliario.com/MLC-2037562931-edificio-guillermo-mann-1-bod-vista-poniente-piso-2-_JM
BAJA,2037593801,Edificio Guillermo Mann Vista Norte Piso 15,nunoa,departamento,arriendo,9.99,408000.0,33,36,1,1,nombre_de_proyecto,https://portalinmobiliario.com/MLC-2037593801-edificio-guillermo-mann-vista-norte-piso-15-_JM
BAJA,2037593789,Edificio Guillermo Mann (1 Bod.) Vista Poniente Piso 8,nunoa,departamento,arriendo,13.47,550000.0,50,53,2,2,nombre_de_proyecto,https://portalinmobiliario.com/MLC-2037593789-edificio-guillermo-mann-1-bod-vista-poniente-piso-8-_JM
BAJA,2037562251,Edificio Vista Parque Vista Poniente Piso 8,nunoa,departamento,arriendo,10.21,417000.0,31,35,1,1,nombre_de_proyecto,https://portalinmobiliario.com/MLC-2037562251-edificio-vista-parque-vista-poniente-piso-8-_JM
BAJA,4142591920,Edificio Zañartu Capital Vista Sur Piso 6,nunoa,departamento,arriendo,13.39,547000.0,47,55,2,2,nombre_de_proyecto,https://portalinmobiliario.com/MLC-4142591920-edificio-zanartu-capital-vista-sur-piso-6-_JM
BAJA,2037606313,Edificio Guillermo Mann (1 Bod.) Vista Poniente Piso 2,nunoa,departamento,arriendo,13.61,556000.0,54,57,2,2,nombre_de_proyecto,https://portalinmobiliario.com/MLC-2037606313-edificio-guillermo-mann-1-bod-vista-poniente-piso-2-_JM
BAJA,2037593925,Edificio Zañartu Vista Poniente Piso 16,nunoa,departamento,arriendo,9.79,400000.0,29,32,1,1,nombre_de_proyecto,https://portalinmobiliario.com/MLC-2037593925-edificio-zanartu-vista-poniente-piso-16-_JM
BAJA,4164889158,Edificio Zañartu Vista Nororiente Piso 14,nunoa,departamento,arriendo,9.3,380000.0,30,34,1,1,nombre_de_proyecto,https://portalinmobiliario.com/MLC-4164889158-edificio-zanartu-vista-nororiente-piso-14-_JM
BAJA,2037593325,Edificio Zañartu Vista Oriente Piso 14,nunoa,departamento,arriendo,9.79,400000.0,30,34,1,1,nombre_de_proyecto,https://portalinmobiliario.com/MLC-2037593325-edificio-zanartu-vista-oriente-piso-14-_JM
BAJA,4198199300,Edificio Zañartu Capital Vista Poniente Piso 6,nunoa,departamento,arriendo,10.09,412000.0,30,32,1,1,nombre_de_proyecto,https://portalinmobiliario.com/MLC-4198199300-edificio-zanartu-capital-vista-poniente-piso-6-_JM
BAJA,2037563413,Edificio Av. Vicuña Mackenna Vista Oriente Piso 2,nunoa,departamento,arriendo,13.47,550000.0,31,37,1,1,nombre_de_proyecto,https://portalinmobiliario.com/MLC-2037563413-edificio-av-vicuna-mackenna-vista-oriente-piso-2-_JM
BAJA,4234028896,Edificio Vista Parque Vista Norte Piso 7,nunoa,departamento,arriendo,10.16,415000.0,31,33,1,1,nombre_de_proyecto,https://portalinmobiliario.com/MLC-4234028896-edificio-vista-parque-vista-norte-piso-7-_JM
BAJA,4229732686,Edificio Av. Irarrázaval Vista Norte Piso 6,nunoa,departamento,arriendo,14.2,580000.0,,,1,1,nombre_de_proyecto,https://portalinmobiliario.com/MLC-4229732686-edificio-av-irarrazaval-vista-norte-piso-6-_JM
BAJA,4191763870,Lincoyan-1 Dormitorio En Suite,nunoa,departamento,arriendo,14.2,580000.0,50,55,,1,titulo_corto_tipo_nombre,https://portalinmobiliario.com/MLC-4191763870-lincoyan-1-dormitorio-en-suite-_JM
BAJA,4230684762,Metro Plaza Egaña | Frente Mall,nunoa,departamento,arriendo,14.69,600000.0,44,48,,1,nombre_de_proyecto,https://portalinmobiliario.com/MLC-4230684762-metro-plaza-egana-frente-mall-_JM
BAJA,4143690774,Edificio Rodrigo De Araya (1 Est. 1 Bod.) Vista Sur Piso 5,nunoa,departamento,arriendo,15.55,635000.0,44,52,2,2,nombre_de_proyecto,https://portalinmobiliario.com/MLC-4143690774-edificio-rodrigo-de-araya-1-est-1-bod-vista-sur-piso-5-_JM
BAJA,2037606965,Edificio San Eugenio (1 Est. 1 Bod.) Vista Oriente Piso 12,nunoa,departamento,arriendo,12.0,490000.0,33,37,1,1,nombre_de_proyecto,https://portalinmobiliario.com/MLC-2037606965-edificio-san-eugenio-1-est-1-bod-vista-oriente-piso-12-_JM
BAJA,2037606157,Edificio Guillermo Mann Vista Sur Piso 9,nunoa,departamento,arriendo,12.24,500000.0,49,51,2,1,nombre_de_proyecto,https://portalinmobiliario.com/MLC-2037606157-edificio-guillermo-mann-vista-sur-piso-9-_JM
BAJA,4173002468,Edificio Vista Parque Vista Sur Piso 2,nunoa,departamento,arriendo,9.87,403000.0,30,33,1,1,nombre_de_proyecto,https://portalinmobiliario.com/MLC-4173002468-edificio-vista-parque-vista-sur-piso-2-_JM
BAJA,2046346793,Edificio Av. Vicuña Mackenna (1 Est. 1 Bod.) Vista Norte P,nunoa,departamento,arriendo,14.44,590000.0,36,40,1,1,nombre_de_proyecto,https://portalinmobiliario.com/MLC-2046346793-edificio-av-vicuna-mackenna-1-est-1-bod-vista-norte-p-_JM
BAJA,4146256338,Edificio Av. Vicuña Mackenna Vista Sur Piso 7,nunoa,departamento,arriendo,10.04,410000.0,29,32,1,1,nombre_de_proyecto,https://portalinmobiliario.com/MLC-4146256338-edificio-av-vicuna-mackenna-vista-sur-piso-7-_JM
BAJA,2037562267,Edificio Vista Parque Vista Oriente Piso 11,nunoa,departamento,arriendo,14.69,600000.0,49,52,2,2,nombre_de_proyecto,https://portalinmobiliario.com/MLC-2037562267-edificio-vista-parque-vista-oriente-piso-11-_JM
BAJA,2063380285,Edificio Vista Parque Vista Oriente Piso 10,nunoa,departamento,arriendo,14.57,595000.0,48,52,2,2,nombre_de_proyecto,https://portalinmobiliario.com/MLC-2063380285-edificio-vista-parque-vista-oriente-piso-10-_JM
BAJA,2037607043,Edificio Av. Rodrigo De Araya Vista Poniente Piso 16,nunoa,departamento,arriendo,9.3,380000.0,32,36,1,1,nombre_de_proyecto,https://portalinmobiliario.com/MLC-2037607043-edificio-av-rodrigo-de-araya-vista-poniente-piso-16-_JM
BAJA,2046335519,Edificio Mujica (1 Est.) Vista Oriente Piso 24,nunoa,departamento,arriendo,12.24,500000.0,40,44,1,1,nombre_de_proyecto,https://portalinmobiliario.com/MLC-2046335519-edificio-mujica-1-est-vista-oriente-piso-24-_JM
BAJA,4179308856,Edificio Exequiel Fernandez Vista Sur Piso 4,nunoa,departamento,arriendo,12.85,525000.0,45,49,2,1,nombre_de_proyecto,https://portalinmobiliario.com/MLC-4179308856-edificio-exequiel-fernandez-vista-sur-piso-4-_JM
BAJA,2037562259,Edificio Vista Parque Vista Sur Piso 13,nunoa,departamento,arriendo,10.06,411000.0,30,33,1,1,nombre_de_proyecto,https://portalinmobiliario.com/MLC-2037562259-edificio-vista-parque-vista-sur-piso-13-_JM
BAJA,2037561939,Edificio Zañartu Capital Vista Oriente Piso 2,nunoa,departamento,arriendo,10.31,421000.0,32,37,1,1,nombre_de_proyecto,https://portalinmobiliario.com/MLC-2037561939-edificio-zanartu-capital-vista-oriente-piso-2-_JM
BAJA,2037487531,Edificio Guillermo Mann (1 Bod.) Vista Poniente Piso 8,nunoa,departamento,arriendo,13.66,558000.0,54,57,2,2,nombre_de_proyecto,https://portalinmobiliario.com/MLC-2037487531-edificio-guillermo-mann-1-bod-vista-poniente-piso-8-_JM
BAJA,4087791902,"Departamento En Primer Piso, Vista Al Jardin, Ñuñoa",nunoa,departamento,arriendo,9.79,400000.0,29,31,,1,nombre_de_proyecto,https://portalinmobiliario.com/MLC-4087791902-departamento-en-primer-piso-vista-al-jardin-nunoa-_JM
BAJA,2076886425,"Amoblado Y Amplio, A Pasos De Plaza Ñuñoa",nunoa,departamento,arriendo,21.06,860000.0,68,72,,2,nombre_de_proyecto,https://portalinmobiliario.com/MLC-2076886425-amoblado-y-amplio-a-pasos-de-plaza-nunoa-_JM
BAJA,2059428573,Edificio Los Alerces (1 Est.) Vista Oriente Piso 12,nunoa,departamento,arriendo,14.2,580000.0,47,52,2,2,nombre_de_proyecto,https://portalinmobiliario.com/MLC-2059428573-edificio-los-alerces-1-est-vista-oriente-piso-12-_JM
BAJA,2037486527,Edificio Zañartu Capital Vista Sur Piso 2,nunoa,departamento,arriendo,13.2,539000.0,45,53,2,2,nombre_de_proyecto,https://portalinmobiliario.com/MLC-2037486527-edificio-zanartu-capital-vista-sur-piso-2-_JM
BAJA,2037562271,Edificio Vista Parque Vista Norte Piso 13,nunoa,departamento,arriendo,13.76,562000.0,46,48,2,2,nombre_de_proyecto,https://portalinmobiliario.com/MLC-2037562271-edificio-vista-parque-vista-norte-piso-13-_JM
BAJA,2037561877,Edificio Zañartu Vista Oriente Piso 11,nunoa,departamento,arriendo,10.53,430000.0,34,40,1,1,nombre_de_proyecto,https://portalinmobiliario.com/MLC-2037561877-edificio-zanartu-vista-oriente-piso-11-_JM
BAJA,4142643196,Edificio Exequiel Fernandez Vista Poniente Piso 11,nunoa,departamento,arriendo,10.6,433000.0,33,36,1,1,nombre_de_proyecto,https://portalinmobiliario.com/MLC-4142643196-edificio-exequiel-fernandez-vista-poniente-piso-11-_JM
BAJA,4145427728,Moderno Departamento 2 Dormitorios,nunoa,departamento,arriendo,12.73,520000.0,55,55,2,1,titulo_corto_tipo_nombre,https://portalinmobiliario.com/MLC-4145427728-moderno-departamento-2-dormitorios-_JM
BAJA,4161002810,Edificio Guillermo Mann Vista Norte Piso 7,nunoa,departamento,arriendo,11.26,460000.0,38,40,2,1,nombre_de_proyecto,https://portalinmobiliario.com/MLC-4161002810-edificio-guillermo-mann-vista-norte-piso-7-_JM
BAJA,4191784894,"Vista Despejada. Excelente Sector Ñuñoa, Metro Mons. Eyzagui",nunoa,departamento,arriendo,14.44,590000.0,40,42,,1,nombre_de_proyecto,https://portalinmobiliario.com/MLC-4191784894-vista-despejada-excelente-sector-nunoa-metro-mons-eyzagui-_JM
BAJA,4142643192,Edificio Exequiel Fernandez Vista Sur Piso 5,nunoa,departamento,arriendo,12.78,522000.0,47,51,2,1,nombre_de_proyecto,https://portalinmobiliario.com/MLC-4142643192-edificio-exequiel-fernandez-vista-sur-piso-5-_JM
BAJA,4230691030,Lindo Depto 2 D +  2 B,nunoa,departamento,arriendo,13.47,550000.0,2,47,,2,superficies_incoherentes | m2_util_minimo_de_rango,https://portalinmobiliario.com/MLC-4230691030-lindo-depto-2-d-2-b-_JM
BAJA,2063352069,"Mujica, A Pasos De Barrio Italia, Vista Despejada 1d-1b-e",nunoa,departamento,arriendo,11.51,470000.0,34,40,,1,nombre_de_proyecto,https://portalinmobiliario.com/MLC-2063352069-mujica-a-pasos-de-barrio-italia-vista-despejada-1d-1b-e-_JM
BAJA,4093509280,A Pasos Estadio Nacional - Vista Despejada,nunoa,departamento,arriendo,9.06,370000.0,40,40,,1,nombre_de_proyecto,https://portalinmobiliario.com/MLC-4093509280-a-pasos-estadio-nacional-vista-despejada-_JM
BAJA,2037487173,Edificio San Eugenio (1 Est. 1 Bod.) Vista Norponiente Piso,nunoa,departamento,arriendo,15.67,640000.0,44,50,2,2,nombre_de_proyecto,https://portalinmobiliario.com/MLC-2037487173-edificio-san-eugenio-1-est-1-bod-vista-norponiente-piso-_JM
BAJA,4152904208,Departamento Mariposa Estacionamiento Ñuñoa,nunoa,departamento,arriendo,14.2,580000.0,56,54,,2,titulo_corto_tipo_nombre,https://portalinmobiliario.com/MLC-4152904208-departamento-mariposa-estacionamiento-nunoa-_JM
BAJA,2057129309,Edificio Pedro De Valdivia Vista Poniente Piso 3,nunoa,departamento,arriendo,11.87,485000.0,41,44,1,1,nombre_de_proyecto,https://portalinmobiliario.com/MLC-2057129309-edificio-pedro-de-valdivia-vista-poniente-piso-3-_JM
BAJA,2037563539,Edificio Av. Vicuña Mackenna (1 Est. 1 Bod.) Vista Oriente,nunoa,departamento,arriendo,14.2,580000.0,45,48,2,2,nombre_de_proyecto,https://portalinmobiliario.com/MLC-2037563539-edificio-av-vicuna-mackenna-1-est-1-bod-vista-oriente-_JM
BAJA,4164840038,Edificio Los Alerces (1 Est.) Vista Norte Piso 14,nunoa,departamento,arriendo,13.83,565000.0,40,46,2,1,nombre_de_proyecto,https://portalinmobiliario.com/MLC-4164840038-edificio-los-alerces-1-est-vista-norte-piso-14-_JM
BAJA,2019969483,"Italia, Vista Oriente",nunoa,departamento,arriendo,16.0,653517,40,40,,1,nombre_de_proyecto,https://portalinmobiliario.com/MLC-2019969483-italia-vista-oriente-_JM
BAJA,4222350806,Edificio Av. Vicuña Mackenna (1 Est.) Vista Oriente Piso 5,nunoa,departamento,arriendo,13.47,550000.0,43,43,2,2,nombre_de_proyecto,https://portalinmobiliario.com/MLC-4222350806-edificio-av-vicuna-mackenna-1-est-vista-oriente-piso-5-_JM
BAJA,4182752976,Increíble Depto 1d1b + Est Con Vista Despejada - Metro Ñuñoa,nunoa,departamento,arriendo,13.96,570000.0,38,42,,1,nombre_de_proyecto,https://portalinmobiliario.com/MLC-4182752976-increible-depto-1d1b-est-con-vista-despejada-metro-nunoa-_JM
BAJA,2037563419,Edificio Alcalde Carlos Aldunate Vista Norte Piso 4,nunoa,departamento,arriendo,13.71,560000.0,38,41,1,1,nombre_de_proyecto,https://portalinmobiliario.com/MLC-2037563419-edificio-alcalde-carlos-aldunate-vista-norte-piso-4-_JM
BAJA,4118616774,"Estudio Edificio Seminario, Cerca Del Metro De Irarrazabal",nunoa,departamento,arriendo,9.62,393000.0,25,25,1,1,nombre_de_proyecto,https://portalinmobiliario.com/MLC-4118616774-estudio-edificio-seminario-cerca-del-metro-de-irarrazabal-_JM
BAJA,2037561443,Edificio Pedro De Valdivia Vista Nororiente Piso 3,nunoa,departamento,arriendo,14.91,609000.0,47,48,2,2,nombre_de_proyecto,https://portalinmobiliario.com/MLC-2037561443-edificio-pedro-de-valdivia-vista-nororiente-piso-3-_JM
BAJA,2037606695,Edificio Av. Campos De Deportes Vista Oriente Piso 11,nunoa,departamento,arriendo,14.2,580000.0,35,41,1,1,nombre_de_proyecto,https://portalinmobiliario.com/MLC-2037606695-edificio-av-campos-de-deportes-vista-oriente-piso-11-_JM
BAJA,2031478053,Departamento Buen Sector Barrio Italia Irarrazaval,nunoa,departamento,arriendo,15.91,650000.0,52,56,,2,nombre_de_proyecto,https://portalinmobiliario.com/MLC-2031478053-departamento-buen-sector-barrio-italia-irarrazaval-_JM
BAJA,4161007906,Edificio San Eugenio (1 Est. 1 Bod.) Vista Poniente Piso 14,nunoa,departamento,arriendo,12.24,500000.0,33,35,2,1,nombre_de_proyecto,https://portalinmobiliario.com/MLC-4161007906-edificio-san-eugenio-1-est-1-bod-vista-poniente-piso-14-_JM
BAJA,3899398320,Luminoso Estudio Amoblado A Pasos De Barrio Italia,nunoa,departamento,arriendo,12.0,490137,28,28,,1,nombre_de_proyecto,https://portalinmobiliario.com/MLC-3899398320-luminoso-estudio-amoblado-a-pasos-de-barrio-italia-_JM
BAJA,4187199246,"Departamento Luminoso,  Amplio",nunoa,departamento,arriendo,16.65,680000.0,55,60,,2,titulo_corto_tipo_nombre,https://portalinmobiliario.com/MLC-4187199246-departamento-luminoso-amplio-_JM
BAJA,4213384144,Francisco Meneses Ñuñoa,nunoa,departamento,arriendo,11.26,460000.0,38,40,,1,titulo_corto_tipo_nombre,https://portalinmobiliario.com/MLC-4213384144-francisco-meneses-nunoa-_JM
BAJA,4100172902,Arriendo Departamento Metro Ñuñoa,nunoa,departamento,arriendo,13.0,530982,10,10,,1,m2_util_minimo_de_rango,https://portalinmobiliario.com/MLC-4100172902-arriendo-departamento-metro-nunoa-_JM
BAJA,4170193068,"Moderno 1d-1b Vista Despejada, Piscina Y Gimnasio Imperdible",nunoa,departamento,arriendo,17.0,694361,35,42,,1,nombre_de_proyecto,https://portalinmobiliario.com/MLC-4170193068-moderno-1d-1b-vista-despejada-piscina-y-gimnasio-imperdible-_JM
BAJA,2037594345,Precioso Departamento En Ñuñoa.,nunoa,departamento,arriendo,9.79,400000.0,44,46,,1,titulo_corto_tipo_nombre,https://portalinmobiliario.com/MLC-2037594345-precioso-departamento-en-nunoa-_JM
BAJA,4168128482,Hermoso Departamento A Pasos Del Portal Ñuñoa,nunoa,departamento,arriendo,15.42,630000.0,59,67,,2,nombre_de_proyecto,https://portalinmobiliario.com/MLC-4168128482-hermoso-departamento-a-pasos-del-portal-nunoa-_JM
BAJA,4102138250,Arriendo Departamento Metro Irarrázaval,nunoa,departamento,arriendo,13.0,530982,10,10,,1,m2_util_minimo_de_rango,https://portalinmobiliario.com/MLC-4102138250-arriendo-departamento-metro-irarrazaval-_JM
BAJA,4139149688,Departamento Ñuñoa (nuevo),nunoa,departamento,arriendo,16.89,690000.0,54,54,2,2,titulo_corto_tipo_nombre,https://portalinmobiliario.com/MLC-4139149688-departamento-nunoa-nuevo-_JM
BAJA,4188214224,Departamento Amoblado En Arriendo De 1d-1b. En Ñuñoa,nunoa,departamento,arriendo,22.03,900000.0,6,8,,1,m2_util_minimo_de_rango,https://portalinmobiliario.com/MLC-4188214224-departamento-amoblado-en-arriendo-de-1d-1b-en-nunoa-_JM
BAJA,4188214226,Hermoso Departamento Amoblado En Arriendo De 1d-1b. En Ñuñoa,nunoa,departamento,arriendo,22.03,900000.0,4,5,,,m2_util_minimo_de_rango,https://portalinmobiliario.com/MLC-4188214226-hermoso-departamento-amoblado-en-arriendo-de-1d-1b-en-nunoa-_JM
BAJA,4203942238,Seminari / Irarrazaba / Estacion / Edificio 2025 /  Amoblado,nunoa,departamento,arriendo,16.0,653517,41,43,,1,nombre_de_proyecto,https://portalinmobiliario.com/MLC-4203942238-seminari-irarrazaba-estacion-edificio-2025-amoblado-_JM
BAJA,4230686214,A Dos Cuadras De Portal Ñuñoa. Las Encinas. Estacionamiento.,nunoa,departamento,arriendo,18.36,750000.0,78,85,,,nombre_de_proyecto,https://portalinmobiliario.com/MLC-4230686214-a-dos-cuadras-de-portal-nunoa-las-encinas-estacionamiento-_JM
BAJA,2031481289,Departamento Nuevo Con Vista Norte Y Estacionamiento,nunoa,departamento,arriendo,12.98,530000.0,33,36,,1,nombre_de_proyecto,https://portalinmobiliario.com/MLC-2031481289-departamento-nuevo-con-vista-norte-y-estacionamiento-_JM
BAJA,2019968543,Departamento 2 Dormitorios Remodelado,nunoa,departamento,arriendo,19.1,780000.0,65,70,,1,titulo_corto_tipo_nombre,https://portalinmobiliario.com/MLC-2019968543-departamento-2-dormitorios-remodelado-_JM
BAJA,4187197092,Espectacular Departamento En Barrio Residencial Imperdible,nunoa,departamento,arriendo,26.93,1100000.0,100,105,,,nombre_de_proyecto,https://portalinmobiliario.com/MLC-4187197092-espectacular-departamento-en-barrio-residencial-imperdible-_JM
BAJA,4179283746,Arrienda Dpto Home Estudio - Pasos Metro Chile España,nunoa,departamento,arriendo,9.79,400000.0,28,28,,1,nombre_de_proyecto,https://portalinmobiliario.com/MLC-4179283746-arrienda-dpto-home-estudio-pasos-metro-chile-espana-_JM
BAJA,2079118951,"Departamento 1d, 1 B, 1 Est. 1 Bod. Plaza Egaña",nunoa,departamento,arriendo,13.96,570000.0,43,48,1,1,nombre_de_proyecto,https://portalinmobiliario.com/MLC-2079118951-departamento-1d-1-b-1-est-1-bod-plaza-egana-_JM
BAJA,4120778244,Agradable Condominio,nunoa,departamento,arriendo,12.24,500000.0,38,38,,1,nombre_de_proyecto,https://portalinmobiliario.com/MLC-4120778244-agradable-condominio-_JM
BAJA,2059596683,"Depto Mariposa, Diego De Almagro Metro Principe De Gales.",nunoa,departamento,arriendo,21.54,880000.0,57,72,,2,inmobiliaria_en_titulo,https://portalinmobiliario.com/MLC-2059596683-depto-mariposa-diego-de-almagro-metro-principe-de-gales-_JM
BAJA,2046335681,Entrega Inmediata,nunoa,departamento,arriendo,12.0,490000.0,30,30,,1,titulo_corto_tipo_nombre,https://portalinmobiliario.com/MLC-2046335681-entrega-inmediata-_JM
BAJA,2016684447,Amplio Departamento Cercano Al Mall Plaza Egaña,nunoa,departamento,arriendo,18.24,745000.0,70,73,,,nombre_de_proyecto,https://portalinmobiliario.com/MLC-2016684447-amplio-departamento-cercano-al-mall-plaza-egana-_JM
BAJA,4060680204,Pleno Irarrazabal 2 Dormitorios,nunoa,departamento,arriendo,18.36,750000.0,70,70,,2,titulo_corto_tipo_nombre,https://portalinmobiliario.com/MLC-4060680204-pleno-irarrazabal-2-dormitorios-_JM
BAJA,2030445167,Depto Muy Luminoso 115 M2 Amapola / Diego Almagro,nunoa,departamento,arriendo,30.0,1225344,116,116,,,inmobiliaria_en_titulo,https://portalinmobiliario.com/MLC-2030445167-depto-muy-luminoso-115-m2-amapola-diego-almagro-_JM
BAJA,2057126751,Excelente Departamento En Ñuñoa,nunoa,departamento,arriendo,9.55,390000.0,35,37,,1,titulo_corto_tipo_nombre,https://portalinmobiliario.com/MLC-2057126751-excelente-departamento-en-nunoa-_JM
BAJA,2041102319,Departamento Iluminado 2d 2b 2e Con Jardín Privado.,nunoa,departamento,arriendo,30.0,1225344,72,137,,2,superficies_incoherentes,https://portalinmobiliario.com/MLC-2041102319-departamento-iluminado-2d-2b-2e-con-jardin-privado-_JM
BAJA,2009520145,Espectacular Depto 1d 1b Vista N Ori. Amplia Terraza,nunoa,departamento,arriendo,14.57,595000.0,44,44,,1,nombre_de_proyecto,https://portalinmobiliario.com/MLC-2009520145-espectacular-depto-1d-1b-vista-n-ori-amplia-terraza-_JM
BAJA,4116163168,Excelente Depto Estilo Mariposa,nunoa,departamento,arriendo,15.91,650000.0,55,55,,2,titulo_corto_tipo_nombre,https://portalinmobiliario.com/MLC-4116163168-excelente-depto-estilo-mariposa-_JM
BAJA,4198329028,"Vista Despejada, Estacionamiento Y Bodega",nunoa,departamento,arriendo,12.88,526000.0,34,40,,1,nombre_de_proyecto,https://portalinmobiliario.com/MLC-4198329028-vista-despejada-estacionamiento-y-bodega-_JM
BAJA,2076505551,"Excelente Departamento, Cercano Irarrazaval",nunoa,departamento,arriendo,21.54,880000.0,70,70,,,titulo_corto_tipo_nombre,https://portalinmobiliario.com/MLC-2076505551-excelente-departamento-cercano-irarrazaval-_JM
BAJA,2034877581,"Regio Departamento, Centro Irarrazaval",nunoa,departamento,arriendo,17.14,700000.0,63,66,2,,titulo_corto_tipo_nombre,https://portalinmobiliario.com/MLC-2034877581-regio-departamento-centro-irarrazaval-_JM
BAJA,4235680988,2d+2b+ 1est+ 1bod+ Vista Y Zona Residencial,nunoa,departamento,arriendo,12.24,500000.0,58,61,,2,nombre_de_proyecto,https://portalinmobiliario.com/MLC-4235680988-2d2b-1est-1bod-vista-y-zona-residencial-_JM
BAJA,4229315446,Home Studio Moderno Frente A Estación De Metro Irarrázaval,nunoa,departamento,arriendo,10.04,410000.0,30,30,1,1,nombre_de_proyecto,https://portalinmobiliario.com/MLC-4229315446-home-studio-moderno-frente-a-estacion-de-metro-irarrazaval-_JM
BAJA,4229153860,Cómodo Departamento En Ñuñoa,nunoa,departamento,arriendo,12.24,500000.0,40,40,1,1,titulo_corto_tipo_nombre,https://portalinmobiliario.com/MLC-4229153860-comodo-departamento-en-nunoa-_JM
BAJA,4179289096,Departamento Nuevo Con Vista A La Cordillera-trato Directo,nunoa,departamento,arriendo,12.24,500000.0,36,40,,1,nombre_de_proyecto,https://portalinmobiliario.com/MLC-4179289096-departamento-nuevo-con-vista-a-la-cordillera-trato-directo-_JM
BAJA,4128097346,Departamento Nuevo 1d1b Piso 14 Vista Despejada Con Bodega,nunoa,departamento,arriendo,11.02,450000.0,33,37,,1,nombre_de_proyecto,https://portalinmobiliario.com/MLC-4128097346-departamento-nuevo-1d1b-piso-14-vista-despejada-con-bodega-_JM
BAJA,2063383907,Depto 1d+1b Amoblado | Edificio Nuevo | Ñuñoa,nunoa,departamento,arriendo,14.69,600000.0,35,38,,1,nombre_de_proyecto,https://portalinmobiliario.com/MLC-2063383907-depto-1d1b-amoblado-edificio-nuevo-nunoa-_JM
BAJA,4213166910,Departamento Casi Nuevo,nunoa,departamento,arriendo,15.42,630000.0,36,41,1,1,titulo_corto_tipo_nombre,https://portalinmobiliario.com/MLC-4213166910-departamento-casi-nuevo-_JM
BAJA,2042181043,¡excelente Conectividad! Lindo Depto 1d/1b + Estacionamiento,nunoa,departamento,arriendo,13.0,530982,5,40,,1,superficies_incoherentes | m2_util_minimo_de_rango,https://portalinmobiliario.com/MLC-2042181043-excelente-conectividad-lindo-depto-1d1b-estacionamiento-_JM
BAJA,2057135133,Espectacular Ubicación.metro Chile España.ñuñoa,nunoa,departamento,arriendo,12.98,530000.0,45,49,1,1,titulo_corto_tipo_nombre,https://portalinmobiliario.com/MLC-2057135133-espectacular-ubicacionmetro-chile-espananunoa-_JM
BAJA,4238305908,Moderno Departamento 1d/1b En Sector Residencial De Ñuñoa,nunoa,departamento,arriendo,13.22,540000.0,42,50,,1,nombre_de_proyecto,https://portalinmobiliario.com/MLC-4238305908-moderno-departamento-1d1b-en-sector-residencial-de-nunoa-_JM
BAJA,4212315916,"Excelente Locomoción ,frente A Portal Ñuñoa ,cine ,jumo ,fo",nunoa,departamento,arriendo,13.71,560000.0,45,45,2,1,nombre_de_proyecto,https://portalinmobiliario.com/MLC-4212315916-excelente-locomocion-frente-a-portal-nunoa-cine-jumo-fo-_JM
BAJA,4162449570,"Depto Muy Luminoso, Excelente Conectividad Y Barrio Seguro",nunoa,departamento,arriendo,12.0,490137,35,35,,1,nombre_de_proyecto,https://portalinmobiliario.com/MLC-4162449570-depto-muy-luminoso-excelente-conectividad-y-barrio-seguro-_JM
BAJA,4170350394,Departamento 2d 2b Barrio Italia Excelente Ubicación,nunoa,departamento,arriendo,17.0,694361,48,51,,,nombre_de_proyecto,https://portalinmobiliario.com/MLC-4170350394-departamento-2d-2b-barrio-italia-excelente-ubicacion-_JM
BAJA,4212610134,Hermoso Y Acogedor  Departamento Cercano Plaza Ñuñoa,nunoa,departamento,arriendo,12.24,500000.0,45,45,,1,nombre_de_proyecto,https://portalinmobiliario.com/MLC-4212610134-hermoso-y-acogedor-departamento-cercano-plaza-nunoa-_JM
BAJA,2076883885,Excelente Ubicación En Ñuñoa,nunoa,departamento,arriendo,21.06,860000.0,60,65,,,titulo_corto_tipo_nombre,https://portalinmobiliario.com/MLC-2076883885-excelente-ubicacion-en-nunoa-_JM
BAJA,2033695271,"Nuevo Departamento Y Full Amoblado, Barrio Residencial",nunoa,departamento,arriendo,14.69,600000.0,36,38,,1,nombre_de_proyecto,https://portalinmobiliario.com/MLC-2033695271-nuevo-departamento-y-full-amoblado-barrio-residencial-_JM
BAJA,4145322802,Departamento Remodelado.,nunoa,departamento,arriendo,14.69,600000.0,57,57,,1,titulo_corto_tipo_nombre,https://portalinmobiliario.com/MLC-4145322802-departamento-remodelado-_JM
BAJA,4125903704,"Depto 1d 1b Estac. Julio Prado, A Pasos De Barrio Italia",nunoa,departamento,arriendo,15.91,650000.0,38,42,,1,nombre_de_proyecto,https://portalinmobiliario.com/MLC-4125903704-depto-1d-1b-estac-julio-prado-a-pasos-de-barrio-italia-_JM
BAJA,4234288554,Depto Primer Piso Con Patio De 105 Mts2 100% Eléctrico,nunoa,departamento,arriendo,33.54,1370000.0,102,210,,,superficies_incoherentes,https://portalinmobiliario.com/MLC-4234288554-depto-primer-piso-con-patio-de-105-mts2-100-electrico-_JM
BAJA,4168107946,Disponible A Partir Del 01/08/2026. Dpto Mariposa Vista Desp,nunoa,departamento,arriendo,26.0,1061965,62,86,2,2,nombre_de_proyecto,https://portalinmobiliario.com/MLC-4168107946-disponible-a-partir-del-01082026-dpto-mariposa-vista-desp-_JM
BAJA,4126583350,Departamento Seminuevo Ñuñoa,nunoa,departamento,arriendo,15.18,620000.0,57,61,,2,titulo_corto_tipo_nombre,https://portalinmobiliario.com/MLC-4126583350-departamento-seminuevo-nunoa-_JM
BAJA,2079804079,Lindo Depto 3d 2b En Ñuñoa A Pasos De Metro Y Portal Ñuñoa,nunoa,departamento,arriendo,16.89,690000.0,70,75,,,nombre_de_proyecto,https://portalinmobiliario.com/MLC-2079804079-lindo-depto-3d-2b-en-nunoa-a-pasos-de-metro-y-portal-nunoa-_JM
BAJA,4120779210,Departamento Con Estacionamiento Cercano A Plaza Ñuñoa,nunoa,departamento,arriendo,18.85,770000.0,76,76,3,1,nombre_de_proyecto,https://portalinmobiliario.com/MLC-4120779210-departamento-con-estacionamiento-cercano-a-plaza-nunoa-_JM
BAJA,4152910786,Depto Barrio Italia,nunoa,departamento,arriendo,17.63,720000.0,65,70,,,nombre_de_proyecto,https://portalinmobiliario.com/MLC-4152910786-depto-barrio-italia-_JM
BAJA,4145334098,Acogedor Departamento Amoblado 1d / 1b Alto Alessandri Ñuñoa,nunoa,departamento,arriendo,13.22,540000.0,32,38,,1,nombre_de_proyecto,https://portalinmobiliario.com/MLC-4145334098-acogedor-departamento-amoblado-1d-1b-alto-alessandri-nunoa-_JM
BAJA,4210801140,Luminoso Depto En Ñuñoa,nunoa,departamento,arriendo,12.73,520000.0,42,42,2,1,titulo_corto_tipo_nombre,https://portalinmobiliario.com/MLC-4210801140-luminoso-depto-en-nunoa-_JM
BAJA,2062111315,Depto Ñuñoa,nunoa,departamento,arriendo,17.63,720000.0,57,57,2,2,titulo_corto_tipo_nombre,https://portalinmobiliario.com/MLC-2062111315-depto-nunoa-_JM
BAJA,4164773882,"A 2 Cuadras De Av. Alessandri( Macul), Solicita 3 Últimas Li",nunoa,departamento,arriendo,15.91,650000.0,1,1,,,m2_util_minimo_de_rango,https://portalinmobiliario.com/MLC-4164773882-a-2-cuadras-de-av-alessandri-macul-solicita-3-ultimas-li-_JM
BAJA,4187138478,Departamento,nunoa,departamento,arriendo,9.79,400000.0,60,60,,1,titulo_corto_tipo_nombre,https://portalinmobiliario.com/MLC-4187138478-departamento-_JM
BAJA,4164896192,"Depto 1d + 1 B + Estacionamiento, Vista Despejada Norte",nunoa,departamento,arriendo,13.96,570000.0,43,43,,1,nombre_de_proyecto,https://portalinmobiliario.com/MLC-4164896192-depto-1d-1-b-estacionamiento-vista-despejada-norte-_JM
BAJA,4152876850,"Departamento Luminoso, Cercana Al Metro, Vista Despejada.",nunoa,departamento,arriendo,14.0,571827,34,40,,1,nombre_de_proyecto,https://portalinmobiliario.com/MLC-4152876850-departamento-luminoso-cercana-al-metro-vista-despejada-_JM
BAJA,4130753988,"Departamento, Salvador Sur",nunoa,departamento,arriendo,17.87,730000.0,100,100,,2,titulo_corto_tipo_nombre,https://portalinmobiliario.com/MLC-4130753988-departamento-salvador-sur-_JM
BAJA,2070936563,"Departamento En Barrio Tranquilo, Buena Conectividad.",nunoa,departamento,arriendo,15.91,650000.0,50,50,,2,nombre_de_proyecto,https://portalinmobiliario.com/MLC-2070936563-departamento-en-barrio-tranquilo-buena-conectividad-_JM
BAJA,3873502784,Linda Casa,san-miguel,casa,venta,5100.0,208308429,80,220,,1,titulo_corto_tipo_nombre,https://portalinmobiliario.com/MLC-3873502784-linda-casa-_JM
BAJA,3308908732,Excelente Casa Quinta Avenida.,san-miguel,casa,venta,7295.91,298000000.0,145,500,,,titulo_corto_tipo_nombre,https://portalinmobiliario.com/MLC-3308908732-excelente-casa-quinta-avenida-_JM
BAJA,4118400922,Oportunidad Inmobiliaria Estratégica En San Miguel,san-miguel,casa,venta,7100.05,290000000.0,158,281,3,2,inmobiliaria_en_titulo,https://portalinmobiliario.com/MLC-4118400922-oportunidad-inmobiliaria-estrategica-en-san-miguel-_JM
BAJA,1876672645,Clásica Casa En Condominio A Una Cuadra De Gran Avenida,san-miguel,casa,venta,9300.0,379856547,124,276,,4,nombre_de_proyecto,https://portalinmobiliario.com/MLC-1876672645-clasica-casa-en-condominio-a-una-cuadra-de-gran-avenida-_JM
BAJA,3995227356,Oferta A Inversionistas Ideal Para Edificio En San Miguel,san-miguel,casa,venta,8324.2,340000000.0,93,568,5,1,nombre_de_proyecto,https://portalinmobiliario.com/MLC-3995227356-oferta-a-inversionistas-ideal-para-edificio-en-san-miguel-_JM
BAJA,3737950454,Sitio Urbano Con Casa Para Remodelar,san-miguel,casa,venta,11582.0,473064358,619,619,,2,nombre_de_proyecto,https://portalinmobiliario.com/MLC-3737950454-sitio-urbano-con-casa-para-remodelar-_JM
BAJA,1932613137,"Renovada, Aceptan Ofertas!",san-miguel,casa,venta,6890.0,281420603,199,300,4,2,titulo_corto_tipo_nombre,https://portalinmobiliario.com/MLC-1932613137-renovada-aceptan-ofertas-_JM
BAJA,3756430570,"Linda Casa Barrio, Plaza Llico",san-miguel,casa,venta,4750.0,194012752,98,200,,2,nombre_de_proyecto,https://portalinmobiliario.com/MLC-3756430570-linda-casa-barrio-plaza-llico-_JM
BAJA,4235778652,Excelente Casa Bodega.,san-miguel,casa,venta,9950.0,406405660,294,294,,5,titulo_corto_tipo_nombre,https://portalinmobiliario.com/MLC-4235778652-excelente-casa-bodega-_JM
BAJA,4234132882,Townhouse Nuevo De Tres Pisos En San Miguel,san-miguel,casa,venta,7400.0,302251446,109,156,,,nombre_de_proyecto,https://portalinmobiliario.com/MLC-4234132882-townhouse-nuevo-de-tres-pisos-en-san-miguel-_JM
BAJA,4210790940,Casa Con Gran Potencial,san-miguel,casa,venta,8079.37,330000000.0,135,495,,,titulo_corto_tipo_nombre,https://portalinmobiliario.com/MLC-4210790940-casa-con-gran-potencial-_JM
BAJA,4235672156,Amplia Propiedad Ideal Inmobiliaria O Empresa,san-miguel,casa,venta,19586.34,800000000.0,687,747,,,inmobiliaria_en_titulo,https://portalinmobiliario.com/MLC-4235672156-amplia-propiedad-ideal-inmobiliaria-o-empresa-_JM
BAJA,1960083847,Maravillosa Casa Remodelada,san-miguel,casa,venta,12600.0,514644354,139,389,5,,titulo_corto_tipo_nombre,https://portalinmobiliario.com/MLC-1960083847-maravillosa-casa-remodelada-_JM
BAJA,2061563189,Casa En Monja Alférez,san-miguel,casa,venta,5828.0,238043436,126,129,4,2,titulo_corto_tipo_nombre,https://portalinmobiliario.com/MLC-2061563189-casa-en-monja-alferez-_JM
BAJA,4191769568,Amplios Inmueble Ubicado En Importante Barrio De Sn Miguel,san-miguel,casa,venta,20834.0,850960355,350,970,,,nombre_de_proyecto,https://portalinmobiliario.com/MLC-4191769568-amplios-inmueble-ubicado-en-importante-barrio-de-sn-miguel-_JM
BAJA,4201740622,Excelente Ubicación (171119),san-miguel,casa,venta,8813.85,360000000.0,103,500,,2,titulo_corto_tipo_nombre,https://portalinmobiliario.com/MLC-4201740622-excelente-ubicacion-171119-_JM
BAJA,2048443557,Casa Destino Comercial,san-miguel,casa,venta,7500.0,306335925,270,380,5,3,titulo_corto_tipo_nombre,https://portalinmobiliario.com/MLC-2048443557-casa-destino-comercial-_JM
BAJA,4176370906,767m2 De Terreno (129445),san-miguel,casa,venta,11751.8,480000000.0,230,767,,3,titulo_corto_tipo_nombre,https://portalinmobiliario.com/MLC-4176370906-767m2-de-terreno-129445-_JM
BAJA,2039833397,Metro Ciudad Del Niño.,san-miguel,casa,venta,9537.0,389536762,233,500,,,titulo_corto_tipo_nombre,https://portalinmobiliario.com/MLC-2039833397-metro-ciudad-del-nino-_JM
BAJA,3998239324,Metro Departamental.,san-miguel,casa,venta,10800.0,441123732,138000,432,,1,titulo_corto_tipo_nombre,https://portalinmobiliario.com/MLC-3998239324-metro-departamental-_JM
BAJA,4161000832,Casa En Un Barrio Tradicional De San Miguel (169024),san-miguel,casa,venta,6330.0,258547521,107,208,,2,nombre_de_proyecto,https://portalinmobiliario.com/MLC-4161000832-casa-en-un-barrio-tradicional-de-san-miguel-169024-_JM
BAJA,4201707102,Hermosa Y Amplia Casa En San Miguel,san-miguel,casa,venta,6999.0,285872685,1,500,4,2,m2_util_minimo_de_rango,https://portalinmobiliario.com/MLC-4201707102-hermosa-y-amplia-casa-en-san-miguel-_JM
BAJA,1894867769,Casa Venta San Miguel,san-miguel,casa,venta,4990.0,203815502,170,170,3,1,titulo_corto_tipo_nombre,https://portalinmobiliario.com/MLC-1894867769-casa-venta-san-miguel-_JM
BAJA,2027779497,. (84049),san-miguel,casa,venta,5600.0,228730824,104,121,,,titulo_corto_tipo_nombre,https://portalinmobiliario.com/MLC-2027779497--84049-_JM
BAJA,1960136387,Venta Lindo Town House,san-miguel,casa,venta,7900.0,322673841,126,126,3,3,titulo_corto_tipo_nombre,https://portalinmobiliario.com/MLC-1960136387-venta-lindo-town-house-_JM
BAJA,1894867821,Espectacular Y Exclusiva Casa,san-miguel,casa,venta,9837.0,401790199,205,243,,2,titulo_corto_tipo_nombre,https://portalinmobiliario.com/MLC-1894867821-espectacular-y-exclusiva-casa-_JM
BAJA,1928364781,Casa Potencial Comercial,san-miguel,casa,venta,2990.0,122125922,141,150,5,1,titulo_corto_tipo_nombre,https://portalinmobiliario.com/MLC-1928364781-casa-potencial-comercial-_JM
BAJA,4045536658,San Francisco  (73947),san-miguel,casa,venta,9303.51,380000000.0,136,399,,3,titulo_corto_tipo_nombre,https://portalinmobiliario.com/MLC-4045536658-san-francisco-73947-_JM
BAJA,3845504012,Casa 2 Pisos Con Estacionamiento En Barrio Tranquilo,san-miguel,casa,venta,3100.0,126618849,70,110,,1,nombre_de_proyecto,https://portalinmobiliario.com/MLC-3845504012-casa-2-pisos-con-estacionamiento-en-barrio-tranquilo-_JM
BAJA,1980224273,"Townhouses San Miguel, Con Terraza Rooftop.",san-miguel,casa,venta,7580.0,309603508,110,153,,,nombre_de_proyecto,https://portalinmobiliario.com/MLC-1980224273-townhouses-san-miguel-con-terraza-rooftop-_JM
BAJA,2007751229,Metro Lo Vial,san-miguel,casa,venta,7500.0,306335925,110,200,,,titulo_corto_tipo_nombre,https://portalinmobiliario.com/MLC-2007751229-metro-lo-vial-_JM
BAJA,4045523510,Pedro Mira (73965),san-miguel,casa,venta,14000.0,571827060,176,297,,2,titulo_corto_tipo_nombre,https://portalinmobiliario.com/MLC-4045523510-pedro-mira-73965-_JM
BAJA,2001168099,San Nicolas / Montreal.,san-miguel,casa,venta,3409.0,139239889,73,91,,1,titulo_corto_tipo_nombre,https://portalinmobiliario.com/MLC-2001168099-san-nicolas-montreal-_JM
BAJA,1978275237,Estupenda Casa,san-miguel,casa,venta,8000.0,326758320,156,165,5,2,titulo_corto_tipo_nombre,https://portalinmobiliario.com/MLC-1978275237-estupenda-casa-_JM
BAJA,3893361906,Precio Imperdible - Ciudad Del Niño - Condominio Exclusivo,san-miguel,casa,venta,4900.0,200139471,81,163,,,nombre_de_proyecto,https://portalinmobiliario.com/MLC-3893361906-precio-imperdible-ciudad-del-nino-condominio-exclusivo-_JM
BAJA,4230680218,Los Carreras Con Callejón Diego De Almagro,san-miguel,casa,venta,5753.49,235000000.0,76,76,4,1,inmobiliaria_en_titulo,https://portalinmobiliario.com/MLC-4230680218-los-carreras-con-callejon-diego-de-almagro-_JM
BAJA,1958752309,"Linda Y Gran Casa En Barrio Residencial, A Pasos Del Metro",san-miguel,casa,venta,10895.0,445003987,147,435,4,,nombre_de_proyecto,https://portalinmobiliario.com/MLC-1958752309-linda-y-gran-casa-en-barrio-residencial-a-pasos-del-metro-_JM
BAJA,1910936837,"Salesianoss 1302, San Miguel",san-miguel,casa,venta,10500.0,428870295,101,852,,1,titulo_corto_tipo_nombre,https://portalinmobiliario.com/MLC-1910936837-salesianoss-1302-san-miguel-_JM
BAJA,4134819842,"Hermosa Casona De 400 M2 En Barrio El Llano, San Miguel, Rm",san-miguel,casa,venta,21789.8,890000000.0,270,670,,,nombre_de_proyecto,https://portalinmobiliario.com/MLC-4134819842-hermosa-casona-de-400-m2-en-barrio-el-llano-san-miguel-rm-_JM
BAJA,3759893436,Amplios Espacios,san-miguel,casa,venta,5950.0,243026500,172,280,,2,titulo_corto_tipo_nombre,https://portalinmobiliario.com/MLC-3759893436-amplios-espacios-_JM
BAJA,4044405276,"Casa Patrimonial En Esquina Con Alto Potencial, El Llano",san-miguel,casa,venta,19096.68,780000000.0,400,670,,,nombre_de_proyecto,https://portalinmobiliario.com/MLC-4044405276-casa-patrimonial-en-esquina-con-alto-potencial-el-llano-_JM
BAJA,4128098484,Casa Habitación / Constructoras Inmobiliarias,san-miguel,casa,venta,13465.61,550000000.0,160,750,3,3,inmobiliaria_en_titulo,https://portalinmobiliario.com/MLC-4128098484-casa-habitacion-constructoras-inmobiliarias-_JM
BAJA,2031792700,Calafquen Iv,san-miguel,departamento,venta,6480.0,264674239,58,,2,2,titulo_corto_tipo_nombre,https://portalinmobiliario.com/MLC-2031792700-calafquen-iv-_JM
BAJA,2411437462,Teresa Vial 1139,san-miguel,departamento,venta,4394.0,179472007,30,,2,2,titulo_corto_tipo_nombre,https://portalinmobiliario.com/MLC-2411437462-teresa-vial-1139-_JM
BAJA,2725581776,Edificio Euclides 12once,san-miguel,departamento,venta,2368.0,96720463,29,,1,1,nombre_de_proyecto,https://portalinmobiliario.com/MLC-2725581776-edificio-euclides-12once-_JM
BAJA,1572694769,Townhouses Entre Avenidas,san-miguel,departamento,venta,7267.0,296819089,108,,4,3,nombre_de_proyecto,https://portalinmobiliario.com/MLC-1572694769-townhouses-entre-avenidas-_JM
BAJA,1551011179,Condominio Don Miguel Plus,san-miguel,departamento,venta,3572.0,145897590,71,,3,2,nombre_de_proyecto,https://portalinmobiliario.com/MLC-1551011179-condominio-don-miguel-plus-_JM
BAJA,2840295778,Jardines De Séptima Avenida,san-miguel,departamento,venta,3830.0,156435546,68,,2,2,nombre_de_proyecto,https://portalinmobiliario.com/MLC-2840295778-jardines-de-septima-avenida-_JM
BAJA,1994423975,"Salesianos 1166 2d 2b, Edificio Almagro, Sin Comisión",san-miguel,departamento,venta,3750.0,153167962,51,65,,2,inmobiliaria_en_titulo | nombre_de_proyecto,https://portalinmobiliario.com/MLC-1994423975-salesianos-1166-2d-2b-edificio-almagro-sin-comision-_JM
BAJA,3867433214,"Gladys 1190 2d 2b, Edificio Almagro, Sin Comisión",san-miguel,departamento,venta,5100.0,208308429,66,77,,2,inmobiliaria_en_titulo | nombre_de_proyecto,https://portalinmobiliario.com/MLC-3867433214-gladys-1190-2d-2b-edificio-almagro-sin-comision-_JM
BAJA,4239750904,Luminoso Y Gran Vista Cercano Al Metro Excelente Estado,san-miguel,departamento,venta,7500.0,306335925,115,130,,,nombre_de_proyecto,https://portalinmobiliario.com/MLC-4239750904-luminoso-y-gran-vista-cercano-al-metro-excelente-estado-_JM
BAJA,4146247554,Departamento 4d 3b | 2 Estac. | Vista Despejada | La Marina,san-miguel,departamento,venta,7344.88,300000000.0,119,139,,,nombre_de_proyecto,https://portalinmobiliario.com/MLC-4146247554-departamento-4d-3b-2-estac-vista-despejada-la-marina-_JM
BAJA,4234125136,"Estupendo Depto, Amplio, Luminoso, Con Bella Vista Despejada",san-miguel,departamento,venta,3995.0,163174936,66,71,,2,nombre_de_proyecto,https://portalinmobiliario.com/MLC-4234125136-estupendo-depto-amplio-luminoso-con-bella-vista-despejada-_JM
BAJA,4201729492,Departamento 1d1b Con Walk-in Closet Y Vista Despejada,san-miguel,departamento,venta,1790.0,73112174,34,38,,1,nombre_de_proyecto,https://portalinmobiliario.com/MLC-4201729492-departamento-1d1b-con-walk-in-closet-y-vista-despejada-_JM
BAJA,4234030240,Salesianos,san-miguel,departamento,venta,2850.0,116407652,47,55,,2,titulo_corto_tipo_nombre,https://portalinmobiliario.com/MLC-4234030240-salesianos-_JM
BAJA,2084194573,"Estupendo Depto, Amplio, Luminoso, Con Bella Vista Despejada",san-miguel,departamento,venta,3995.0,163174936,66,71,,2,nombre_de_proyecto,https://portalinmobiliario.com/MLC-2084194573-estupendo-depto-amplio-luminoso-con-bella-vista-despejada-_JM
BAJA,3882917062,Depto 147 Mt2 A 1 Cuadra Del Parque El Llano!,san-miguel,departamento,venta,8700.0,355349673,147,147,3,3,nombre_de_proyecto,https://portalinmobiliario.com/MLC-3882917062-depto-147-mt2-a-1-cuadra-del-parque-el-llano-_JM
BAJA,3893379924,"147 Mt2 De Espacio, A 1 Cuadra Parque El Llano!",san-miguel,departamento,venta,8300.0,339011757,147,147,,3,nombre_de_proyecto,https://portalinmobiliario.com/MLC-3893379924-147-mt2-de-espacio-a-1-cuadra-parque-el-llano-_JM
BAJA,4188278568,Penthouse Con Vista Panorámica Y Piscina Privada San Miguel,san-miguel,departamento,venta,12700.0,518728833,200,400,,,nombre_de_proyecto | superficies_incoherentes,https://portalinmobiliario.com/MLC-4188278568-penthouse-con-vista-panoramica-y-piscina-privada-san-miguel-_JM
BAJA,1952294361,Condominio Ciudad Del Niño!,san-miguel,departamento,venta,2690.0,109872485,50,50,3,1,nombre_de_proyecto,https://portalinmobiliario.com/MLC-1952294361-condominio-ciudad-del-nino-_JM
BAJA,1970797063,Moderno Y Elegante,san-miguel,departamento,venta,3570.0,145815900,45,47,,,titulo_corto_tipo_nombre,https://portalinmobiliario.com/MLC-1970797063-moderno-y-elegante-_JM
BAJA,4160986726,Edificio Feelgood  Vive En El Corazón De San Miguel,san-miguel,departamento,venta,3700.0,151125723,58,62,2,2,nombre_de_proyecto,https://portalinmobiliario.com/MLC-4160986726-edificio-feelgood-vive-en-el-corazon-de-san-miguel-_JM
BAJA,4160893454,Departamento En Venta En San Miguel,san-miguel,departamento,venta,4896.59,200000000.0,5,95,,2,superficies_incoherentes | m2_util_minimo_de_rango,https://portalinmobiliario.com/MLC-4160893454-departamento-en-venta-en-san-miguel-_JM
BAJA,4108982902,Increíble Terraza - Vista Despejada,san-miguel,departamento,venta,2600.0,106196454,49,55,,,nombre_de_proyecto,https://portalinmobiliario.com/MLC-4108982902-increible-terraza-vista-despejada-_JM
BAJA,1986967629,Townhouse 4d/3b En San Miguel Solo 3 Unidades Disponibles,san-miguel,departamento,venta,7679.0,313647142,110,120,,,nombre_de_proyecto,https://portalinmobiliario.com/MLC-1986967629-townhouse-4d3b-en-san-miguel-solo-3-unidades-disponibles-_JM
BAJA,1974260401,Venta Depto 3 Dormitorios Y 2 Baños Vista Norte Piso 11,san-miguel,departamento,venta,2790.0,113956964,53,55,,2,nombre_de_proyecto,https://portalinmobiliario.com/MLC-1974260401-venta-depto-3-dormitorios-y-2-banos-vista-norte-piso-11-_JM
BAJA,4155492400,Departamento Home Studio 1d Y 1b En San Miguel,san-miguel,departamento,venta,1540.04,62902541.0,23,23,,1,nombre_de_proyecto,https://portalinmobiliario.com/MLC-4155492400-departamento-home-studio-1d-y-1b-en-san-miguel-_JM
BAJA,4093514532,Departamento Tipo Estudio - Gran Oportunidad,san-miguel,departamento,venta,1390.0,56774258,20,20,1,1,m2_util_minimo_de_rango,https://portalinmobiliario.com/MLC-4093514532-departamento-tipo-estudio-gran-oportunidad-_JM
BAJA,1957499469,Oportunidad Inversionitas Departamento Estudio,san-miguel,departamento,venta,1680.0,68619247,21,21,,1,m2_util_minimo_de_rango,https://portalinmobiliario.com/MLC-1957499469-oportunidad-inversionitas-departamento-estudio-_JM
BAJA,1975404855,Venta De Excelente Home Estudio,san-miguel,departamento,venta,1300.0,53098227,17,17,,1,nombre_de_proyecto | m2_util_minimo_de_rango,https://portalinmobiliario.com/MLC-1975404855-venta-de-excelente-home-estudio-_JM
BAJA,1975403681,Lindo Depto. Con Bodega,san-miguel,departamento,venta,1740.0,71069935,31,31,,1,titulo_corto_tipo_nombre,https://portalinmobiliario.com/MLC-1975403681-lindo-depto-con-bodega-_JM
BAJA,4228873070,Venta Departamento 3d+est Vista Despejada En San Miguel,san-miguel,departamento,venta,3427.0,139975095,62,71,,,nombre_de_proyecto,https://portalinmobiliario.com/MLC-4228873070-venta-departamento-3dest-vista-despejada-en-san-miguel-_JM
BAJA,4209025902,Vive En Altura Con Estilo Y Confort En Excelente Barrio | 69,san-miguel,departamento,venta,3490.0,142548317,65,69,,,nombre_de_proyecto,https://portalinmobiliario.com/MLC-4209025902-vive-en-altura-con-estilo-y-confort-en-excelente-barrio-69-_JM
BAJA,1982386777,Depto. Con Vista Despejada - Metro El Llano,san-miguel,departamento,venta,2990.0,122125922,34,40,,1,nombre_de_proyecto,https://portalinmobiliario.com/MLC-1982386777-depto-con-vista-despejada-metro-el-llano-_JM
BAJA,4143693700,Vive 1 Cuadra Del Parque El Llano!,san-miguel,departamento,venta,5790.0,236491334,90,90,3,2,nombre_de_proyecto,https://portalinmobiliario.com/MLC-4143693700-vive-1-cuadra-del-parque-el-llano-_JM
BAJA,4191178180,Moderno Depto. En San Miguel Con Vista Panorámica,san-miguel,departamento,venta,2580.0,105379558,50,52,2,2,nombre_de_proyecto,https://portalinmobiliario.com/MLC-4191178180-moderno-depto-en-san-miguel-con-vista-panoramica-_JM
BAJA,3851407412,Moderno Departamento - Vista Despejada,san-miguel,departamento,venta,3350.0,136830046,49,49,2,,nombre_de_proyecto,https://portalinmobiliario.com/MLC-3851407412-moderno-departamento-vista-despejada-_JM
BAJA,4105693456,Depto 3d+2b En Parque San Nicolás,san-miguel,departamento,venta,2110.0,86182507,52,54,,2,nombre_de_proyecto,https://portalinmobiliario.com/MLC-4105693456-depto-3d2b-en-parque-san-nicolas-_JM
BAJA,1898864627,Townhouse Nuevo 4d/3b En San Miguel Con Patio Privado,san-miguel,departamento,venta,7679.0,313647142,114,114,,,nombre_de_proyecto,https://portalinmobiliario.com/MLC-1898864627-townhouse-nuevo-4d3b-en-san-miguel-con-patio-privado-_JM
BAJA,1913429001,Lindo Departamento,san-miguel,departamento,venta,6600.0,269575614,105,105,,,titulo_corto_tipo_nombre,https://portalinmobiliario.com/MLC-1913429001-lindo-departamento-_JM
BAJA,2019972337,Oportunidad!! Departamento En Venta De 2 Dorm. En San Miguel,san-miguel,departamento,venta,2890.0,118041443,46,527,,1,superficies_incoherentes,https://portalinmobiliario.com/MLC-2019972337-oportunidad-departamento-en-venta-de-2-dorm-en-san-miguel-_JM
BAJA,3676079958,Gran Vista Despejada. Excelente Conectividad.,san-miguel,departamento,venta,3250.0,132745568,52,56,2,2,nombre_de_proyecto,https://portalinmobiliario.com/MLC-3676079958-gran-vista-despejada-excelente-conectividad-_JM
BAJA,3764373148,Amplio Dpto - Barrio Tranquilo Tres Dormitorios Dos Baños,san-miguel,departamento,venta,2950.0,120492130,80,80,,2,nombre_de_proyecto,https://portalinmobiliario.com/MLC-3764373148-amplio-dpto-barrio-tranquilo-tres-dormitorios-dos-banos-_JM
BAJA,3991426884,Espectacular Departamento 147 M2 En El Llano  Edificio Cala,san-miguel,departamento,venta,7950.0,324716080,111,147,3,3,nombre_de_proyecto,https://portalinmobiliario.com/MLC-3991426884-espectacular-departamento-147-m2-en-el-llano-edificio-cala-_JM
BAJA,3919834088,Departamento Tipo Estudio - Gran Oportunidad,san-miguel,departamento,venta,1450.0,59224946,20,20,1,1,m2_util_minimo_de_rango,https://portalinmobiliario.com/MLC-3919834088-departamento-tipo-estudio-gran-oportunidad-_JM
BAJA,1904426893,Acogedor Departamento!!,san-miguel,departamento,venta,2100.0,85774059,40,50,,1,titulo_corto_tipo_nombre,https://portalinmobiliario.com/MLC-1904426893-acogedor-departamento-_JM
BAJA,3815312500,Comodidad Y Gran Conectividad,san-miguel,departamento,venta,1836.22,75000000.0,28,31,1,1,titulo_corto_tipo_nombre,https://portalinmobiliario.com/MLC-3815312500-comodidad-y-gran-conectividad-_JM
BAJA,4108778930,"Llano Subercaseaux, Pasos Metro",san-miguel,departamento,venta,2790.0,113956964,58,60,3,2,titulo_corto_tipo_nombre,https://portalinmobiliario.com/MLC-4108778930-llano-subercaseaux-pasos-metro-_JM
BAJA,3729953820,Increíblemente Hermoso,san-miguel,departamento,venta,2888.99,118000000.0,49,55,2,1,titulo_corto_tipo_nombre,https://portalinmobiliario.com/MLC-3729953820-increiblemente-hermoso-_JM
BAJA,1942658997,"Confortable Studio, Dormitorio En Suite. Buena Conectividad",san-miguel,departamento,venta,1200.0,49013748,18,21,1,1,m2_util_minimo_de_rango,https://portalinmobiliario.com/MLC-1942658997-confortable-studio-dormitorio-en-suite-buena-conectividad-_JM
BAJA,3786221166,San Miguel Para  Vivir,san-miguel,departamento,venta,1517.94,62000000.0,50,54,3,1,titulo_corto_tipo_nombre,https://portalinmobiliario.com/MLC-3786221166-san-miguel-para-vivir-_JM
BAJA,4075226010,"Depto. 2d, 2b, 1box, 1bd. Llano Subercaseaux 2959, Vista Nor",san-miguel,departamento,venta,4500.0,183801555,66,70,2,2,nombre_de_proyecto,https://portalinmobiliario.com/MLC-4075226010-depto-2d-2b-1box-1bd-llano-subercaseaux-2959-vista-nor-_JM
BAJA,1981549115,Departamento Estudio En Venta En San Miguel,san-miguel,departamento,venta,1200.0,49013748,21,21,1,1,m2_util_minimo_de_rango,https://portalinmobiliario.com/MLC-1981549115-departamento-estudio-en-venta-en-san-miguel-_JM
BAJA,2011944635,Departamento En San Miguel.,san-miguel,departamento,venta,3354.16,137000000.0,,,3,1,titulo_corto_tipo_nombre,https://portalinmobiliario.com/MLC-2011944635-departamento-en-san-miguel-_JM
BAJA,2082127235,"Guardia Marina, San Miguel",san-miguel,departamento,venta,2500.0,102111975,32,32,1,1,titulo_corto_tipo_nombre,https://portalinmobiliario.com/MLC-2082127235-guardia-marina-san-miguel-_JM
BAJA,4210802392,Inversión En Barrio Residencial En Crecimiento,san-miguel,departamento,venta,3750.0,153167962,48,52,2,2,nombre_de_proyecto,https://portalinmobiliario.com/MLC-4210802392-inversion-en-barrio-residencial-en-crecimiento-_JM
BAJA,2074075543,"Liquidación Bancaria - Depto 3 D, 2 B, Bd Y Bx, San Miguel.",san-miguel,departamento,venta,4750.0,194012752,4,79,3,2,superficies_incoherentes | m2_util_minimo_de_rango,https://portalinmobiliario.com/MLC-2074075543-liquidacion-bancaria-depto-3-d-2-b-bd-y-bx-san-miguel-_JM
BAJA,4219663542,Departamento Estudio En San Miguel Inversion,san-miguel,departamento,venta,1345.0,54936243,18,20,1,0,m2_util_minimo_de_rango,https://portalinmobiliario.com/MLC-4219663542-departamento-estudio-en-san-miguel-inversion-_JM
BAJA,4230797926,"3 D, 1 B - Oportunidad Inversionistas, Tasa Crédito 1,6%",san-miguel,departamento,venta,1780.0,72703726,3,3,3,1,m2_util_minimo_de_rango,https://portalinmobiliario.com/MLC-4230797926-3-d-1-b-oportunidad-inversionistas-tasa-credito-16-_JM
BAJA,4225150602,Hermoso Departamento Vista  Nororiente,san-miguel,departamento,venta,4300.0,175632597,83,92,3,2,nombre_de_proyecto,https://portalinmobiliario.com/MLC-4225150602-hermoso-departamento-vista-nororiente-_JM
BAJA,2072644545,Vista Despejada Dpto 1 Dorm + Estac Y Bodega (171593),san-miguel,departamento,venta,2800.0,114365412,37,41,1,1,nombre_de_proyecto,https://portalinmobiliario.com/MLC-2072644545-vista-despejada-dpto-1-dorm-estac-y-bodega-171593-_JM
BAJA,2076401873,Departamento En Venta De 1 Dorm. En San Miguel,san-miguel,departamento,venta,1200.0,49013748,21,21,1,1,m2_util_minimo_de_rango,https://portalinmobiliario.com/MLC-2076401873-departamento-en-venta-de-1-dorm-en-san-miguel-_JM
BAJA,4210790958,San Nicolás (piso 7),san-miguel,departamento,venta,3300.0,134787807,56,56,2,2,titulo_corto_tipo_nombre,https://portalinmobiliario.com/MLC-4210790958-san-nicolas-piso-7-_JM
BAJA,4211492106,Carmen Mena (piso 13),san-miguel,departamento,venta,3650.0,149083484,48,50,2,2,titulo_corto_tipo_nombre,https://portalinmobiliario.com/MLC-4211492106-carmen-mena-piso-13-_JM
BAJA,4223491644,3d + 2b + 1e + 1bdg + Homeoffice (176516),san-miguel,departamento,venta,3134.0,128007572,65,67,3,2,nombre_de_proyecto,https://portalinmobiliario.com/MLC-4223491644-3d-2b-1e-1bdg-homeoffice-176516-_JM
BAJA,4230682748,Comodo Departamento Frente A Mall Espacio Urbano G. Avenida,san-miguel,departamento,venta,2815.54,115000000.0,73,73,3,2,nombre_de_proyecto,https://portalinmobiliario.com/MLC-4230682748-comodo-departamento-frente-a-mall-espacio-urbano-g-avenida-_JM
BAJA,4225057476,Gran Avenida  (153996),san-miguel,departamento,venta,3750.0,153167962,59,65,3,2,titulo_corto_tipo_nombre,https://portalinmobiliario.com/MLC-4225057476-gran-avenida-153996-_JM
BAJA,4219659046,Departamento En Venta En San Miguel,san-miguel,departamento,venta,1800.0,73520622,20,20,1,1,m2_util_minimo_de_rango,https://portalinmobiliario.com/MLC-4219659046-departamento-en-venta-en-san-miguel-_JM
BAJA,2074061601,"Salesianos, Santa Rosa",san-miguel,departamento,venta,2790.0,113956964,39,46,1,1,titulo_corto_tipo_nombre,https://portalinmobiliario.com/MLC-2074061601-salesianos-santa-rosa-_JM
BAJA,4210791118,Bartolo Soto,san-miguel,departamento,venta,5790.0,236491334,90,90,3,2,titulo_corto_tipo_nombre,https://portalinmobiliario.com/MLC-4210791118-bartolo-soto-_JM
BAJA,4218752598,Cerca Del Metro (75656),san-miguel,departamento,venta,1900.0,77605101,61,61,3,1,titulo_corto_tipo_nombre,https://portalinmobiliario.com/MLC-4218752598-cerca-del-metro-75656-_JM
BAJA,2074124283,Departamento En Venta De 1 Dorm. En San Miguel,san-miguel,departamento,venta,1690.0,69027695,20,20,1,1,m2_util_minimo_de_rango,https://portalinmobiliario.com/MLC-2074124283-departamento-en-venta-de-1-dorm-en-san-miguel-_JM
BAJA,4235672242,1 (154378),san-miguel,departamento,venta,2200.0,89858538,35,37,1,1,titulo_corto_tipo_nombre,https://portalinmobiliario.com/MLC-4235672242-1-154378-_JM
BAJA,2072646561,San Nicolás (piso 10),san-miguel,departamento,venta,3400.0,138872286,56,60,2,2,titulo_corto_tipo_nombre,https://portalinmobiliario.com/MLC-2072646561-san-nicolas-piso-10-_JM
BAJA,2072646575,Depto En Sexta Avenida,san-miguel,departamento,venta,4100.0,167463639,67,67,3,2,titulo_corto_tipo_nombre,https://portalinmobiliario.com/MLC-2072646575-depto-en-sexta-avenida-_JM
BAJA,1945130065,Espectacular Penthhouse En Jj Vallejos Esq. Plaza El Llano,san-miguel,departamento,venta,13900.0,567742581,139,389,4,4,nombre_de_proyecto | superficies_incoherentes,https://portalinmobiliario.com/MLC-1945130065-espectacular-penthhouse-en-jj-vallejos-esq-plaza-el-llano-_JM
BAJA,3964331072,Metro El Llano / Vista Despejada / Estacionamiento Y Bodega,san-miguel,departamento,venta,3700.0,151125723,70,75,3,2,nombre_de_proyecto,https://portalinmobiliario.com/MLC-3964331072-metro-el-llano-vista-despejada-estacionamiento-y-bodega-_JM
BAJA,3939132164,Oporunidad En Perfecto Estado,san-miguel,departamento,venta,2230.0,91083882,45,45,2,1,titulo_corto_tipo_nombre,https://portalinmobiliario.com/MLC-3939132164-oporunidad-en-perfecto-estado-_JM
BAJA,3972473878,"Venta Townhouse San Miguel, Entre Avenidas.",san-miguel,departamento,venta,7604.0,310583783,114,145,4,3,nombre_de_proyecto,https://portalinmobiliario.com/MLC-3972473878-venta-townhouse-san-miguel-entre-avenidas-_JM
BAJA,4155630690,"Cómodo Y Funcional, Amplia Terraza Vista Despejada, Metro",san-miguel,departamento,venta,2990.0,122125922,28,34,1,1,nombre_de_proyecto,https://portalinmobiliario.com/MLC-4155630690-comodo-y-funcional-amplia-terraza-vista-despejada-metro-_JM
BAJA,3991555226,Curiñanca / Metro San Miguel / Vista Despejada,san-miguel,departamento,venta,3650.0,149083484,55,61,2,2,nombre_de_proyecto,https://portalinmobiliario.com/MLC-3991555226-curinanca-metro-san-miguel-vista-despejada-_JM
BAJA,4160883038,Departamento Remodelado (174758),san-miguel,departamento,venta,3550.0,144999004,74,78,3,2,titulo_corto_tipo_nombre,https://portalinmobiliario.com/MLC-4160883038-departamento-remodelado-174758-_JM
BAJA,2069469463,Amplio Penthouse 3d 3b 260 Mts Terrazas Cerca Metro El Llano,san-miguel,departamento,venta,13500.0,551404665,200,470,3,3,superficies_incoherentes,https://portalinmobiliario.com/MLC-2069469463-amplio-penthouse-3d-3b-260-mts-terrazas-cerca-metro-el-llano-_JM
BAJA,4188277936,Departamento En Venta De 2 Dorm. En San Miguel,san-miguel,departamento,venta,3380.0,138055390,6,11,2,2,superficies_incoherentes | m2_util_minimo_de_rango,https://portalinmobiliario.com/MLC-4188277936-departamento-en-venta-de-2-dorm-en-san-miguel-_JM
BAJA,4169138558,Departamento Venta 3 Dorm San Miguel-frente Portal El Llano,san-miguel,departamento,venta,4100.0,167463639,68,72,3,2,nombre_de_proyecto,https://portalinmobiliario.com/MLC-4169138558-departamento-venta-3-dorm-san-miguel-frente-portal-el-llano-_JM
BAJA,3549933260,Barrio El Llano 1d1b + Est Y Bdga,san-miguel,departamento,venta,2950.0,120492130,39,48,1,1,nombre_de_proyecto,https://portalinmobiliario.com/MLC-3549933260-barrio-el-llano-1d1b-est-y-bdga-_JM
BAJA,4042614552,"Depto 2d 2b Vista Despejada Parque / El Llano, Metro Frankli",san-miguel,departamento,venta,3500.0,142956765,53,57,2,2,nombre_de_proyecto,https://portalinmobiliario.com/MLC-4042614552-depto-2d-2b-vista-despejada-parque-el-llano-metro-frankli-_JM
BAJA,4188277934,Departamento En Venta De 1 Dorm. En San Miguel,san-miguel,departamento,venta,1354.0,55303846,17,17,1,1,m2_util_minimo_de_rango,https://portalinmobiliario.com/MLC-4188277934-departamento-en-venta-de-1-dorm-en-san-miguel-_JM
BAJA,2031478007,Departamento En Venta De 1 Dorm. En San Miguel,san-miguel,departamento,venta,1358.0,55467225,17,17,1,1,m2_util_minimo_de_rango,https://portalinmobiliario.com/MLC-2031478007-departamento-en-venta-de-1-dorm-en-san-miguel-_JM
BAJA,4162528690,Frankfort // San Nicolas,san-miguel,departamento,venta,1772.0,72376968,30,30,1,1,titulo_corto_tipo_nombre,https://portalinmobiliario.com/MLC-4162528690-frankfort-san-nicolas-_JM
BAJA,2069547365,Hermoso Departamento Vista Despejada Oriente Sn Miguel,san-miguel,departamento,venta,1811.74,74000000.0,30,32,1,1,nombre_de_proyecto,https://portalinmobiliario.com/MLC-2069547365-hermoso-departamento-vista-despejada-oriente-sn-miguel-_JM
BAJA,3859052412,Departamento Ideal Para Inversión,san-miguel,departamento,venta,2448.29,100000000.0,33,33,1,1,titulo_corto_tipo_nombre,https://portalinmobiliario.com/MLC-3859052412-departamento-ideal-para-inversion-_JM
BAJA,4201715372,Metro Departamental (136294),san-miguel,departamento,venta,2399.33,98000000.0,51,54,2,1,titulo_corto_tipo_nombre,https://portalinmobiliario.com/MLC-4201715372-metro-departamental-136294-_JM
BAJA,3973063544,Se Vende Departamento De 1 Dormitorio 1 Baño,san-miguel,departamento,venta,1950.0,79647340,1,31,1,1,superficies_incoherentes | m2_util_minimo_de_rango,https://portalinmobiliario.com/MLC-3973063544-se-vende-departamento-de-1-dormitorio-1-bano-_JM
BAJA,2048446831,Home-office + Bodega + 50m2 | Metro Cerca  (169146),san-miguel,departamento,venta,2850.0,116407652,49,52,2,1,nombre_de_proyecto,https://portalinmobiliario.com/MLC-2048446831-home-office-bodega-50m2-metro-cerca-169146-_JM
BAJA,4201707120,Vende Depto San Miguel,san-miguel,departamento,venta,2449.0,100028891,55,55,2,1,titulo_corto_tipo_nombre,https://portalinmobiliario.com/MLC-4201707120-vende-depto-san-miguel-_JM
BAJA,3730604118,Venta | San Miguel | 20 M2 | Oriente | Depto Rebajado,san-miguel,departamento,venta,1390.0,56774258,18,20,1,1,m2_util_minimo_de_rango,https://portalinmobiliario.com/MLC-3730604118-venta-san-miguel-20-m2-oriente-depto-rebajado-_JM
BAJA,1942691381,Vive En Altura Con Hermosa Vista Despejada Y Panor...,san-miguel,departamento,venta,4990.0,203815502,82,92,3,2,nombre_de_proyecto,https://portalinmobiliario.com/MLC-1942691381-vive-en-altura-con-hermosa-vista-despejada-y-panor-_JM
BAJA,4170200306,Estudio Barrio Residencial Y Seguro Cerca Metro (175118),san-miguel,departamento,venta,1750.0,71478382,24,24,1,0,nombre_de_proyecto,https://portalinmobiliario.com/MLC-4170200306-estudio-barrio-residencial-y-seguro-cerca-metro-175118-_JM
BAJA,1957330673,Departamento En Condominio Parque Santa Rosa / 3d Mas Estac.,san-miguel,departamento,venta,2380.0,97210600,46,49,3,1,nombre_de_proyecto,https://portalinmobiliario.com/MLC-1957330673-departamento-en-condominio-parque-santa-rosa-3d-mas-estac-_JM
BAJA,3584425248,Hermoso Y Amplio Dpto 3d2b+e En San Miguel,san-miguel,departamento,venta,3000.0,122534370,1,56,3,2,superficies_incoherentes | m2_util_minimo_de_rango,https://portalinmobiliario.com/MLC-3584425248-hermoso-y-amplio-dpto-3d2be-en-san-miguel-_JM
BAJA,3847993050,Moderno Departamento Recién Remodelado.,san-miguel,departamento,venta,1958.63,80000000.0,39,39,1,1,titulo_corto_tipo_nombre,https://portalinmobiliario.com/MLC-3847993050-moderno-departamento-recien-remodelado-_JM
BAJA,1932608017,Arrendado Ideal Para Inversión,san-miguel,departamento,venta,1880.0,76788205,32,36,1,1,titulo_corto_tipo_nombre,https://portalinmobiliario.com/MLC-1932608017-arrendado-ideal-para-inversion-_JM
BAJA,1868772497,Venta Depto Salesianos,san-miguel,departamento,venta,3500.0,142956765,60,,2,2,titulo_corto_tipo_nombre,https://portalinmobiliario.com/MLC-1868772497-venta-depto-salesianos-_JM
BAJA,1960136401,Departamento En Salesianos,san-miguel,departamento,venta,2000.0,81689580,33,33,1,1,titulo_corto_tipo_nombre,https://portalinmobiliario.com/MLC-1960136401-departamento-en-salesianos-_JM
BAJA,4032153444,En Venta Estudio Con Terraza Y Estacionamiento San Miguel,san-miguel,departamento,venta,1850.0,75562862,19,22,1,1,m2_util_minimo_de_rango,https://portalinmobiliario.com/MLC-4032153444-en-venta-estudio-con-terraza-y-estacionamiento-san-miguel-_JM
BAJA,4034241630,Oferton Inversion/vivir Semi Nuevo San Miguel Cercano Metro,san-miguel,departamento,venta,1550.0,63309424,18,21,1,1,m2_util_minimo_de_rango,https://portalinmobiliario.com/MLC-4034241630-oferton-inversionvivir-semi-nuevo-san-miguel-cercano-metro-_JM
BAJA,2031473209,Condominio Parque Ciudad Del Niño,san-miguel,departamento,venta,2300.0,93943017,45,47,2,1,nombre_de_proyecto,https://portalinmobiliario.com/MLC-2031473209-condominio-parque-ciudad-del-nino-_JM
BAJA,2001160337,Venta Depto Rebajado De 1d-1b- 20m2. Metro. San Miguel.,san-miguel,departamento,venta,1390.0,56774258,18,20,1,1,m2_util_minimo_de_rango,https://portalinmobiliario.com/MLC-2001160337-venta-depto-rebajado-de-1d-1b-20m2-metro-san-miguel-_JM
BAJA,3982838460,Metro El Llano,san-miguel,departamento,venta,4500.0,183801555,60,70,2,2,titulo_corto_tipo_nombre,https://portalinmobiliario.com/MLC-3982838460-metro-el-llano-_JM
BAJA,4182757116,Fabuloso Departamento (71621),san-miguel,departamento,venta,7000.0,285913530,113,116,4,3,titulo_corto_tipo_nombre,https://portalinmobiliario.com/MLC-4182757116-fabuloso-departamento-71621-_JM
BAJA,4170334016,Negocio Atractivo (69867),san-miguel,departamento,venta,2500.0,102111975,43,48,2,2,titulo_corto_tipo_nombre,https://portalinmobiliario.com/MLC-4170334016-negocio-atractivo-69867-_JM
BAJA,2039845635,(168249),san-miguel,departamento,venta,1990.0,81281132,45,45,3,1,titulo_corto_tipo_nombre,https://portalinmobiliario.com/MLC-2039845635-168249-_JM
BAJA,4155629160,Estilo Y Funcionabilidad (100514),san-miguel,departamento,venta,3000.0,122534370,48,50,2,2,titulo_corto_tipo_nombre,https://portalinmobiliario.com/MLC-4155629160-estilo-y-funcionabilidad-100514-_JM
BAJA,2061514805,Terraza Amplia/estac&bodega/metro Lo Vial,san-miguel,departamento,venta,2980.0,121717474,32,40,1,1,titulo_corto_tipo_nombre,https://portalinmobiliario.com/MLC-2061514805-terraza-ampliaestacbodegametro-lo-vial-_JM
BAJA,4170362474,Con Hermosas Vistas,san-miguel,departamento,venta,3452.09,141000000.0,66,71,2,2,titulo_corto_tipo_nombre,https://portalinmobiliario.com/MLC-4170362474-con-hermosas-vistas-_JM
BAJA,3882888034,Departamento En San Miguel,san-miguel,departamento,venta,2686.0,109709106,45,,2,1,titulo_corto_tipo_nombre,https://portalinmobiliario.com/MLC-3882888034-departamento-en-san-miguel-_JM
BAJA,4164888652,Departamento En Venta De 4 Dorm. En San Miguel,san-miguel,departamento,venta,13500.0,551404665,130,430,4,4,superficies_incoherentes,https://portalinmobiliario.com/MLC-4164888652-departamento-en-venta-de-4-dorm-en-san-miguel-_JM
BAJA,1948013525,Metro El Llano,san-miguel,departamento,venta,2525.0,103133095,43,45,2,1,titulo_corto_tipo_nombre,https://portalinmobiliario.com/MLC-1948013525-metro-el-llano-_JM
BAJA,3777316954,Departamento Curiñanca Id: 138607,san-miguel,departamento,venta,1800.0,73520622,19,21,1,1,m2_util_minimo_de_rango,https://portalinmobiliario.com/MLC-3777316954-departamento-curinanca-id-138607-_JM
BAJA,4201706158,Salesianos / San Ignacio,san-miguel,departamento,venta,4300.0,175632597,65,68,3,2,titulo_corto_tipo_nombre,https://portalinmobiliario.com/MLC-4201706158-salesianos-san-ignacio-_JM
BAJA,4179288484,A9428639- Venta Departamento San Francisco C/ Marín - 2d2b,san-miguel,departamento,venta,2650.0,108238694,3,50,2,2,superficies_incoherentes | m2_util_minimo_de_rango,https://portalinmobiliario.com/MLC-4179288484-a9428639-venta-departamento-san-francisco-c-marin-2d2b-_JM
BAJA,2062074427,Oportunidad Depto 3d San Miguel,san-miguel,departamento,venta,3305.2,135000000.0,6,66,3,2,superficies_incoherentes | m2_util_minimo_de_rango,https://portalinmobiliario.com/MLC-2062074427-oportunidad-depto-3d-san-miguel-_JM
BAJA,2070820877,Lindo Departamento 1d1b1e (136561),san-miguel,departamento,venta,2300.0,93943017,31,66,1,1,titulo_corto_tipo_nombre | superficies_incoherentes,https://portalinmobiliario.com/MLC-2070820877-lindo-departamento-1d1b1e-136561-_JM
BAJA,2045859487,Vista Despejada / Jose Miguel Carrera - Salesiano,san-miguel,departamento,venta,2500.0,102111975,42,45,1,1,nombre_de_proyecto,https://portalinmobiliario.com/MLC-2045859487-vista-despejada-jose-miguel-carrera-salesiano-_JM
BAJA,4191769054,Confort Y Estilo En Pleno Centro Urbano (141273),san-miguel,departamento,venta,3100.0,126618849,51,55,2,1,nombre_de_proyecto,https://portalinmobiliario.com/MLC-4191769054-confort-y-estilo-en-pleno-centro-urbano-141273-_JM
BAJA,4151711358,Quinta Avenida (133846),san-miguel,departamento,venta,1950.0,79647340,32,32,1,1,titulo_corto_tipo_nombre,https://portalinmobiliario.com/MLC-4151711358-quinta-avenida-133846-_JM
BAJA,4187139428,"San Miguel: Amplio Depto Vista Despejada, Piscina Y Quincho",san-miguel,departamento,venta,3990.0,162970712,75,74,3,2,nombre_de_proyecto,https://portalinmobiliario.com/MLC-4187139428-san-miguel-amplio-depto-vista-despejada-piscina-y-quincho-_JM
BAJA,1915300165,Quinta Avenida,san-miguel,departamento,venta,3133.81,128000000.0,54,60,2,2,titulo_corto_tipo_nombre,https://portalinmobiliario.com/MLC-1915300165-quinta-avenida-_JM
BAJA,4146251298,Departamento San Miguel Puerta Metro Lo Vial 2 D 2b,san-miguel,departamento,venta,3490.0,142548317,48,100,2,2,superficies_incoherentes,https://portalinmobiliario.com/MLC-4146251298-departamento-san-miguel-puerta-metro-lo-vial-2-d-2b-_JM
BAJA,4198493632,Departamento En Venta En San Miguel,san-miguel,departamento,venta,2366.0,96638773,19,19,1,1,m2_util_minimo_de_rango,https://portalinmobiliario.com/MLC-4198493632-departamento-en-venta-en-san-miguel-_JM
BAJA,3735641810,Lo Vial / Salesianos,san-miguel,departamento,venta,3400.0,138872286,50,54,2,2,titulo_corto_tipo_nombre,https://portalinmobiliario.com/MLC-3735641810-lo-vial-salesianos-_JM
BAJA,1613464533,"Bien Ubicado, A Pasos Gran Avenida, Vista Oriente",san-miguel,departamento,venta,3550.0,144999004,58,61,2,2,nombre_de_proyecto,https://portalinmobiliario.com/MLC-1613464533-bien-ubicado-a-pasos-gran-avenida-vista-oriente-_JM
BAJA,2039820267,Gran Avenida  (105069),san-miguel,departamento,venta,3060.37,125000000.0,50,55,2,2,titulo_corto_tipo_nombre,https://portalinmobiliario.com/MLC-2039820267-gran-avenida-105069-_JM
BAJA,4170193318,Metro Departramental,san-miguel,departamento,venta,1890.0,77196653,33,33,1,0,titulo_corto_tipo_nombre,https://portalinmobiliario.com/MLC-4170193318-metro-departramental-_JM
BAJA,3940396638,Excelente Departamento Santiago,san-miguel,departamento,venta,2750.0,112323172,42,42,0,1,titulo_corto_tipo_nombre,https://portalinmobiliario.com/MLC-3940396638-excelente-departamento-santiago-_JM
BAJA,4216694650,Vista Panorámica Ultimo Piso,san-miguel,departamento,venta,2600.0,106196454,62,62,2,2,nombre_de_proyecto,https://portalinmobiliario.com/MLC-4216694650-vista-panoramica-ultimo-piso-_JM
BAJA,3738960302,Departamento San Ignacio De Loyola Id: 125820,san-miguel,departamento,venta,1700.0,69436143,20,20,1,1,m2_util_minimo_de_rango,https://portalinmobiliario.com/MLC-3738960302-departamento-san-ignacio-de-loyola-id-125820-_JM
BAJA,3968075440,Excelente Departamento Para Inversion,san-miguel,departamento,venta,1800.0,73520622,32,32,1,1,titulo_corto_tipo_nombre,https://portalinmobiliario.com/MLC-3968075440-excelente-departamento-para-inversion-_JM
BAJA,2063383191,Premiun,san-miguel,departamento,venta,3372.0,137728632,47,51,2,2,titulo_corto_tipo_nombre,https://portalinmobiliario.com/MLC-2063383191-premiun-_JM
BAJA,4012871106,Precioso Gran Vista El Mejor Barrio De San Miguel,san-miguel,departamento,venta,4350.0,177674836,61,65,3,1,nombre_de_proyecto,https://portalinmobiliario.com/MLC-4012871106-precioso-gran-vista-el-mejor-barrio-de-san-miguel-_JM
BAJA,3968808166,Depto En Condominio Parque Santa Rosa 3 Dorm Más Terraza,san-miguel,departamento,venta,1950.0,79647340,46,49,3,1,nombre_de_proyecto,https://portalinmobiliario.com/MLC-3968808166-depto-en-condominio-parque-santa-rosa-3-dorm-mas-terraza-_JM
BAJA,2059396725,Av. Salesianos,san-miguel,departamento,venta,3490.0,142548317,50,54,2,2,titulo_corto_tipo_nombre,https://portalinmobiliario.com/MLC-2059396725-av-salesianos-_JM
BAJA,4045536580,Callejón Lo Ovalle (74048),san-miguel,departamento,venta,1950.0,79647340,47,49,3,1,titulo_corto_tipo_nombre,https://portalinmobiliario.com/MLC-4045536580-callejon-lo-ovalle-74048-_JM
BAJA,4160980112,Metro San Miguel.,san-miguel,departamento,venta,1900.0,77605101,33,37,1,1,titulo_corto_tipo_nombre,https://portalinmobiliario.com/MLC-4160980112-metro-san-miguel-_JM
BAJA,1882039241,Departamento En San Miguel.,san-miguel,departamento,venta,1602.0,65433354,45,,3,1,titulo_corto_tipo_nombre,https://portalinmobiliario.com/MLC-1882039241-departamento-en-san-miguel-_JM
BAJA,3973040968,Departamento En Décima Avenida,san-miguel,departamento,venta,2550.0,104154214,54,56,2,2,titulo_corto_tipo_nombre,https://portalinmobiliario.com/MLC-3973040968-departamento-en-decima-avenida-_JM
BAJA,4045523512,Vargas Bustos  (74128),san-miguel,departamento,venta,1958.63,80000000.0,43,46,1,1,titulo_corto_tipo_nombre,https://portalinmobiliario.com/MLC-4045523512-vargas-bustos-74128-_JM
BAJA,3619544018,Increíble Departamento,san-miguel,departamento,venta,1950.0,79647340,48,,3,1,titulo_corto_tipo_nombre,https://portalinmobiliario.com/MLC-3619544018-increible-departamento-_JM
BAJA,4091132032,"Departamento Tipo Studio, Ideal Inversionistas",san-miguel,departamento,venta,1550.0,63309424,20,20,1,1,m2_util_minimo_de_rango,https://portalinmobiliario.com/MLC-4091132032-departamento-tipo-studio-ideal-inversionistas-_JM
BAJA,4139256744,Luminoso Depto. En Corazón De San Miguel (133049),san-miguel,departamento,venta,2200.0,89858538,55,105,2,1,superficies_incoherentes,https://portalinmobiliario.com/MLC-4139256744-luminoso-depto-en-corazon-de-san-miguel-133049-_JM
BAJA,1914886607,Departamento A La Venta,san-miguel,departamento,venta,3331.0,136053995,60,62,2,2,titulo_corto_tipo_nombre,https://portalinmobiliario.com/MLC-1914886607-departamento-a-la-venta-_JM
BAJA,4081560384,"Departamento 3 Dormitorios Con Home Office, Terraza Y Estaci",san-miguel,departamento,venta,5200.0,212392908,83,89,3,2,nombre_de_proyecto,https://portalinmobiliario.com/MLC-4081560384-departamento-3-dormitorios-con-home-office-terraza-y-estaci-_JM
BAJA,2003000751,Departamento San Miguel   (74983),san-miguel,departamento,venta,4382.44,179000000.0,78,83,2,2,titulo_corto_tipo_nombre,https://portalinmobiliario.com/MLC-2003000751-departamento-san-miguel-74983-_JM
BAJA,4164770144,Departamento Real Audiencia  (69352),san-miguel,departamento,venta,5386.24,220000000.0,73,93,3,2,titulo_corto_tipo_nombre,https://portalinmobiliario.com/MLC-4164770144-departamento-real-audiencia-69352-_JM
BAJA,3545438718,"Con Vista | Seminuevo 1d | 1b, A Pasos Metro Lo Vial",san-miguel,departamento,venta,2100.0,85774059,34,38,1,1,nombre_de_proyecto,https://portalinmobiliario.com/MLC-3545438718-con-vista-seminuevo-1d-1b-a-pasos-metro-lo-vial-_JM
BAJA,3968101520,"Stgo. Dpto 1 Ambiente, J. J. Prieto 4260 San Miguel.-",san-miguel,departamento,venta,1300.0,53098227,20,20,1,1,m2_util_minimo_de_rango,https://portalinmobiliario.com/MLC-3968101520-stgo-dpto-1-ambiente-j-j-prieto-4260-san-miguel--_JM
BAJA,1868694905,Departamento San Miguel,san-miguel,departamento,venta,3427.61,140000000.0,72,72,3,2,titulo_corto_tipo_nombre,https://portalinmobiliario.com/MLC-1868694905-departamento-san-miguel-_JM
BAJA,3866526476,"Hermoso Dpto Piso 13, Vista Oriente, 2 Estacionamientos 1 Bo",san-miguel,departamento,venta,3598.99,147000000.0,70,70,3,2,nombre_de_proyecto,https://portalinmobiliario.com/MLC-3866526476-hermoso-dpto-piso-13-vista-oriente-2-estacionamientos-1-bo-_JM
BAJA,4093523272,Calle Salesianos 870,san-miguel,departamento,venta,2555.0,104358438,49,51,2,1,titulo_corto_tipo_nombre,https://portalinmobiliario.com/MLC-4093523272-calle-salesianos-870-_JM
BAJA,4217914554,"Amplio Depto Con Vista En El Llano, San Miguel",san-miguel,departamento,venta,4250.0,173590358,92,103,3,2,nombre_de_proyecto,https://portalinmobiliario.com/MLC-4217914554-amplio-depto-con-vista-en-el-llano-san-miguel-_JM
BAJA,3883437650,Venta Departamento Con Hermosa Vista A La Cordille...,san-miguel,departamento,venta,1890.0,77196653,48,50,3,1,nombre_de_proyecto,https://portalinmobiliario.com/MLC-3883437650-venta-departamento-con-hermosa-vista-a-la-cordille-_JM
BAJA,3619745254,Departamento Gran Avenida José Miguel Carrera Id: 156221,san-miguel,departamento,venta,3182.78,130000000.0,48,480,2,2,superficies_incoherentes,https://portalinmobiliario.com/MLC-3619745254-departamento-gran-avenida-jose-miguel-carrera-id-156221-_JM
BAJA,4044520750,"Departamento En Condominio,  Piso 10, A Pasos Metro Lo Vial",san-miguel,departamento,venta,2693.12,110000000.0,40,45,2,1,nombre_de_proyecto,https://portalinmobiliario.com/MLC-4044520750-departamento-en-condominio-piso-10-a-pasos-metro-lo-vial-_JM
BAJA,2022494653,"Piso 20 Con Vista Poniente, San Miguel",san-miguel,departamento,venta,2999.0,122493525,67,71,3,2,nombre_de_proyecto,https://portalinmobiliario.com/MLC-2022494653-piso-20-con-vista-poniente-san-miguel-_JM
BAJA,4093499606,Metro Ciudad Del Niño,san-miguel,departamento,venta,2950.0,120492130,61,61,2,2,titulo_corto_tipo_nombre,https://portalinmobiliario.com/MLC-4093499606-metro-ciudad-del-nino-_JM
BAJA,4047165912,Metro Ciudad Del Niño,san-miguel,departamento,venta,2766.57,113000000.0,54,57,2,1,titulo_corto_tipo_nombre,https://portalinmobiliario.com/MLC-4047165912-metro-ciudad-del-nino-_JM
BAJA,4071314442,Departamento Estudio,san-miguel,departamento,venta,2800.0,114365412,30,34,1,1,titulo_corto_tipo_nombre,https://portalinmobiliario.com/MLC-4071314442-departamento-estudio-_JM
BAJA,4029220616,"Oportunidad, En Venta Estudio En San Miguel",san-miguel,departamento,venta,1490.0,60858737,19,22,1,1,m2_util_minimo_de_rango,https://portalinmobiliario.com/MLC-4029220616-oportunidad-en-venta-estudio-en-san-miguel-_JM
BAJA,4045523424,Salesiano  (75832),san-miguel,departamento,venta,3040.0,124168162,60,64,2,2,titulo_corto_tipo_nombre,https://portalinmobiliario.com/MLC-4045523424-salesiano-75832-_JM
BAJA,4068284822,Bella Vista Edificio Moderno,san-miguel,departamento,venta,1958.63,80000000.0,35,35,1,1,nombre_de_proyecto,https://portalinmobiliario.com/MLC-4068284822-bella-vista-edificio-moderno-_JM
BAJA,4045536558,San Ignacio  (95382),san-miguel,departamento,venta,3900.0,159294681,69,75,2,2,titulo_corto_tipo_nombre,https://portalinmobiliario.com/MLC-4045536558-san-ignacio-95382-_JM
BAJA,4045536570,Ventura Blanco Viel (73959),san-miguel,departamento,venta,3500.0,142956765,55,60,2,2,titulo_corto_tipo_nombre,https://portalinmobiliario.com/MLC-4045536570-ventura-blanco-viel-73959-_JM
BAJA,4029238970,Hermoso Departamento,san-miguel,departamento,venta,2800.0,114365412,45,48,2,2,titulo_corto_tipo_nombre,https://portalinmobiliario.com/MLC-4029238970-hermoso-departamento-_JM
BAJA,4045523524,La Marina (74079),san-miguel,departamento,venta,2815.54,115000000.0,43,45,2,1,titulo_corto_tipo_nombre,https://portalinmobiliario.com/MLC-4045523524-la-marina-74079-_JM
BAJA,4031987926,Increíble Departamento En El Corazón De San Miguel. El Llano,san-miguel,departamento,venta,7100.0,289998009,80,155,3,2,superficies_incoherentes,https://portalinmobiliario.com/MLC-4031987926-increible-departamento-en-el-corazon-de-san-miguel-el-llano-_JM
BAJA,4093510024,Maria Auxiliadora 721,san-miguel,departamento,venta,2035.0,83119148,37,40,2,1,titulo_corto_tipo_nombre,https://portalinmobiliario.com/MLC-4093510024-maria-auxiliadora-721-_JM
BAJA,4045106638,Departamento Studio,san-miguel,departamento,venta,1158.0,47298267,17,,1,1,titulo_corto_tipo_nombre | m2_util_minimo_de_rango,https://portalinmobiliario.com/MLC-4045106638-departamento-studio-_JM
BAJA,2007819223,Confort Y Estilo En Pleno Corazón Urbano (164022),san-miguel,departamento,venta,4390.0,179308628,72,87,2,2,nombre_de_proyecto,https://portalinmobiliario.com/MLC-2007819223-confort-y-estilo-en-pleno-corazon-urbano-164022-_JM
BAJA,4045523508,San Nicolás-san Miguel (74045),san-miguel,departamento,venta,3000.0,122534370,44,50,2,1,titulo_corto_tipo_nombre,https://portalinmobiliario.com/MLC-4045523508-san-nicolas-san-miguel-74045-_JM
BAJA,2028679439,Vista Despejada Luminoso Amplio 2d 1b (99355),san-miguel,departamento,venta,2950.0,120492130,38,46,2,1,nombre_de_proyecto,https://portalinmobiliario.com/MLC-2028679439-vista-despejada-luminoso-amplio-2d-1b-99355-_JM
BAJA,4045523484,Ventura Blanco Viel (74118),san-miguel,departamento,venta,4500.0,183801555,78,84,3,2,titulo_corto_tipo_nombre,https://portalinmobiliario.com/MLC-4045523484-ventura-blanco-viel-74118-_JM
BAJA,2027947377,Metro Lo Vial  (120547),san-miguel,departamento,venta,2276.91,93000000.0,62,62,2,1,titulo_corto_tipo_nombre,https://portalinmobiliario.com/MLC-2027947377-metro-lo-vial-120547-_JM
BAJA,4045562528,Gran Avenida/lo Ovalle (76183),san-miguel,departamento,venta,2800.0,114365412,47,53,2,2,titulo_corto_tipo_nombre,https://portalinmobiliario.com/MLC-4045562528-gran-avenidalo-ovalle-76183-_JM
BAJA,4045549468,San Petersburgo (73944),san-miguel,departamento,venta,1900.0,77605101,48,50,3,1,titulo_corto_tipo_nombre,https://portalinmobiliario.com/MLC-4045549468-san-petersburgo-73944-_JM
BAJA,3773043360,Departamento En Venta De 1 Dorm. En San Miguel,san-miguel,departamento,venta,1355.0,55344690,17,17,1,1,m2_util_minimo_de_rango,https://portalinmobiliario.com/MLC-3773043360-departamento-en-venta-de-1-dorm-en-san-miguel-_JM
BAJA,4230797092,Metro Lo Vial,san-miguel,departamento,venta,3600.0,147041244,69,73,3,2,titulo_corto_tipo_nombre,https://portalinmobiliario.com/MLC-4230797092-metro-lo-vial-_JM
BAJA,2084199171,Precio Liquidación! Vida De Barrio En San Miguel,san-miguel,departamento,venta,1890.0,77196653,31,35,1,1,nombre_de_proyecto,https://portalinmobiliario.com/MLC-2084199171-precio-liquidacion-vida-de-barrio-en-san-miguel-_JM
BAJA,4239752034,"Depto. Monoambiente Con Terraza, Estacionamiento Y Bodega.",san-miguel,departamento,venta,1750.0,71478382,18,20,1,1,m2_util_minimo_de_rango,https://portalinmobiliario.com/MLC-4239752034-depto-monoambiente-con-terraza-estacionamiento-y-bodega-_JM
BAJA,1990032757,Studio - Arrendado,san-miguel,departamento,venta,1235.0,50443316,22,22,1,1,titulo_corto_tipo_nombre,https://portalinmobiliario.com/MLC-1990032757-studio-arrendado-_JM
BAJA,1990058511,1d1b Con Bodega,san-miguel,departamento,venta,1660.0,67802351,32,32,1,1,titulo_corto_tipo_nombre,https://portalinmobiliario.com/MLC-1990058511-1d1b-con-bodega-_JM
BAJA,2037597141,Edificio Novena Avenida Vista Sur Piso 13,san-miguel,departamento,venta,2160.0,88224746,26,28,1,1,nombre_de_proyecto,https://portalinmobiliario.com/MLC-2037597141-edificio-novena-avenida-vista-sur-piso-13-_JM
BAJA,2037596897,Edificio Alcalde Pedro Alarcon Vista Poniente Piso 3,san-miguel,departamento,venta,3150.0,128661088,49,51,2,2,nombre_de_proyecto,https://portalinmobiliario.com/MLC-2037596897-edificio-alcalde-pedro-alarcon-vista-poniente-piso-3-_JM
BAJA,2037596877,Edificio Cuarta Avenida Vista Poniente Piso 17,san-miguel,departamento,venta,1924.0,78585376,22,22,0,1,nombre_de_proyecto,https://portalinmobiliario.com/MLC-2037596877-edificio-cuarta-avenida-vista-poniente-piso-17-_JM
BAJA,2039832815,Venta Departamento Maipu,san-miguel,departamento,venta,2350.36,96000000.0,43,45,2,1,titulo_corto_tipo_nombre,https://portalinmobiliario.com/MLC-2039832815-venta-departamento-maipu-_JM
BAJA,3986446168,Se Vende Hermoso Y Amplio Departamento  En San Miguel 3d 2b,san-miguel,departamento,venta,4200.0,171548118,6,95,3,2,superficies_incoherentes | m2_util_minimo_de_rango,https://portalinmobiliario.com/MLC-3986446168-se-vende-hermoso-y-amplio-departamento-en-san-miguel-3d-2b-_JM
BAJA,1955699859,Hermoso Departamento En Sector Residencial De San Miguel.,san-miguel,departamento,venta,3427.61,140000000.0,60,69,2,2,nombre_de_proyecto,https://portalinmobiliario.com/MLC-1955699859-hermoso-departamento-en-sector-residencial-de-san-miguel-_JM
BAJA,2037596909,Edificio Cuarta Avenida Vista Poniente Piso 5,san-miguel,departamento,venta,2160.0,88224746,36,40,2,1,nombre_de_proyecto,https://portalinmobiliario.com/MLC-2037596909-edificio-cuarta-avenida-vista-poniente-piso-5-_JM
BAJA,2037609495,Edificio Vargas Buston Vista Poniente Piso 6,san-miguel,departamento,venta,2374.0,96965531,44,47,2,1,nombre_de_proyecto,https://portalinmobiliario.com/MLC-2037609495-edificio-vargas-buston-vista-poniente-piso-6-_JM
BAJA,3941830480,Departamento De Alto Diseño En Un Gran Barrio Residencial,san-miguel,departamento,venta,7400.0,302251446,130,130,4,3,nombre_de_proyecto,https://portalinmobiliario.com/MLC-3941830480-departamento-de-alto-diseno-en-un-gran-barrio-residencial-_JM
BAJA,2037596961,Edificio Ventura Blanco Viel (1 Est. 1 Bod.) Vista Surponie,san-miguel,departamento,venta,4500.0,183801555,54,61,2,2,nombre_de_proyecto,https://portalinmobiliario.com/MLC-2037596961-edificio-ventura-blanco-viel-1-est-1-bod-vista-surponie-_JM
BAJA,2037596927,Edificio Ventura Blanco Viel (1 Est. 1 Bod.) Vista Surponie,san-miguel,departamento,venta,3552.0,145080694,54,61,2,2,nombre_de_proyecto,https://portalinmobiliario.com/MLC-2037596927-edificio-ventura-blanco-viel-1-est-1-bod-vista-surponie-_JM
BAJA,2037597065,Edificio Primera Avenida (1 Est.) Vista Sur Piso 4,san-miguel,departamento,venta,2800.0,114365412,53,54,3,2,nombre_de_proyecto,https://portalinmobiliario.com/MLC-2037597065-edificio-primera-avenida-1-est-vista-sur-piso-4-_JM
BAJA,2037609893,Edificio Carlos Silva Vildósola (1 Bod.) Vista Suroriente,san-miguel,departamento,venta,3150.0,128661088,46,50,2,1,nombre_de_proyecto,https://portalinmobiliario.com/MLC-2037609893-edificio-carlos-silva-vildosola-1-bod-vista-suroriente-_JM
BAJA,2037596963,Edificio Carmen Mena (1 Bod.) Vista Poniente Piso 5,san-miguel,departamento,venta,2300.0,93943017,27,30,1,1,nombre_de_proyecto,https://portalinmobiliario.com/MLC-2037596963-edificio-carmen-mena-1-bod-vista-poniente-piso-5-_JM
BAJA,2037610215,Edificio Av. Departamental (1 Est. 1 Bod.) Vista Norte Piso,san-miguel,departamento,venta,3852.0,157334131,56,59,2,2,nombre_de_proyecto,https://portalinmobiliario.com/MLC-2037610215-edificio-av-departamental-1-est-1-bod-vista-norte-piso-_JM
BAJA,4135250264,Edificio Av. Departamental Piso 5,san-miguel,departamento,venta,2036.0,83159992,,,1,1,nombre_de_proyecto,https://portalinmobiliario.com/MLC-4135250264-edificio-av-departamental-piso-5-_JM
BAJA,2037596935,Edificio Carmen Mena (1 Bod.) Vista Oriente Piso 8,san-miguel,departamento,venta,2113.0,86305041,31,33,1,1,nombre_de_proyecto,https://portalinmobiliario.com/MLC-2037596935-edificio-carmen-mena-1-bod-vista-oriente-piso-8-_JM
BAJA,2037597293,Edificio Octava Avenida (1 Est. 1 Bod.) Vista Poniente Piso,san-miguel,departamento,venta,2950.0,120492130,47,50,1,1,nombre_de_proyecto,https://portalinmobiliario.com/MLC-2037597293-edificio-octava-avenida-1-est-1-bod-vista-poniente-piso-_JM
BAJA,2037596965,Edificio Tercera Avenida Vista Oriente Piso 3,san-miguel,departamento,venta,2174.0,88796573,37,40,1,1,nombre_de_proyecto,https://portalinmobiliario.com/MLC-2037596965-edificio-tercera-avenida-vista-oriente-piso-3-_JM
BAJA,4143478018,Edificio María Auxiliadora (1 Est.) Vista Oriente Piso 16,san-miguel,departamento,venta,2500.0,102111975,34,36,2,1,nombre_de_proyecto,https://portalinmobiliario.com/MLC-4143478018-edificio-maria-auxiliadora-1-est-vista-oriente-piso-16-_JM
BAJA,2037597329,Edificio Curiñanca (1 Est. 1 Bod.) Vista Nororiente Piso 8,san-miguel,departamento,venta,4600.0,187886034,76,76,3,2,nombre_de_proyecto,https://portalinmobiliario.com/MLC-2037597329-edificio-curinanca-1-est-1-bod-vista-nororiente-piso-8-_JM
BAJA,2037566381,Edificio San Nicolás (1 Est.) Vista Poniente Piso 4,san-miguel,departamento,venta,2276.0,92962742,30,32,1,1,nombre_de_proyecto,https://portalinmobiliario.com/MLC-2037566381-edificio-san-nicolas-1-est-vista-poniente-piso-4-_JM
BAJA,2037609561,Edificio Lazo Vista Norte Piso 8,san-miguel,departamento,venta,2700.0,110280933,36,38,1,1,nombre_de_proyecto,https://portalinmobiliario.com/MLC-2037609561-edificio-lazo-vista-norte-piso-8-_JM
BAJA,2037566161,Edificio Av. Departamental Vista Oriente Piso 9,san-miguel,departamento,venta,3083.0,125924488,46,50,2,2,nombre_de_proyecto,https://portalinmobiliario.com/MLC-2037566161-edificio-av-departamental-vista-oriente-piso-9-_JM
BAJA,4143477888,Edificio Lazo Vista Poniente Piso 11,san-miguel,departamento,venta,3000.0,122534370,30,33,1,1,nombre_de_proyecto,https://portalinmobiliario.com/MLC-4143477888-edificio-lazo-vista-poniente-piso-11-_JM
BAJA,2037566655,Edificio Av. Departamental Piso 5,san-miguel,departamento,venta,2036.0,83159992,,,1,1,nombre_de_proyecto,https://portalinmobiliario.com/MLC-2037566655-edificio-av-departamental-piso-5-_JM
BAJA,2037610187,Edificio María Auxiliadora (1 Est.) Piso 16,san-miguel,departamento,venta,2200.0,89858538,45,47,3,1,nombre_de_proyecto,https://portalinmobiliario.com/MLC-2037610187-edificio-maria-auxiliadora-1-est-piso-16-_JM
BAJA,2037597533,Edificio María Auxiliadora (1 Est.) Vista Poniente Piso 18,san-miguel,departamento,venta,2200.0,89858538,45,47,3,1,nombre_de_proyecto,https://portalinmobiliario.com/MLC-2037597533-edificio-maria-auxiliadora-1-est-vista-poniente-piso-18-_JM
BAJA,2037566657,Edificio Av. Departamental Piso 22,san-miguel,departamento,venta,2062.0,84221957,,,1,1,nombre_de_proyecto,https://portalinmobiliario.com/MLC-2037566657-edificio-av-departamental-piso-22-_JM
BAJA,4143478002,Edificio Primera Avenida (1 Est. 1 Bod.) Vista Norte Piso 8,san-miguel,departamento,venta,3074.0,125556884,47,58,2,2,nombre_de_proyecto,https://portalinmobiliario.com/MLC-4143478002-edificio-primera-avenida-1-est-1-bod-vista-norte-piso-8-_JM
BAJA,2037609493,Edificio Cuarta Avenida (1 Est. 1 Bod.) Vista Norte Piso 18,san-miguel,departamento,venta,3255.0,132949791,57,57,3,2,nombre_de_proyecto,https://portalinmobiliario.com/MLC-2037609493-edificio-cuarta-avenida-1-est-1-bod-vista-norte-piso-18-_JM
BAJA,2037609497,Edificio Vargas Buston Vista Oriente Piso 5,san-miguel,departamento,venta,1942.0,79320582,34,37,1,1,nombre_de_proyecto,https://portalinmobiliario.com/MLC-2037609497-edificio-vargas-buston-vista-oriente-piso-5-_JM
BAJA,2037609571,Edificio Carlos Silva Vildósola (1 Est. 1 Bod.) Vista Orie,san-miguel,departamento,venta,3990.0,162970712,55,59,2,2,nombre_de_proyecto,https://portalinmobiliario.com/MLC-2037609571-edificio-carlos-silva-vildosola-1-est-1-bod-vista-orie-_JM
BAJA,2037609871,Edificio Frankfort Vista Poniente Piso 15,san-miguel,departamento,venta,2205.0,90062762,50,51,2,2,nombre_de_proyecto,https://portalinmobiliario.com/MLC-2037609871-edificio-frankfort-vista-poniente-piso-15-_JM
BAJA,2037610055,Edificio San Nicolás Vista Poniente Piso 1,san-miguel,departamento,venta,1923.0,78544531,26,28,1,1,nombre_de_proyecto,https://portalinmobiliario.com/MLC-2037610055-edificio-san-nicolas-vista-poniente-piso-1-_JM
BAJA,2037566395,Edificio San Nicolás Vista Poniente Piso 4,san-miguel,departamento,venta,2000.0,81689580,30,32,1,1,nombre_de_proyecto,https://portalinmobiliario.com/MLC-2037566395-edificio-san-nicolas-vista-poniente-piso-4-_JM
BAJA,2037597525,Edificio Av. Sta. Rosa Piso 12,san-miguel,departamento,venta,1743.0,71192469,42,42,2,1,nombre_de_proyecto,https://portalinmobiliario.com/MLC-2037597525-edificio-av-sta-rosa-piso-12-_JM
BAJA,2037566519,Edificio Cuarta Avenida Vista Poniente Piso 16,san-miguel,departamento,venta,1924.0,78585376,22,22,0,1,nombre_de_proyecto,https://portalinmobiliario.com/MLC-2037566519-edificio-cuarta-avenida-vista-poniente-piso-16-_JM
BAJA,2037609559,Edificio Alcalde Pedro Alarcón Piso 5,san-miguel,departamento,venta,3150.0,128661088,,,2,2,nombre_de_proyecto,https://portalinmobiliario.com/MLC-2037609559-edificio-alcalde-pedro-alarcon-piso-5-_JM
BAJA,2037609471,Edificio Ventura Blanco Viel Vista Norte Piso 8,san-miguel,departamento,venta,2307.0,94228931,33,38,1,1,nombre_de_proyecto,https://portalinmobiliario.com/MLC-2037609471-edificio-ventura-blanco-viel-vista-norte-piso-8-_JM
BAJA,2037610195,Edificio Av. Sta. Rosa (1 Est. 1 Bod.) Vista Nororiente Pis,san-miguel,departamento,venta,1927.0,78707910,45,47,3,1,nombre_de_proyecto,https://portalinmobiliario.com/MLC-2037610195-edificio-av-sta-rosa-1-est-1-bod-vista-nororiente-pis-_JM
BAJA,2037609457,Edificio Cuarta Avenida Vista Surponiente Piso 5,san-miguel,departamento,venta,2185.0,89245866,38,42,2,1,nombre_de_proyecto,https://portalinmobiliario.com/MLC-2037609457-edificio-cuarta-avenida-vista-surponiente-piso-5-_JM
BAJA,2037597535,Edificio Av. Sta. Rosa (1 Est.) Piso 10,san-miguel,departamento,venta,2000.0,81689580,45,47,3,1,nombre_de_proyecto,https://portalinmobiliario.com/MLC-2037597535-edificio-av-sta-rosa-1-est-piso-10-_JM
BAJA,2037566091,Edificio Av. Sta. Rosa Vista Oriente Piso 7,san-miguel,departamento,venta,2240.0,91492330,50,50,3,1,nombre_de_proyecto,https://portalinmobiliario.com/MLC-2037566091-edificio-av-sta-rosa-vista-oriente-piso-7-_JM
BAJA,2037597529,Edificio Av. Sta. Rosa Piso 9,san-miguel,departamento,venta,1863.0,76093844,47,47,3,1,nombre_de_proyecto,https://portalinmobiliario.com/MLC-2037597529-edificio-av-sta-rosa-piso-9-_JM
BAJA,2079805543,Casita Interior,san-miguel,casa,arriendo,12.24,500000.0,50,70,2,1,titulo_corto_tipo_nombre,https://portalinmobiliario.com/MLC-2079805543-casita-interior-_JM
BAJA,2950254400,Lazo Ii,san-miguel,departamento,arriendo,10.45,427000.0,50,52,2,1,titulo_corto_tipo_nombre,https://portalinmobiliario.com/MLC-2950254400-lazo-ii-_JM
BAJA,3543378190,Barrio Teresa Vial,san-miguel,departamento,arriendo,9.28,379000.0,35,54,1,1,nombre_de_proyecto,https://portalinmobiliario.com/MLC-3543378190-barrio-teresa-vial-_JM
BAJA,2953977670,Lazo I,san-miguel,departamento,arriendo,8.47,346000.0,33,38,1,1,titulo_corto_tipo_nombre,https://portalinmobiliario.com/MLC-2953977670-lazo-i-_JM
BAJA,3543721088,Guardiamarina,san-miguel,departamento,arriendo,8.52,348000.0,32,35,1,1,titulo_corto_tipo_nombre,https://portalinmobiliario.com/MLC-3543721088-guardiamarina-_JM
BAJA,3455987354,Toledo Rent,san-miguel,departamento,arriendo,7.52,307000.0,33,36,1,1,titulo_corto_tipo_nombre,https://portalinmobiliario.com/MLC-3455987354-toledo-rent-_JM
BAJA,1562434167,Carnot,san-miguel,departamento,arriendo,7.44,304000.0,28,30,1,1,titulo_corto_tipo_nombre,https://portalinmobiliario.com/MLC-1562434167-carnot-_JM
BAJA,2074083539,Departamento Avenida Centenario Torre B Id: 133625,san-miguel,departamento,arriendo,13.47,550000.0,55,562,3,2,superficies_incoherentes,https://portalinmobiliario.com/MLC-2074083539-departamento-avenida-centenario-torre-b-id-133625-_JM
BAJA,4212340128,Edificio Av. Departamental Vista Oriente Piso 8,san-miguel,departamento,arriendo,7.47,305000.0,30,30,1,1,nombre_de_proyecto,https://portalinmobiliario.com/MLC-4212340128-edificio-av-departamental-vista-oriente-piso-8-_JM
BAJA,4228876490,Edificio Cuarta Avenida Vista Suroriente Piso 8,san-miguel,departamento,arriendo,9.79,400000.0,38,42,2,1,nombre_de_proyecto,https://portalinmobiliario.com/MLC-4228876490-edificio-cuarta-avenida-vista-suroriente-piso-8-_JM
BAJA,2037562743,Edificio San Petersburgo (1 Est. 1 Bod.) Vista Oriente Piso,san-miguel,departamento,arriendo,12.61,515000.0,45,47,3,1,nombre_de_proyecto,https://portalinmobiliario.com/MLC-2037562743-edificio-san-petersburgo-1-est-1-bod-vista-oriente-piso-_JM
BAJA,2037562115,Edificio Av. Departamental Vista Poniente Piso 5,san-miguel,departamento,arriendo,7.59,310000.0,31,33,1,1,nombre_de_proyecto,https://portalinmobiliario.com/MLC-2037562115-edificio-av-departamental-vista-poniente-piso-5-_JM
BAJA,2061516801,Edificio Av. Departamental Vista Norponiente Piso 9,san-miguel,departamento,arriendo,7.59,310000.0,32,32,1,1,nombre_de_proyecto,https://portalinmobiliario.com/MLC-2061516801-edificio-av-departamental-vista-norponiente-piso-9-_JM
BAJA,2037561767,Edificio Lazo Vista Poniente Piso 8,san-miguel,departamento,arriendo,8.57,350000.0,30,33,1,1,nombre_de_proyecto,https://portalinmobiliario.com/MLC-2037561767-edificio-lazo-vista-poniente-piso-8-_JM
BAJA,2037486689,Edificio Av. Departamental Vista Poniente Piso 11,san-miguel,departamento,arriendo,7.59,310000.0,31,33,1,1,nombre_de_proyecto,https://portalinmobiliario.com/MLC-2037486689-edificio-av-departamental-vista-poniente-piso-11-_JM
BAJA,2045626919,Edificio Av. Departamental Vista Oriente Piso 5,san-miguel,departamento,arriendo,10.16,415000.0,46,50,2,2,nombre_de_proyecto,https://portalinmobiliario.com/MLC-2045626919-edificio-av-departamental-vista-oriente-piso-5-_JM
BAJA,4142643442,Edificio Av. Departamental Vista Poniente Piso 1,san-miguel,departamento,arriendo,7.59,310000.0,32,34,1,1,nombre_de_proyecto,https://portalinmobiliario.com/MLC-4142643442-edificio-av-departamental-vista-poniente-piso-1-_JM
BAJA,2037561269,Edificio Av. Sta. Rosa (1 Est.) Vista Poniente Piso 3,san-miguel,departamento,arriendo,9.18,375000.0,43,43,2,1,nombre_de_proyecto,https://portalinmobiliario.com/MLC-2037561269-edificio-av-sta-rosa-1-est-vista-poniente-piso-3-_JM
BAJA,4142643160,Edificio Alcalde Pedro Alarcón (1 Est.) Vista Norte Piso 3,san-miguel,departamento,arriendo,11.87,485000.0,50,52,2,2,nombre_de_proyecto,https://portalinmobiliario.com/MLC-4142643160-edificio-alcalde-pedro-alarcon-1-est-vista-norte-piso-3-_JM
BAJA,2037487697,Edificio Carlos Silva Vildósola (1 Est.) Vista Poniente Pi,san-miguel,departamento,arriendo,8.57,350000.0,34,37,1,1,nombre_de_proyecto,https://portalinmobiliario.com/MLC-2037487697-edificio-carlos-silva-vildosola-1-est-vista-poniente-pi-_JM
BAJA,2037486193,Edificio Frankfort Vista Oriente Piso 4,san-miguel,departamento,arriendo,6.12,250000.0,17,17,0,1,nombre_de_proyecto | m2_util_minimo_de_rango,https://portalinmobiliario.com/MLC-2037486193-edificio-frankfort-vista-oriente-piso-4-_JM
BAJA,2037593091,Edificio Carlos Silva Vildósola Vista Sur Piso 2,san-miguel,departamento,arriendo,6.61,270000.0,30,33,1,1,nombre_de_proyecto,https://portalinmobiliario.com/MLC-2037593091-edificio-carlos-silva-vildosola-vista-sur-piso-2-_JM
BAJA,2037606159,Edificio San Petersburgo Vista Norte Piso 9,san-miguel,departamento,arriendo,8.08,330000.0,47,50,3,1,nombre_de_proyecto,https://portalinmobiliario.com/MLC-2037606159-edificio-san-petersburgo-vista-norte-piso-9-_JM
BAJA,2037485943,Edificio Alcalde Pedro Alarcón (1 Est. 1 Bod.) Vista Ponie,san-miguel,departamento,arriendo,11.38,465000.0,49,50,2,2,nombre_de_proyecto,https://portalinmobiliario.com/MLC-2037485943-edificio-alcalde-pedro-alarcon-1-est-1-bod-vista-ponie-_JM
BAJA,2037606553,Edificio Av. La Marina (1 Bod.) Vista Suroriente Piso 9,san-miguel,departamento,arriendo,12.24,500000.0,66,69,3,2,nombre_de_proyecto,https://portalinmobiliario.com/MLC-2037606553-edificio-av-la-marina-1-bod-vista-suroriente-piso-9-_JM
BAJA,2041115011,Amplio Departamento Excelente Ubicación,san-miguel,departamento,arriendo,12.24,500000.0,52,55,2,2,titulo_corto_tipo_nombre,https://portalinmobiliario.com/MLC-2041115011-amplio-departamento-excelente-ubicacion-_JM
BAJA,1986453911,"Acogedor Dpto Mariposa, Vista Despejada.2d-2b-1e-1b",san-miguel,departamento,arriendo,11.51,470000.0,55,60,2,2,nombre_de_proyecto,https://portalinmobiliario.com/MLC-1986453911-acogedor-dpto-mariposa-vista-despejada2d-2b-1e-1b-_JM
BAJA,4217812764,Amplio Dpto Remodelado,san-miguel,departamento,arriendo,17.14,700000.0,50,50,3,2,titulo_corto_tipo_nombre,https://portalinmobiliario.com/MLC-4217812764-amplio-dpto-remodelado-_JM
BAJA,4146270812,Depto 1d/1b Con Terraza Vista Oriente. Arrienda Su Dueño,san-miguel,departamento,arriendo,7.34,300000.0,39,39,1,1,nombre_de_proyecto,https://portalinmobiliario.com/MLC-4146270812-depto-1d1b-con-terraza-vista-oriente-arrienda-su-dueno-_JM
BAJA,2004370753,Departamento En Arriendo En San Miguel,san-miguel,departamento,arriendo,8.0,326758,21,21,0,1,m2_util_minimo_de_rango,https://portalinmobiliario.com/MLC-2004370753-departamento-en-arriendo-en-san-miguel-_JM
BAJA,4209724918,Penthouse Con Terraza Gigante Y Piscina Privada En Arriendo,san-miguel,departamento,arriendo,46.52,1900000.0,200,400,4,4,superficies_incoherentes,https://portalinmobiliario.com/MLC-4209724918-penthouse-con-terraza-gigante-y-piscina-privada-en-arriendo-_JM
BAJA,4187207438,Arriendo Depto. Segunda Avda 1146 San Miguel Estilo Mariposa,san-miguel,departamento,arriendo,13.47,550000.0,4,46,2,2,superficies_incoherentes | m2_util_minimo_de_rango,https://portalinmobiliario.com/MLC-4187207438-arriendo-depto-segunda-avda-1146-san-miguel-estilo-mariposa-_JM
BAJA,4182779402,"Depto 1 Dormitorio Con Bodega, Edificio Berlin, San Miguel",san-miguel,departamento,arriendo,9.55,390000.0,41,41,1,1,nombre_de_proyecto,https://portalinmobiliario.com/MLC-4182779402-depto-1-dormitorio-con-bodega-edificio-berlin-san-miguel-_JM
BAJA,4162502180,Metro Lo Vial.  Barrio Residencial.  Cod1707,san-miguel,departamento,arriendo,10.5,429000.0,53,58,2,1,nombre_de_proyecto,https://portalinmobiliario.com/MLC-4162502180-metro-lo-vial-barrio-residencial-cod1707-_JM
BAJA,4217828822,Departamento En Arriendo De 1 Dorm. En San Miguel,san-miguel,departamento,arriendo,5.61,229000.0,18,21,1,1,m2_util_minimo_de_rango,https://portalinmobiliario.com/MLC-4217828822-departamento-en-arriendo-de-1-dorm-en-san-miguel-_JM
BAJA,4213382580,Arriendo Penthouse Duplex Terrazas 2 Estac Impeque Mto Llano,san-miguel,departamento,arriendo,44.0,1797171,200,470,3,3,superficies_incoherentes,https://portalinmobiliario.com/MLC-4213382580-arriendo-penthouse-duplex-terrazas-2-estac-impeque-mto-llano-_JM
BAJA,2076506827,Buena Locomoción Colectiva (176400),san-miguel,departamento,arriendo,7.83,320000.0,43,43,2,1,titulo_corto_tipo_nombre,https://portalinmobiliario.com/MLC-2076506827-buena-locomocion-colectiva-176400-_JM
BAJA,2086448773,Buen Precio | Buena Vista | Mall El Llano (176926),san-miguel,departamento,arriendo,80.79,3300000.0,50,53,3,1,nombre_de_proyecto,https://portalinmobiliario.com/MLC-2086448773-buen-precio-buena-vista-mall-el-llano-176926-_JM
BAJA,2079124997,"Arriendo Amplio Depto.  Semi Amoblado De 3d, 2b Mas Estac. Y",san-miguel,departamento,arriendo,12.98,530000.0,62,124,3,2,superficies_incoherentes,https://portalinmobiliario.com/MLC-2079124997-arriendo-amplio-depto-semi-amoblado-de-3d-2b-mas-estac-y-_JM
BAJA,2087346555,Arriendo Estudio Práctico En San Miguel  Excelente Ubicación,san-miguel,departamento,arriendo,5.88,240000.0,18,20,1,1,m2_util_minimo_de_rango,https://portalinmobiliario.com/MLC-2087346555-arriendo-estudio-practico-en-san-miguel-excelente-ubicacion-_JM
BAJA,4235780908,Rivas Con Gran Avenida,san-miguel,departamento,arriendo,7.22,295000.0,29,33,1,1,titulo_corto_tipo_nombre,https://portalinmobiliario.com/MLC-4235780908-rivas-con-gran-avenida-_JM
BAJA,4188219210,Depatamento En Arriendo De 2 D 2 B 1 E Metro San Miguel,san-miguel,departamento,arriendo,13.71,560000.0,3,75,2,2,superficies_incoherentes | m2_util_minimo_de_rango,https://portalinmobiliario.com/MLC-4188219210-depatamento-en-arriendo-de-2-d-2-b-1-e-metro-san-miguel-_JM
BAJA,4198324858,Arriendo Depto Tipo Estudio | San Miguel | 20 M2 | Oriente,san-miguel,departamento,arriendo,6.61,270000.0,18,20,0,1,m2_util_minimo_de_rango,https://portalinmobiliario.com/MLC-4198324858-arriendo-depto-tipo-estudio-san-miguel-20-m2-oriente-_JM
BAJA,4201731140,Precioso Departamento Vargas Buston,san-miguel,departamento,arriendo,13.47,550000.0,62,62,2,2,titulo_corto_tipo_nombre,https://portalinmobiliario.com/MLC-4201731140-precioso-departamento-vargas-buston-_JM
BAJA,2045854571,Metro El Llano,san-miguel,departamento,arriendo,11.26,460000.0,43,45,2,1,titulo_corto_tipo_nombre,https://portalinmobiliario.com/MLC-2045854571-metro-el-llano-_JM
BAJA,4191768676,1 (170564),san-miguel,departamento,arriendo,10.77,440000.0,50,53,2,1,titulo_corto_tipo_nombre,https://portalinmobiliario.com/MLC-4191768676-1-170564-_JM
BAJA,4164771868,Departamento Amoblado 2 Dormitorios 1 Baño,san-miguel,departamento,arriendo,10.53,430000.0,4,52,2,1,superficies_incoherentes | m2_util_minimo_de_rango,https://portalinmobiliario.com/MLC-4164771868-departamento-amoblado-2-dormitorios-1-bano-_JM
BAJA,2020104319,Arriendo San Petersb San Miguel,san-miguel,departamento,arriendo,7.0,285914,45,40002,3,1,superficies_incoherentes,https://portalinmobiliario.com/MLC-2020104319-arriendo-san-petersb-san-miguel-_JM
BAJA,4235677286,Amplio Departamento 1 Dormitorio,san-miguel,departamento,arriendo,7.16,292500.0,29,33,1,1,titulo_corto_tipo_nombre,https://portalinmobiliario.com/MLC-4235677286-amplio-departamento-1-dormitorio-_JM
BAJA,4235159596,"Edificio Simonetti, Amplio Departamento",san-miguel,departamento,arriendo,7.1,290000.0,29,33,1,1,inmobiliaria_en_titulo | nombre_de_proyecto,https://portalinmobiliario.com/MLC-4235159596-edificio-simonetti-amplio-departamento-_JM
BAJA,2048421023,"Luminoso Y Cómodo, Ideal Para Inversión (163126)",san-miguel,departamento,arriendo,20.81,850000.0,64,134,2,2,superficies_incoherentes,https://portalinmobiliario.com/MLC-2048421023-luminoso-y-comodo-ideal-para-inversion-163126-_JM
BAJA,2066642915,"Luminoso Dpto, 1 Hab-1b. Frankfort 5071 (135569)",san-miguel,departamento,arriendo,8.08,330000.0,30,60,1,1,superficies_incoherentes,https://portalinmobiliario.com/MLC-2066642915-luminoso-dpto-1-hab-1b-frankfort-5071-135569-_JM
BAJA,4155619942,Hermoso Depto En Condominio En San Miguel (174446),san-miguel,departamento,arriendo,14.2,580000.0,68,70,2,1,nombre_de_proyecto,https://portalinmobiliario.com/MLC-4155619942-hermoso-depto-en-condominio-en-san-miguel-174446-_JM
BAJA,4164770342,Hermoso Y Amplio Dpto 3d2b+e En San Miguel,san-miguel,departamento,arriendo,13.71,560000.0,1,56,3,2,superficies_incoherentes | m2_util_minimo_de_rango,https://portalinmobiliario.com/MLC-4164770342-hermoso-y-amplio-dpto-3d2be-en-san-miguel-_JM
BAJA,4168122602,"Moderno, 2 Dorm, 1 Baño, Terraza, Vista Despejada, P Alarcon",san-miguel,departamento,arriendo,10.28,420000.0,43,46,2,1,nombre_de_proyecto,https://portalinmobiliario.com/MLC-4168122602-moderno-2-dorm-1-bano-terraza-vista-despejada-p-alarcon-_JM
BAJA,2049063929,"Vista Oriente, 1d/1b + Est Y Bod, Metro Departamental",san-miguel,departamento,arriendo,9.79,400000.0,36,38,1,1,nombre_de_proyecto,https://portalinmobiliario.com/MLC-2049063929-vista-oriente-1d1b-est-y-bod-metro-departamental-_JM
BAJA,4191759158,"Depto 1d&#43;1b C/estacionamiento Y Bodega, San Miguel",san-miguel,departamento,arriendo,9.3,380000.0,4,35,1,1,superficies_incoherentes | m2_util_minimo_de_rango,https://portalinmobiliario.com/MLC-4191759158-depto-1d431b-cestacionamiento-y-bodega-san-miguel-_JM
BAJA,4191863144,Departamento 2d2b Con Excelente Ubicación Vista Poniente.,san-miguel,departamento,arriendo,10.28,420000.0,48,50,2,2,nombre_de_proyecto,https://portalinmobiliario.com/MLC-4191863144-departamento-2d2b-con-excelente-ubicacion-vista-poniente-_JM
BAJA,2053555953,Departamento En Arriendo De 1 Dorm. En San Miguel,san-miguel,departamento,arriendo,7.1,290000.0,1,1,1,1,m2_util_minimo_de_rango,https://portalinmobiliario.com/MLC-2053555953-departamento-en-arriendo-de-1-dorm-en-san-miguel-_JM
BAJA,2081850539,San Nicolas Piso 25,san-miguel,departamento,arriendo,16.65,680000.0,92,98,3,2,titulo_corto_tipo_nombre,https://portalinmobiliario.com/MLC-2081850539-san-nicolas-piso-25-_JM
BAJA,4212315908,"Home Estudio. Maria Auxiliadora 975, San Miguel.",san-miguel,departamento,arriendo,7.17,293000.0,28,28,1,1,nombre_de_proyecto,https://portalinmobiliario.com/MLC-4212315908-home-estudio-maria-auxiliadora-975-san-miguel-_JM
BAJA,4191870890,Metro Departamental Home Studio,san-miguel,departamento,arriendo,6.37,260000.0,28,28,1,1,nombre_de_proyecto,https://portalinmobiliario.com/MLC-4191870890-metro-departamental-home-studio-_JM
BAJA,4201744764,Salesianos/san Ignacio,san-miguel,departamento,arriendo,14.69,600000.0,66,70,3,2,titulo_corto_tipo_nombre,https://portalinmobiliario.com/MLC-4201744764-salesianossan-ignacio-_JM
BAJA,4188277188,Dpto 2d/1b/est Piso 10 Vista Despejada Metro San Miguel,san-miguel,departamento,arriendo,11.26,460000.0,52,52,2,2,nombre_de_proyecto,https://portalinmobiliario.com/MLC-4188277188-dpto-2d1best-piso-10-vista-despejada-metro-san-miguel-_JM
BAJA,4219657356,"Amplio Dpto, Completamente Renovado",san-miguel,departamento,arriendo,14.44,590000.0,55,62,3,2,titulo_corto_tipo_nombre,https://portalinmobiliario.com/MLC-4219657356-amplio-dpto-completamente-renovado-_JM
BAJA,2046362707,Maravilloso Home Studio En 3ra Avenida San Miguel,san-miguel,departamento,arriendo,6.61,270000.0,27,27,1,1,nombre_de_proyecto,https://portalinmobiliario.com/MLC-2046362707-maravilloso-home-studio-en-3ra-avenida-san-miguel-_JM
BAJA,2053554441,"Departamento 2d, 2b, 1e En Hermoso Condominio.",san-miguel,departamento,arriendo,11.02,450000.0,54,54,2,1,nombre_de_proyecto,https://portalinmobiliario.com/MLC-2053554441-departamento-2d-2b-1e-en-hermoso-condominio-_JM
BAJA,4089216576,Dpto Al Lado Espacio Urbano Gran Avenida,san-miguel,departamento,arriendo,8.32,340000.0,35,35,1,1,nombre_de_proyecto,https://portalinmobiliario.com/MLC-4089216576-dpto-al-lado-espacio-urbano-gran-avenida-_JM
BAJA,4208896262,Home Estudio De 19 M2 En San Miguel,san-miguel,departamento,arriendo,5.14,210000.0,19,19,1,0,nombre_de_proyecto | m2_util_minimo_de_rango,https://portalinmobiliario.com/MLC-4208896262-home-estudio-de-19-m2-en-san-miguel-_JM
BAJA,4209026762,Metro Lo Vial - Vista Despejada San Miguel,san-miguel,departamento,arriendo,12.24,500000.0,65,69,3,2,nombre_de_proyecto,https://portalinmobiliario.com/MLC-4209026762-metro-lo-vial-vista-despejada-san-miguel-_JM
BAJA,2066616353,Metro Ciudad Del Niño,san-miguel,departamento,arriendo,6.61,270000.0,35,35,1,1,titulo_corto_tipo_nombre,https://portalinmobiliario.com/MLC-2066616353-metro-ciudad-del-nino-_JM
BAJA,4176371122,Metro Ciudad Del Niño,san-miguel,departamento,arriendo,13.44,549000.0,62,65,3,1,titulo_corto_tipo_nombre,https://portalinmobiliario.com/MLC-4176371122-metro-ciudad-del-nino-_JM
BAJA,4108778134,Departamento Tipo Studio,san-miguel,departamento,arriendo,5.39,220000.0,20,20,1,1,titulo_corto_tipo_nombre | m2_util_minimo_de_rango,https://portalinmobiliario.com/MLC-4108778134-departamento-tipo-studio-_JM
BAJA,4164770268,A 2 Cuadras Estación Metro Ciudad Del Niño,san-miguel,departamento,arriendo,5.63,230000.0,20,24,1,1,m2_util_minimo_de_rango,https://portalinmobiliario.com/MLC-4164770268-a-2-cuadras-estacion-metro-ciudad-del-nino-_JM
BAJA,4143477292,Vargas Buston / Chiloé,san-miguel,departamento,arriendo,14.44,590000.0,79,83,3,2,titulo_corto_tipo_nombre,https://portalinmobiliario.com/MLC-4143477292-vargas-buston-chiloe-_JM
BAJA,2027288319,Promoción Primer Mes,san-miguel,departamento,arriendo,8.57,350000.0,50,55,3,1,titulo_corto_tipo_nombre,https://portalinmobiliario.com/MLC-2027288319-promocion-primer-mes-_JM
BAJA,4216702136,"Depto 2 Dormitorios, 1 Baño + Estacionamiento - Condominio",san-miguel,departamento,arriendo,8.57,350000.0,45,43,2,1,nombre_de_proyecto,https://portalinmobiliario.com/MLC-4216702136-depto-2-dormitorios-1-bano-estacionamiento-condominio-_JM
BAJA,4218756050,Parque Salesianos Con Ggcc Incluidos,san-miguel,departamento,arriendo,10.89,445000.0,46,46,2,1,nombre_de_proyecto,https://portalinmobiliario.com/MLC-4218756050-parque-salesianos-con-ggcc-incluidos-_JM
BAJA,4135261208,Departamento Excelente Ubicación,san-miguel,departamento,arriendo,10.53,430000.0,68,68,2,2,titulo_corto_tipo_nombre,https://portalinmobiliario.com/MLC-4135261208-departamento-excelente-ubicacion-_JM
BAJA,4174087750,Depto. 2d+2b Con Vista Despejada En San Miguel,san-miguel,departamento,arriendo,15.91,650000.0,66,74,2,2,nombre_de_proyecto,https://portalinmobiliario.com/MLC-4174087750-depto-2d2b-con-vista-despejada-en-san-miguel-_JM
BAJA,4191175034,San Nicolás-gran Avenida,san-miguel,departamento,arriendo,18.85,770000.0,70,75,3,2,titulo_corto_tipo_nombre,https://portalinmobiliario.com/MLC-4191175034-san-nicolas-gran-avenida-_JM
BAJA,4116385050,"Excelente Depto 2d 2b, Cocina Tradicional Y Vista Despejada",san-miguel,departamento,arriendo,9.79,400000.0,60,62,2,2,nombre_de_proyecto,https://portalinmobiliario.com/MLC-4116385050-excelente-depto-2d-2b-cocina-tradicional-y-vista-despejada-_JM
BAJA,4230686180,Edificio Cuarta Avenida Vista Surponiente Piso 6,san-miguel,departamento,arriendo,10.04,410000.0,38,42,2,1,nombre_de_proyecto,https://portalinmobiliario.com/MLC-4230686180-edificio-cuarta-avenida-vista-surponiente-piso-6-_JM
BAJA,2079116473,Edificio Alvarez Toledo Vista Oriente Piso 11,san-miguel,departamento,arriendo,12.36,505000.0,53,65,2,2,nombre_de_proyecto,https://portalinmobiliario.com/MLC-2079116473-edificio-alvarez-toledo-vista-oriente-piso-11-_JM
BAJA,2076410561,Edificio Carmen Mena (1 Est. 1 Bod.) Vista Poniente Piso 10,san-miguel,departamento,arriendo,11.02,450000.0,37,39,2,1,nombre_de_proyecto,https://portalinmobiliario.com/MLC-2076410561-edificio-carmen-mena-1-est-1-bod-vista-poniente-piso-10-_JM
BAJA,2076804909,Edificio Alcalde Pedro Alarcón (1 Est.) Vista Oriente Piso,san-miguel,departamento,arriendo,8.81,360000.0,30,33,1,1,nombre_de_proyecto,https://portalinmobiliario.com/MLC-2076804909-edificio-alcalde-pedro-alarcon-1-est-vista-oriente-piso-_JM
BAJA,2084509401,Edificio Álvarez De Toledo (1 Est. 1 Bod.) Vista Surponien,san-miguel,departamento,arriendo,12.73,520000.0,59,65,2,2,nombre_de_proyecto,https://portalinmobiliario.com/MLC-2084509401-edificio-alvarez-de-toledo-1-est-1-bod-vista-surponien-_JM
BAJA,4234530126,Edificio Alcalde Pedro Alarcón (1 Est.) Vista Oriente Piso,san-miguel,departamento,arriendo,9.18,375000.0,30,33,1,1,nombre_de_proyecto,https://portalinmobiliario.com/MLC-4234530126-edificio-alcalde-pedro-alarcon-1-est-vista-oriente-piso-_JM
BAJA,2082129083,Edificio San Petersburgo Piso 3,san-miguel,departamento,arriendo,8.32,340000.0,42,42,3,1,nombre_de_proyecto,https://portalinmobiliario.com/MLC-2082129083-edificio-san-petersburgo-piso-3-_JM
BAJA,4229049586,Edificio San Petersburgo (1 Est.) Piso 13,san-miguel,departamento,arriendo,10.65,435000.0,45,47,3,1,nombre_de_proyecto,https://portalinmobiliario.com/MLC-4229049586-edificio-san-petersburgo-1-est-piso-13-_JM
BAJA,4221737192,Edificio San Petersburgo (1 Est.) Vista Surponiente Piso 6,san-miguel,departamento,arriendo,9.52,389000.0,50,52,3,1,nombre_de_proyecto,https://portalinmobiliario.com/MLC-4221737192-edificio-san-petersburgo-1-est-vista-surponiente-piso-6-_JM
BAJA,2084194169,Edificio San Petersburgo Vista Oriente Piso 8,san-miguel,departamento,arriendo,8.69,355000.0,45,47,3,1,nombre_de_proyecto,https://portalinmobiliario.com/MLC-2084194169-edificio-san-petersburgo-vista-oriente-piso-8-_JM
BAJA,2079445957,Santa Rosa/ Departamental/ Estacionamiento.,san-miguel,departamento,arriendo,10.28,420000.0,33,35,3,1,titulo_corto_tipo_nombre,https://portalinmobiliario.com/MLC-2079445957-santa-rosa-departamental-estacionamiento-_JM
BAJA,4218345256,Edificio Av. Salesianos (1 Est. 1 Bod.) Piso 2,san-miguel,departamento,arriendo,12.24,500000.0,,,2,2,nombre_de_proyecto,https://portalinmobiliario.com/MLC-4218345256-edificio-av-salesianos-1-est-1-bod-piso-2-_JM
BAJA,2037562083,Edificio Carnot Piso 2,san-miguel,departamento,arriendo,7.44,304000.0,30,30,1,1,nombre_de_proyecto,https://portalinmobiliario.com/MLC-2037562083-edificio-carnot-piso-2-_JM
BAJA,2037561267,Edificio Cuarta Avenida Vista Sur Piso 7,san-miguel,departamento,arriendo,10.16,415000.0,48,48,2,2,nombre_de_proyecto,https://portalinmobiliario.com/MLC-2037561267-edificio-cuarta-avenida-vista-sur-piso-7-_JM
BAJA,2037561895,Edificio Lazo I Vista Oriente Piso 9,san-miguel,departamento,arriendo,12.29,502000.0,59,62,2,2,nombre_de_proyecto,https://portalinmobiliario.com/MLC-2037561895-edificio-lazo-i-vista-oriente-piso-9-_JM
BAJA,2037562137,Edificio Carlos Silva Vildósola Vista Norte Piso 5,san-miguel,departamento,arriendo,8.45,345000.0,45,50,2,1,nombre_de_proyecto,https://portalinmobiliario.com/MLC-2037562137-edificio-carlos-silva-vildosola-vista-norte-piso-5-_JM
BAJA,2046337387,Edificio Carnot Piso 17,san-miguel,departamento,arriendo,10.77,440000.0,46,49,2,1,nombre_de_proyecto,https://portalinmobiliario.com/MLC-2046337387-edificio-carnot-piso-17-_JM
BAJA,2045617093,Edificio Lazo Ii Vista Poniente Piso 18,san-miguel,departamento,arriendo,8.05,329000.0,31,34,1,1,nombre_de_proyecto,https://portalinmobiliario.com/MLC-2045617093-edificio-lazo-ii-vista-poniente-piso-18-_JM
BAJA,2039837047,Edificio Carnot Piso 2,san-miguel,departamento,arriendo,10.18,416000.0,40,43,2,1,nombre_de_proyecto,https://portalinmobiliario.com/MLC-2039837047-edificio-carnot-piso-2-_JM
BAJA,4142643802,Edificio Alcalde Pedro Alarcón (1 Est.) Vista Surponiente,san-miguel,departamento,arriendo,11.26,460000.0,45,48,2,2,nombre_de_proyecto,https://portalinmobiliario.com/MLC-4142643802-edificio-alcalde-pedro-alarcon-1-est-vista-surponiente-_JM
BAJA,2042168635,Edificio Carlos Silva Vildósola (1 Est. 1 Bod.) Vista Nort,san-miguel,departamento,arriendo,10.89,445000.0,53,57,2,2,nombre_de_proyecto,https://portalinmobiliario.com/MLC-2042168635-edificio-carlos-silva-vildosola-1-est-1-bod-vista-nort-_JM
BAJA,2037593573,Edificio San Petersburgo (1 Est. 1 Bod.) Vista Norte Piso 1,san-miguel,departamento,arriendo,9.79,400000.0,42,44,2,1,nombre_de_proyecto,https://portalinmobiliario.com/MLC-2037593573-edificio-san-petersburgo-1-est-1-bod-vista-norte-piso-1-_JM
BAJA,4164772242,Edificio Toledo Rent Vista Suroriente Piso 6,san-miguel,departamento,arriendo,10.36,423000.0,51,55,2,2,nombre_de_proyecto,https://portalinmobiliario.com/MLC-4164772242-edificio-toledo-rent-vista-suroriente-piso-6-_JM
BAJA,4155623616,Edificio Lazo Ii Vista Norponiente Piso 17,san-miguel,departamento,arriendo,11.53,471000.0,54,61,2,2,nombre_de_proyecto,https://portalinmobiliario.com/MLC-4155623616-edificio-lazo-ii-vista-norponiente-piso-17-_JM
BAJA,2037593049,Edificio Carnot Piso 11,san-miguel,departamento,arriendo,7.47,305000.0,30,30,1,1,nombre_de_proyecto,https://portalinmobiliario.com/MLC-2037593049-edificio-carnot-piso-11-_JM
BAJA,2045849879,Edificio Carnot Piso 19,san-miguel,departamento,arriendo,10.09,412000.0,41,44,2,1,nombre_de_proyecto,https://portalinmobiliario.com/MLC-2045849879-edificio-carnot-piso-19-_JM
BAJA,2069471797,Edificio Carnot Vista Suroriente Piso 11,san-miguel,departamento,arriendo,8.54,349000.0,27,32,1,1,nombre_de_proyecto,https://portalinmobiliario.com/MLC-2069471797-edificio-carnot-vista-suroriente-piso-11-_JM
BAJA,2037593057,Edificio Carnot Vista Suroriente Piso 19,san-miguel,departamento,arriendo,8.57,350000.0,27,32,1,1,nombre_de_proyecto,https://portalinmobiliario.com/MLC-2037593057-edificio-carnot-vista-suroriente-piso-19-_JM
BAJA,4164897178,Edificio Lazo I Vista Surponiente Piso 11,san-miguel,departamento,arriendo,11.73,479000.0,54,61,2,2,nombre_de_proyecto,https://portalinmobiliario.com/MLC-4164897178-edificio-lazo-i-vista-surponiente-piso-11-_JM
BAJA,2037562113,Edificio Carnot Vista Suroriente Piso 14,san-miguel,departamento,arriendo,8.45,345000.0,27,32,1,1,nombre_de_proyecto,https://portalinmobiliario.com/MLC-2037562113-edificio-carnot-vista-suroriente-piso-14-_JM
BAJA,2037486683,Edificio Carnot Piso 12,san-miguel,departamento,arriendo,10.23,418000.0,40,43,2,1,nombre_de_proyecto,https://portalinmobiliario.com/MLC-2037486683-edificio-carnot-piso-12-_JM
BAJA,2037606751,Edificio San Petersburgo Vista Oriente Piso 4,san-miguel,departamento,arriendo,9.3,380000.0,42,44,2,1,nombre_de_proyecto,https://portalinmobiliario.com/MLC-2037606751-edificio-san-petersburgo-vista-oriente-piso-4-_JM
BAJA,4155494714,Edificio Carnot Vista Suroriente Piso 3,san-miguel,departamento,arriendo,8.5,347000.0,27,32,1,1,nombre_de_proyecto,https://portalinmobiliario.com/MLC-4155494714-edificio-carnot-vista-suroriente-piso-3-_JM
BAJA,4142643372,Edificio Lazo I Vista Surponiente Piso 3,san-miguel,departamento,arriendo,11.6,474000.0,54,61,2,2,nombre_de_proyecto,https://portalinmobiliario.com/MLC-4142643372-edificio-lazo-i-vista-surponiente-piso-3-_JM
BAJA,4146264200,Edificio Carnot Piso 18,san-miguel,departamento,arriendo,10.7,437000.0,45,48,2,1,nombre_de_proyecto,https://portalinmobiliario.com/MLC-4146264200-edificio-carnot-piso-18-_JM
BAJA,4143965362,Edificio Carnot Piso 2,san-miguel,departamento,arriendo,10.67,436000.0,45,48,2,1,nombre_de_proyecto,https://portalinmobiliario.com/MLC-4143965362-edificio-carnot-piso-2-_JM
BAJA,2037562103,Edificio Carnot Piso 10,san-miguel,departamento,arriendo,10.21,417000.0,40,43,2,1,nombre_de_proyecto,https://portalinmobiliario.com/MLC-2037562103-edificio-carnot-piso-10-_JM
BAJA,2037593043,Edificio Carnot Vista Suroriente Piso 6,san-miguel,departamento,arriendo,8.52,348000.0,27,32,1,1,nombre_de_proyecto,https://portalinmobiliario.com/MLC-2037593043-edificio-carnot-vista-suroriente-piso-6-_JM
BAJA,2037487343,Edificio Alcalde Pedro Alarcón Vista Norte Piso 7,san-miguel,departamento,arriendo,11.51,470000.0,51,51,2,2,nombre_de_proyecto,https://portalinmobiliario.com/MLC-2037487343-edificio-alcalde-pedro-alarcon-vista-norte-piso-7-_JM
BAJA,2037593599,Edificio San Petersburgo (1 Est. 1 Bod.) Piso 3,san-miguel,departamento,arriendo,8.81,360000.0,45,47,3,1,nombre_de_proyecto,https://portalinmobiliario.com/MLC-2037593599-edificio-san-petersburgo-1-est-1-bod-piso-3-_JM
BAJA,2059396115,Edificio Ventura Blanco Viel (1 Est.) Vista Sur Piso 3,san-miguel,departamento,arriendo,9.3,380000.0,34,40,1,1,nombre_de_proyecto,https://portalinmobiliario.com/MLC-2059396115-edificio-ventura-blanco-viel-1-est-vista-sur-piso-3-_JM
BAJA,2053133113,Edificio Av. Sta. Rosa (1 Est.) Vista Suroriente Piso 2,san-miguel,departamento,arriendo,11.02,450000.0,47,50,2,2,nombre_de_proyecto,https://portalinmobiliario.com/MLC-2053133113-edificio-av-sta-rosa-1-est-vista-suroriente-piso-2-_JM
BAJA,4142591232,Edificio Cuarta Avenida Vista Poniente Piso 12,san-miguel,departamento,arriendo,10.77,440000.0,44,44,2,2,nombre_de_proyecto,https://portalinmobiliario.com/MLC-4142591232-edificio-cuarta-avenida-vista-poniente-piso-12-_JM
BAJA,4146264630,Edificio San Petersburgo (1 Est. 1 Bod.) Vista Poniente Pis,san-miguel,departamento,arriendo,9.3,380000.0,45,47,3,1,nombre_de_proyecto,https://portalinmobiliario.com/MLC-4146264630-edificio-san-petersburgo-1-est-1-bod-vista-poniente-pis-_JM
BAJA,4142643224,Edificio Lazo Vista Poniente Piso 11,san-miguel,departamento,arriendo,8.69,355000.0,31,35,1,1,nombre_de_proyecto,https://portalinmobiliario.com/MLC-4142643224-edificio-lazo-vista-poniente-piso-11-_JM
BAJA,4142591584,Edificio Quinta Avenida Vista Sur Piso 6,san-miguel,departamento,arriendo,7.22,295000.0,27,27,1,1,nombre_de_proyecto,https://portalinmobiliario.com/MLC-4142591584-edificio-quinta-avenida-vista-sur-piso-6-_JM
BAJA,2037487291,Edificio San Petersburgo (1 Est.) Vista Norte Piso 14,san-miguel,departamento,arriendo,10.65,435000.0,45,47,3,1,nombre_de_proyecto,https://portalinmobiliario.com/MLC-2037487291-edificio-san-petersburgo-1-est-vista-norte-piso-14-_JM
BAJA,2046347733,Edificio San Petersburgo Vista Norte Piso 7,san-miguel,departamento,arriendo,8.45,345000.0,44,46,3,1,nombre_de_proyecto,https://portalinmobiliario.com/MLC-2046347733-edificio-san-petersburgo-vista-norte-piso-7-_JM
BAJA,2037593575,Edificio San Petersburgo Vista Oriente Piso 4,san-miguel,departamento,arriendo,8.69,355000.0,45,47,3,1,nombre_de_proyecto,https://portalinmobiliario.com/MLC-2037593575-edificio-san-petersburgo-vista-oriente-piso-4-_JM
BAJA,4142642690,Edificio Guardiamarina Vista Sur Piso 19,san-miguel,departamento,arriendo,8.54,349000.0,32,37,1,1,nombre_de_proyecto,https://portalinmobiliario.com/MLC-4142642690-edificio-guardiamarina-vista-sur-piso-19-_JM
BAJA,2037485743,Edificio Guardiamarina Vista Sur Piso 21,san-miguel,departamento,arriendo,8.52,348000.0,32,37,1,1,nombre_de_proyecto,https://portalinmobiliario.com/MLC-2037485743-edificio-guardiamarina-vista-sur-piso-21-_JM
BAJA,2037561177,Edificio Guardiamarina Vista Suroriente Piso 11,san-miguel,departamento,arriendo,8.81,360000.0,39,45,1,1,nombre_de_proyecto,https://portalinmobiliario.com/MLC-2037561177-edificio-guardiamarina-vista-suroriente-piso-11-_JM
BAJA,4196000518,Edificio Av. Sta. Rosa Vista Poniente Piso 4,san-miguel,departamento,arriendo,8.32,340000.0,42,45,2,1,nombre_de_proyecto,https://portalinmobiliario.com/MLC-4196000518-edificio-av-sta-rosa-vista-poniente-piso-4-_JM
BAJA,4142642686,Edificio Guardiamarina Vista Sur Piso 12,san-miguel,departamento,arriendo,8.57,350000.0,32,37,1,1,nombre_de_proyecto,https://portalinmobiliario.com/MLC-4142642686-edificio-guardiamarina-vista-sur-piso-12-_JM
BAJA,4142591146,Edificio Guardiamarina Vista Sur Piso 15,san-miguel,departamento,arriendo,8.59,351000.0,32,37,1,1,nombre_de_proyecto,https://portalinmobiliario.com/MLC-4142591146-edificio-guardiamarina-vista-sur-piso-15-_JM
BAJA,2037607093,Edificio Av. Sta. Rosa Vista Poniente Piso 18,san-miguel,departamento,arriendo,8.2,335000.0,40,42,2,1,nombre_de_proyecto,https://portalinmobiliario.com/MLC-2037607093-edificio-av-sta-rosa-vista-poniente-piso-18-_JM
BAJA,2037594555,Edificio Av. Salesianos Vista Poniente Piso 10,san-miguel,departamento,arriendo,10.04,410000.0,35,37,2,1,nombre_de_proyecto,https://portalinmobiliario.com/MLC-2037594555-edificio-av-salesianos-vista-poniente-piso-10-_JM
BAJA,2037487281,Edificio Av. Sta. Rosa Vista Poniente Piso 3,san-miguel,departamento,arriendo,8.81,360000.0,45,47,3,1,nombre_de_proyecto,https://portalinmobiliario.com/MLC-2037487281-edificio-av-sta-rosa-vista-poniente-piso-3-_JM
BAJA,2037606071,Edificio Av. Sta. Rosa Vista Oriente Piso 3,san-miguel,departamento,arriendo,8.57,350000.0,45,47,3,1,nombre_de_proyecto,https://portalinmobiliario.com/MLC-2037606071-edificio-av-sta-rosa-vista-oriente-piso-3-_JM
BAJA,2037487259,Edificio Av. Sta. Rosa Vista Nororiente Piso 13,san-miguel,departamento,arriendo,8.2,335000.0,45,47,3,1,nombre_de_proyecto,https://portalinmobiliario.com/MLC-2037487259-edificio-av-sta-rosa-vista-nororiente-piso-13-_JM
BAJA,2063379877,Edificio Av. Sta. Rosa Piso 9,san-miguel,departamento,arriendo,8.69,355000.0,47,47,3,1,nombre_de_proyecto,https://portalinmobiliario.com/MLC-2063379877-edificio-av-sta-rosa-piso-9-_JM
BAJA,4108982830,Excelente Depto. Octava Avda,san-miguel,departamento,arriendo,12.98,530000.0,55,50,2,2,titulo_corto_tipo_nombre,https://portalinmobiliario.com/MLC-4108982830-excelente-depto-octava-avda-_JM
BAJA,4142591642,Edificio Alvarez De Toledo (1 Est. 1 Bod.) Vista Oriente Pi,san-miguel,departamento,arriendo,11.02,450000.0,47,50,2,2,nombre_de_proyecto,https://portalinmobiliario.com/MLC-4142591642-edificio-alvarez-de-toledo-1-est-1-bod-vista-oriente-pi-_JM
BAJA,4164891650,Espectacular Departamento Semi-nuevo,san-miguel,departamento,arriendo,14.0,571827,51,60,2,2,titulo_corto_tipo_nombre,https://portalinmobiliario.com/MLC-4164891650-espectacular-departamento-semi-nuevo-_JM
BAJA,4142643948,Edificio Toledo Rent Vista Oriente Piso 11,san-miguel,departamento,arriendo,10.33,422000.0,49,52,2,2,nombre_de_proyecto,https://portalinmobiliario.com/MLC-4142643948-edificio-toledo-rent-vista-oriente-piso-11-_JM
BAJA,2037593067,Edificio Carnot Piso 2,san-miguel,departamento,arriendo,11.14,455000.0,47,49,2,2,nombre_de_proyecto,https://portalinmobiliario.com/MLC-2037593067-edificio-carnot-piso-2-_JM
BAJA,4142642834,Edificio Carmen Mena (1 Bod.) Vista Poniente Piso 8,san-miguel,departamento,arriendo,7.34,300000.0,25,27,1,1,nombre_de_proyecto,https://portalinmobiliario.com/MLC-4142642834-edificio-carmen-mena-1-bod-vista-poniente-piso-8-_JM
BAJA,2037487121,Edificio Toledo Rent Vista Oriente Piso 3,san-miguel,departamento,arriendo,9.67,395000.0,44,48,2,1,nombre_de_proyecto,https://portalinmobiliario.com/MLC-2037487121-edificio-toledo-rent-vista-oriente-piso-3-_JM
BAJA,2037486655,Edificio Carnot Piso 2,san-miguel,departamento,arriendo,10.04,410000.0,41,44,2,1,nombre_de_proyecto,https://portalinmobiliario.com/MLC-2037486655-edificio-carnot-piso-2-_JM
BAJA,4142643942,Edificio Toledo Rent Vista Sur Piso 3,san-miguel,departamento,arriendo,10.36,423000.0,52,56,2,2,nombre_de_proyecto,https://portalinmobiliario.com/MLC-4142643942-edificio-toledo-rent-vista-sur-piso-3-_JM
BAJA,2037485985,Edificio Av. Departamental (1 Est.) Vista Oriente Piso 4,san-miguel,departamento,arriendo,10.04,410000.0,46,50,2,2,nombre_de_proyecto,https://portalinmobiliario.com/MLC-2037485985-edificio-av-departamental-1-est-vista-oriente-piso-4-_JM
BAJA,2037593483,Edificio Toledo Rent Vista Poniente Piso 10,san-miguel,departamento,arriendo,7.57,309000.0,33,36,1,1,nombre_de_proyecto,https://portalinmobiliario.com/MLC-2037593483-edificio-toledo-rent-vista-poniente-piso-10-_JM
BAJA,4146281156,Edificio Lazo Ii Vista Poniente Piso 16,san-miguel,departamento,arriendo,8.42,344000.0,33,38,1,1,nombre_de_proyecto,https://portalinmobiliario.com/MLC-4146281156-edificio-lazo-ii-vista-poniente-piso-16-_JM
BAJA,2037593345,Edificio Av. Sta. Rosa (1 Est. 1 Bod.) Vista Norte Piso 4,san-miguel,departamento,arriendo,11.14,455000.0,49,52,2,2,nombre_de_proyecto,https://portalinmobiliario.com/MLC-2037593345-edificio-av-sta-rosa-1-est-1-bod-vista-norte-piso-4-_JM
BAJA,4161008396,Edificio Toledo Rent Vista Poniente Piso 9,san-miguel,departamento,arriendo,7.54,308000.0,33,36,1,1,nombre_de_proyecto,https://portalinmobiliario.com/MLC-4161008396-edificio-toledo-rent-vista-poniente-piso-9-_JM
BAJA,4142591874,Edificio Lazo I Vista Oriente Piso 12,san-miguel,departamento,arriendo,12.09,494000.0,59,62,2,2,nombre_de_proyecto,https://portalinmobiliario.com/MLC-4142591874-edificio-lazo-i-vista-oriente-piso-12-_JM
BAJA,2037485795,Edificio Cuarta Avenida Vista Poniente Piso 6,san-miguel,departamento,arriendo,7.83,320000.0,31,35,1,1,nombre_de_proyecto,https://portalinmobiliario.com/MLC-2037485795-edificio-cuarta-avenida-vista-poniente-piso-6-_JM
BAJA,2037593477,Edificio Toledo Rent Vista Poniente Piso 6,san-miguel,departamento,arriendo,7.59,310000.0,33,36,1,1,nombre_de_proyecto,https://portalinmobiliario.com/MLC-2037593477-edificio-toledo-rent-vista-poniente-piso-6-_JM
BAJA,4155688236,Edificio Lazo I Vista Oriente Piso 7,san-miguel,departamento,arriendo,12.22,499000.0,59,62,2,2,nombre_de_proyecto,https://portalinmobiliario.com/MLC-4155688236-edificio-lazo-i-vista-oriente-piso-7-_JM
BAJA,2037561385,Edificio Lazo Vista Oriente Piso 15,san-miguel,departamento,arriendo,8.57,350000.0,40,40,1,1,nombre_de_proyecto,https://portalinmobiliario.com/MLC-2037561385-edificio-lazo-vista-oriente-piso-15-_JM
BAJA,2045837907,Edificio Alcalde Pedro Alarcón (1 Est.) Vista Norte Piso 6,san-miguel,departamento,arriendo,11.87,485000.0,49,51,2,2,nombre_de_proyecto,https://portalinmobiliario.com/MLC-2045837907-edificio-alcalde-pedro-alarcon-1-est-vista-norte-piso-6-_JM
BAJA,2037561707,Edificio Carlos Silva Vildósola (1 Est. 1 Bod.) Vista Suro,san-miguel,departamento,arriendo,11.14,455000.0,49,54,2,1,nombre_de_proyecto,https://portalinmobiliario.com/MLC-2037561707-edificio-carlos-silva-vildosola-1-est-1-bod-vista-suro-_JM
BAJA,2037606053,Edificio Av. Sta. Rosa (1 Est.) Vista Oriente Piso 12,san-miguel,departamento,arriendo,9.18,375000.0,42,44,2,1,nombre_de_proyecto,https://portalinmobiliario.com/MLC-2037606053-edificio-av-sta-rosa-1-est-vista-oriente-piso-12-_JM
BAJA,4191175564,Edificio San Petersburgo (1 Est. 1 Bod.) Vista Nororiente P,san-miguel,departamento,arriendo,9.3,380000.0,45,47,3,1,nombre_de_proyecto,https://portalinmobiliario.com/MLC-4191175564-edificio-san-petersburgo-1-est-1-bod-vista-nororiente-p-_JM
BAJA,2037561227,Edificio Ventura Blanco Viel Vista Sur Piso 8,san-miguel,departamento,arriendo,10.04,410000.0,33,39,1,1,nombre_de_proyecto,https://portalinmobiliario.com/MLC-2037561227-edificio-ventura-blanco-viel-vista-sur-piso-8-_JM
BAJA,4142591142,Edificio Guardiamarina Vista Suroriente Piso 2,san-miguel,departamento,arriendo,8.64,353000.0,38,43,1,1,nombre_de_proyecto,https://portalinmobiliario.com/MLC-4142591142-edificio-guardiamarina-vista-suroriente-piso-2-_JM
BAJA,2064050669,Edificio Ventura Blanco Viel Vista Suroriente Piso 11,san-miguel,departamento,arriendo,11.02,450000.0,43,45,2,1,nombre_de_proyecto,https://portalinmobiliario.com/MLC-2064050669-edificio-ventura-blanco-viel-vista-suroriente-piso-11-_JM
BAJA,4201712452,Edificio Av. Centenario Vista Norte Piso 11,san-miguel,departamento,arriendo,10.77,440000.0,51,53,3,1,nombre_de_proyecto,https://portalinmobiliario.com/MLC-4201712452-edificio-av-centenario-vista-norte-piso-11-_JM
BAJA,4146256222,Edificio Guardiamarina Vista Norponiente Piso 2,san-miguel,departamento,arriendo,12.34,504000.0,54,59,2,2,nombre_de_proyecto,https://portalinmobiliario.com/MLC-4146256222-edificio-guardiamarina-vista-norponiente-piso-2-_JM
BAJA,2037486661,Edificio Carnot Vista Suroriente Piso 9,san-miguel,departamento,arriendo,11.78,481000.0,51,53,2,2,nombre_de_proyecto,https://portalinmobiliario.com/MLC-2037486661-edificio-carnot-vista-suroriente-piso-9-_JM
BAJA,4142643444,Edificio Euclides Vista Sur Piso 20,san-miguel,departamento,arriendo,7.59,310000.0,31,36,1,1,nombre_de_proyecto,https://portalinmobiliario.com/MLC-4142643444-edificio-euclides-vista-sur-piso-20-_JM
BAJA,4164779026,Edificio Lazo I Vista Norte Piso 12,san-miguel,departamento,arriendo,9.77,399000.0,41,43,2,1,nombre_de_proyecto,https://portalinmobiliario.com/MLC-4164779026-edificio-lazo-i-vista-norte-piso-12-_JM
BAJA,4142643370,Edificio Lazo I Vista Poniente Piso 12,san-miguel,departamento,arriendo,12.0,490000.0,59,62,2,2,nombre_de_proyecto,https://portalinmobiliario.com/MLC-4142643370-edificio-lazo-i-vista-poniente-piso-12-_JM
BAJA,2037563459,Edificio Cuarta Avenida Vista Oriente Piso 10,san-miguel,departamento,arriendo,7.34,300000.0,31,35,1,1,nombre_de_proyecto,https://portalinmobiliario.com/MLC-2037563459-edificio-cuarta-avenida-vista-oriente-piso-10-_JM
BAJA,2037562557,Edificio Toledo Rent Vista Oriente Piso 2,san-miguel,departamento,arriendo,9.62,393000.0,44,48,2,1,nombre_de_proyecto,https://portalinmobiliario.com/MLC-2037562557-edificio-toledo-rent-vista-oriente-piso-2-_JM
BAJA,2037594297,Edificio Frankfort Vista Oriente Piso 2,san-miguel,departamento,arriendo,6.37,260000.0,17,17,0,1,nombre_de_proyecto | m2_util_minimo_de_rango,https://portalinmobiliario.com/MLC-2037594297-edificio-frankfort-vista-oriente-piso-2-_JM
BAJA,2037606803,Edificio Tercera Avenida Vista Oriente Piso 16,san-miguel,departamento,arriendo,7.34,300000.0,29,32,1,1,nombre_de_proyecto,https://portalinmobiliario.com/MLC-2037606803-edificio-tercera-avenida-vista-oriente-piso-16-_JM
BAJA,2037606641,Edificio Primera Avenida (1 Bod.) Vista Oriente Piso 8,san-miguel,departamento,arriendo,9.79,400000.0,36,38,2,1,nombre_de_proyecto,https://portalinmobiliario.com/MLC-2037606641-edificio-primera-avenida-1-bod-vista-oriente-piso-8-_JM
BAJA,2037486083,Edificio Primera Avenida (1 Est.) Vista Sur Piso 4,san-miguel,departamento,arriendo,12.12,495000.0,53,54,3,2,nombre_de_proyecto,https://portalinmobiliario.com/MLC-2037486083-edificio-primera-avenida-1-est-vista-sur-piso-4-_JM
BAJA,2050900205,Edificio Alcalde Pedro Alarcón (1 Est.) Vista Poniente Pis,san-miguel,departamento,arriendo,10.77,440000.0,44,52,2,2,nombre_de_proyecto,https://portalinmobiliario.com/MLC-2050900205-edificio-alcalde-pedro-alarcon-1-est-vista-poniente-pis-_JM
BAJA,4120765400,Departamental /  Gran Avenida,san-miguel,departamento,arriendo,7.83,320000.0,42,44,2,1,titulo_corto_tipo_nombre,https://portalinmobiliario.com/MLC-4120765400-departamental-gran-avenida-_JM
BAJA,4105460974,Cómodo Y Amplio Departamento,san-miguel,departamento,arriendo,8.57,350000.0,35,40,1,1,titulo_corto_tipo_nombre,https://portalinmobiliario.com/MLC-4105460974-comodo-y-amplio-departamento-_JM
BAJA,2062113705,Edificio Av. Salesianos (1 Est. 1 Bod.) Vista Suroriente,san-miguel,departamento,arriendo,12.24,500000.0,68,68,3,2,nombre_de_proyecto,https://portalinmobiliario.com/MLC-2062113705-edificio-av-salesianos-1-est-1-bod-vista-suroriente-_JM
BAJA,2061590179,Metro San Miguel,san-miguel,departamento,arriendo,8.81,360000.0,38,42,1,1,titulo_corto_tipo_nombre,https://portalinmobiliario.com/MLC-2061590179-metro-san-miguel-_JM
BAJA,4105555666,A Pasos De Metro San Miguel / Seguridad En Condominio,san-miguel,departamento,arriendo,13.22,540000.0,55,60,2,2,nombre_de_proyecto,https://portalinmobiliario.com/MLC-4105555666-a-pasos-de-metro-san-miguel-seguridad-en-condominio-_JM
BAJA,2061578393,Amplio Dep. Barrio Tranquilo Medio Cuadra Ciudad Del Niño,san-miguel,departamento,arriendo,10.53,430000.0,75,70,2,2,nombre_de_proyecto,https://portalinmobiliario.com/MLC-2061578393-amplio-dep-barrio-tranquilo-medio-cuadra-ciudad-del-nino-_JM
BAJA,2031482683,Dueño Directo Un Ambiente Con Terraza Home Studio,san-miguel,departamento,arriendo,6.59,269000.0,25,28,1,1,nombre_de_proyecto,https://portalinmobiliario.com/MLC-2031482683-dueno-directo-un-ambiente-con-terraza-home-studio-_JM
BAJA,4230655016,"Carlos Silva Vildosola 870, Depto. 710 Barrio Franklin",san-miguel,departamento,arriendo,10.28,420000.0,54,57,2,2,nombre_de_proyecto,https://portalinmobiliario.com/MLC-4230655016-carlos-silva-vildosola-870-depto-710-barrio-franklin-_JM
BAJA,4234266876,Departamento Penthouse Fernando Lazcano - El Llano,san-miguel,departamento,arriendo,33.05,1350000.0,90,180,3,2,superficies_incoherentes,https://portalinmobiliario.com/MLC-4234266876-departamento-penthouse-fernando-lazcano-el-llano-_JM
BAJA,4188214128,Carlos Silva Vildosola 870 D1209 Barrio Franklin,san-miguel,departamento,arriendo,10.28,420000.0,57,62,2,2,nombre_de_proyecto,https://portalinmobiliario.com/MLC-4188214128-carlos-silva-vildosola-870-d1209-barrio-franklin-_JM
BAJA,2076831913,Hermoso Departamento 2d 2b 1e Vista A La Cordillera,san-miguel,departamento,arriendo,13.0,530982,60,65,2,2,nombre_de_proyecto,https://portalinmobiliario.com/MLC-2076831913-hermoso-departamento-2d-2b-1e-vista-a-la-cordillera-_JM
BAJA,4213162264,Depto Vista Al Oriente Cercano Metro C. Del Niño Con Estac,san-miguel,departamento,arriendo,9.3,380000.0,38,42,1,1,nombre_de_proyecto,https://portalinmobiliario.com/MLC-4213162264-depto-vista-al-oriente-cercano-metro-c-del-nino-con-estac-_JM
BAJA,2061521173,Dpto 2d 1b + Estacionamiento + Increíble Terraza Panorámica.,san-miguel,departamento,arriendo,11.26,460000.0,46,86,2,1,superficies_incoherentes,https://portalinmobiliario.com/MLC-2061521173-dpto-2d-1b-estacionamiento-increible-terraza-panoramica-_JM
BAJA,4223648656,Departamento Dormitorio+baño+bodega  San Miguel,san-miguel,departamento,arriendo,7.34,300000.0,50,50,1,1,titulo_corto_tipo_nombre,https://portalinmobiliario.com/MLC-4223648656-departamento-dormitoriobanobodega-san-miguel-_JM
BAJA,4162445942,Departamento En Excelente Ubicación,san-miguel,departamento,arriendo,11.26,460000.0,48,52,2,1,titulo_corto_tipo_nombre,https://portalinmobiliario.com/MLC-4162445942-departamento-en-excelente-ubicacion-_JM
BAJA,2035140049,Departamento En San Miguel,san-miguel,departamento,arriendo,11.75,480000.0,48,54,2,1,titulo_corto_tipo_nombre,https://portalinmobiliario.com/MLC-2035140049-departamento-en-san-miguel-_JM
BAJA,4145328670,"Departamento San Miguel Remodelado,  Condominio, Gym, Y Más",san-miguel,departamento,arriendo,10.53,430000.0,60,60,2,1,nombre_de_proyecto,https://portalinmobiliario.com/MLC-4145328670-departamento-san-miguel-remodelado-condominio-gym-y-mas-_JM
BAJA,4235152744,"Hermoso, Barrio El Llano",san-miguel,departamento,arriendo,9.79,400000.0,40,40,1,1,nombre_de_proyecto,https://portalinmobiliario.com/MLC-4235152744-hermoso-barrio-el-llano-_JM
BAJA,4246175302,Amplia Casa De 4 Dormitorios En Excelente Ubicación De Macul,macul,casa,arriendo,,1100000.0,100,,4,2,firma_5_campos_vacios,https://portalinmobiliario.com/MLC-4246175302-amplia-casa-de-4-dormitorios-en-excelente-ubicacion-de-macul-_JM
BAJA,4243839736,Departamento Avenida Macul Id: 175506,macul,departamento,arriendo,,550000.0,55,,2,2,firma_5_campos_vacios,https://portalinmobiliario.com/MLC-4243839736-departamento-avenida-macul-id-175506-_JM
BAJA,2089682317,Departamento En Arriendo De 1 Dorm. En Macul,macul,departamento,arriendo,,410000.0,40,,1,1,firma_5_campos_vacios,https://portalinmobiliario.com/MLC-2089682317-departamento-en-arriendo-de-1-dorm-en-macul-_JM
BAJA,2013006515,Arriendo Departamento Nuevo Metro Macul A Pasos,macul,departamento,arriendo,,400000.0,60,,1,1,firma_5_campos_vacios,https://portalinmobiliario.com/MLC-2013006515-arriendo-departamento-nuevo-metro-macul-a-pasos-_JM
BAJA,4243844878,"Quilín 3127 - Departamento 2d2b(4c), Macul",macul,departamento,arriendo,,473636.0,54,,2,2,firma_5_campos_vacios,https://portalinmobiliario.com/MLC-4243844878-quilin-3127-departamento-2d2b4c-macul-_JM
BAJA,2091480161,Se Arrenda Dpto.  1d1b+ Eb/ Exequiel Fernandez,macul,departamento,arriendo,,420000.0,36,,1,1,firma_5_campos_vacios,https://portalinmobiliario.com/MLC-2091480161-se-arrenda-dpto-1d1b-eb-exequiel-fernandez-_JM
BAJA,2092299947,Arriendo Amoblado A Estrenar - 2d-2b,macul,departamento,arriendo,,480000.0,46,,2,2,firma_5_campos_vacios,https://portalinmobiliario.com/MLC-2092299947-arriendo-amoblado-a-estrenar-2d-2b-_JM
BAJA,4248042710,"Quilín 3127 - Departamento 1d1b, Macul",macul,departamento,arriendo,,370299.0,37,,1,1,firma_5_campos_vacios,https://portalinmobiliario.com/MLC-4248042710-quilin-3127-departamento-1d1b-macul-_JM
BAJA,2091480721,Departamento Estudio Amoblado Metro Macul Clinica Bupa,macul,departamento,arriendo,,390000.0,24,,1,1,firma_5_campos_vacios,https://portalinmobiliario.com/MLC-2091480721-departamento-estudio-amoblado-metro-macul-clinica-bupa-_JM
BAJA,2091480271,Arriendo Macul 2 Dormitorios 2 Baños,macul,departamento,arriendo,,540000.0,67,,2,2,firma_5_campos_vacios,https://portalinmobiliario.com/MLC-2091480271-arriendo-macul-2-dormitorios-2-banos-_JM
BAJA,4248043594,Se Arrienda Dpto 1d1b Amoblado Cercano A Metro Carlos Valdov,macul,departamento,arriendo,,390000.0,35,,1,1,firma_5_campos_vacios,https://portalinmobiliario.com/MLC-4248043594-se-arrienda-dpto-1d1b-amoblado-cercano-a-metro-carlos-valdov-_JM
BAJA,4246174702,Amplio Departamento Estilo Mariposa | 2d + 2b + E + B,macul,departamento,arriendo,,490000.0,51,,2,2,firma_5_campos_vacios,https://portalinmobiliario.com/MLC-4246174702-amplio-departamento-estilo-mariposa-2d-2b-e-b-_JM
BAJA,2091974375,Departamento En Arriendo En Barrio Cívico Macul,macul,departamento,arriendo,,360000.0,32,,1,1,firma_5_campos_vacios,https://portalinmobiliario.com/MLC-2091974375-departamento-en-arriendo-en-barrio-civico-macul-_JM
BAJA,4248046170,Amplio Depto Remodelado 3d2b | Macul,macul,departamento,arriendo,,600000.0,67,,3,2,firma_5_campos_vacios,https://portalinmobiliario.com/MLC-4248046170-amplio-depto-remodelado-3d2b-macul-_JM
BAJA,2091973459,Dpto Semi Nuevo Estilo Mariposa,macul,departamento,arriendo,,500000.0,55,,2,2,firma_5_campos_vacios,https://portalinmobiliario.com/MLC-2091973459-dpto-semi-nuevo-estilo-mariposa-_JM
BAJA,4244618790,Arriendo Departamento La Florida 2d 2 B C/ Est. Subterráneo,la-florida,departamento,arriendo,,550000.0,50,,2,2,firma_5_campos_vacios,https://portalinmobiliario.com/MLC-4244618790-arriendo-departamento-la-florida-2d-2-b-c-est-subterraneo-_JM
BAJA,4244628664,Se Arrienda Departamento 1d/1b En Lía Aguirre 95,la-florida,departamento,arriendo,,320000.0,36,,1,1,firma_5_campos_vacios,https://portalinmobiliario.com/MLC-4244628664-se-arrienda-departamento-1d1b-en-lia-aguirre-95-_JM
BAJA,2089683403,Departamento En Arriendo De 3 Dorm. En La Florida,la-florida,departamento,arriendo,,520000.0,68,,3,2,firma_5_campos_vacios,https://portalinmobiliario.com/MLC-2089683403-departamento-en-arriendo-de-3-dorm-en-la-florida-_JM
BAJA,4243844764,La Florida. Paso El Roble 50. Arriendo 2d2b,la-florida,departamento,arriendo,,466000.0,45,,2,2,firma_5_campos_vacios,https://portalinmobiliario.com/MLC-4243844764-la-florida-paso-el-roble-50-arriendo-2d2b-_JM
BAJA,2089683413,Paso El Roble 50. La Florida. Arriendo 1d1b,la-florida,departamento,arriendo,,370000.0,31,,1,1,firma_5_campos_vacios,https://portalinmobiliario.com/MLC-2089683413-paso-el-roble-50-la-florida-arriendo-1d1b-_JM
BAJA,4244617554,Departamento Ejecutivo: Estilo Y Ubicación!,la-florida,departamento,arriendo,,380000.0,33,,1,1,firma_5_campos_vacios,https://portalinmobiliario.com/MLC-4244617554-departamento-ejecutivo-estilo-y-ubicacion-_JM
BAJA,4244617474,Departamento En La Florida 2d 2b Y Estacionamiento,la-florida,departamento,arriendo,,575000.0,65,,2,2,firma_5_campos_vacios,https://portalinmobiliario.com/MLC-4244617474-departamento-en-la-florida-2d-2b-y-estacionamiento-_JM
BAJA,2089681127,Departamento En Avd. La Florida.  Comuna La Florida.,la-florida,departamento,arriendo,,500000.0,56,,3,1,firma_5_campos_vacios,https://portalinmobiliario.com/MLC-2089681127-departamento-en-avd-la-florida-comuna-la-florida-_JM
BAJA,2034879273,Arriendo Depto En Gerónimo De Alderete Con Av. La Florida,la-florida,departamento,arriendo,,650000.0,53,,2,2,firma_5_campos_vacios,https://portalinmobiliario.com/MLC-2034879273-arriendo-depto-en-geronimo-de-alderete-con-av-la-florida-_JM
BAJA,2089682509,Hermoso Depto A Pasos Del Metro Bellavista La Florida,la-florida,departamento,arriendo,,370000.0,36,,1,1,firma_5_campos_vacios,https://portalinmobiliario.com/MLC-2089682509-hermoso-depto-a-pasos-del-metro-bellavista-la-florida-_JM
BAJA,2089679831,Depto Nuevo A Pasos De  Mall Florida Cententer,la-florida,departamento,arriendo,,350000.0,30,,1,1,firma_5_campos_vacios,https://portalinmobiliario.com/MLC-2089679831-depto-nuevo-a-pasos-de-mall-florida-cententer-_JM
BAJA,4243843328,Departamento En La Florida | 2d/1b + Estacionamiento,la-florida,departamento,arriendo,,500000.0,65,,2,1,firma_5_campos_vacios,https://portalinmobiliario.com/MLC-4243843328-departamento-en-la-florida-2d1b-estacionamiento-_JM
BAJA,4247391962,Departamento Maria Elena Id: 99527,la-florida,departamento,arriendo,,500000.0,60,,3,2,firma_5_campos_vacios,https://portalinmobiliario.com/MLC-4247391962-departamento-maria-elena-id-99527-_JM
BAJA,2092196793,Hermoso Departamento En Arriendo La Florida,la-florida,departamento,arriendo,,550000.0,56,,2,2,firma_5_campos_vacios,https://portalinmobiliario.com/MLC-2092196793-hermoso-departamento-en-arriendo-la-florida-_JM
BAJA,2092301317,"Inglaterra 59 - Departamento Studio, La Florida",la-florida,departamento,arriendo,,329127.0,32,,1,1,firma_5_campos_vacios,https://portalinmobiliario.com/MLC-2092301317-inglaterra-59-departamento-studio-la-florida-_JM
BAJA,4246173962,Arriendo Amplio Departamento 3d &#43; 2b Estacionamiento &#4,la-florida,departamento,arriendo,,850000.0,9002,,3,2,firma_5_campos_vacios,https://portalinmobiliario.com/MLC-4246173962-arriendo-amplio-departamento-3d-43-2b-estacionamiento-4-_JM
BAJA,2092194289,Mirador. Florida Center 2d 1b,la-florida,departamento,arriendo,,430000.0,53,,2,1,firma_5_campos_vacios,https://portalinmobiliario.com/MLC-2092194289-mirador-florida-center-2d-1b-_JM
BAJA,2092205517,Departamento En Arriendo De 1 Dorm. 1 Baño En Cerrillos,la-florida,departamento,arriendo,,350000.0,,,1,1,firma_5_campos_vacios,https://portalinmobiliario.com/MLC-2092205517-departamento-en-arriendo-de-1-dorm-1-bano-en-cerrillos-_JM
BAJA,4247390478,Se Arrienda Dpto 2d1b Frente A Metro Bellavista De La Florid,la-florida,departamento,arriendo,,499000.0,42,,2,1,firma_5_campos_vacios,https://portalinmobiliario.com/MLC-4247390478-se-arrienda-dpto-2d1b-frente-a-metro-bellavista-de-la-florid-_JM
BAJA,4247390096,Arriendo Departamento 1hab 1ba La Florida,la-florida,departamento,arriendo,,310000.0,23,,1,1,firma_5_campos_vacios,https://portalinmobiliario.com/MLC-4247390096-arriendo-departamento-1hab-1ba-la-florida-_JM
BAJA,2091976811,Arriendo Departamento 1d1b Frente A Hospital La Florida,la-florida,departamento,arriendo,,380000.0,35,,1,1,firma_5_campos_vacios,https://portalinmobiliario.com/MLC-2091976811-arriendo-departamento-1d1b-frente-a-hospital-la-florida-_JM
BAJA,4247388420,Av. Departamental 1475 - 2d - 2b,la-florida,departamento,arriendo,,450000.0,60,,2,2,firma_5_campos_vacios,https://portalinmobiliario.com/MLC-4247388420-av-departamental-1475-2d-2b-_JM
BAJA,2091982155,Arriendo Departamento Studio Con Balcón Nueva Uno La Florida,la-florida,departamento,arriendo,,310000.0,,,,1,firma_5_campos_vacios,https://portalinmobiliario.com/MLC-2091982155-arriendo-departamento-studio-con-balcon-nueva-uno-la-florida-_JM
BAJA,2092205509,"Depto. Amoblado 1d+1b, Metro Bellavista La Florida",la-florida,departamento,arriendo,,380000.0,34,,1,1,firma_5_campos_vacios,https://portalinmobiliario.com/MLC-2092205509-depto-amoblado-1d1b-metro-bellavista-la-florida-_JM
BAJA,2091983849,Depto. 2d/2b Con Estacionamiento Y Bodega En La Florida,la-florida,departamento,arriendo,,550000.0,50,,2,2,firma_5_campos_vacios,https://portalinmobiliario.com/MLC-2091983849-depto-2d2b-con-estacionamiento-y-bodega-en-la-florida-_JM
BAJA,2091480239,Arriendo Depto Nuevo En La Florida,la-florida,departamento,arriendo,,580000.0,5284,,2,2,firma_5_campos_vacios,https://portalinmobiliario.com/MLC-2091480239-arriendo-depto-nuevo-en-la-florida-_JM
BAJA,4246174840,Departamento 3 D 2b +est Y Bod,la-florida,departamento,arriendo,,800000.0,88,,3,2,firma_5_campos_vacios,https://portalinmobiliario.com/MLC-4246174840-departamento-3-d-2b-est-y-bod-_JM
BAJA,2091981369,Excelente Ubicación A 5 Minutos Caminando Metro Mirador,la-florida,departamento,arriendo,,400000.0,33,,1,1,firma_5_campos_vacios,https://portalinmobiliario.com/MLC-2091981369-excelente-ubicacion-a-5-minutos-caminando-metro-mirador-_JM
BAJA,2091976093,"Moderno Departamento 2d + 2b, Con Estacionamiento Y Bodega",la-florida,departamento,arriendo,,650000.0,52,,2,2,firma_5_campos_vacios,https://portalinmobiliario.com/MLC-2091976093-moderno-departamento-2d-2b-con-estacionamiento-y-bodega-_JM
